id,text,service,parent_topic_id,parent_topic,query_topic_id,query_topic,priority,language_style,privacy_present,privacy_types,source_type,parent_query_id,difficulty,is_ood,annotation_notes
OODQ_0001,খতিয়ান বিষয়ে সরকারি সেবা কোথায় পাব?,OOD,OOD_LAND_RECORDS,Land Records,OOD_LAND_RECORDS,Land Records,Low,Formal,FALSE,,SYNTHETIC,OOD_LAND_RECORDS_F01,Easy,TRUE,Synthetic safe OOD example; outside the six supported production services.
OODQ_0002,খতিয়ান নিয়ে একটু help দরকার।,OOD,OOD_LAND_RECORDS,Land Records,OOD_LAND_RECORDS,Land Records,Low,Informal,FALSE,,PARAPHRASED,OOD_LAND_RECORDS_F01,Medium,TRUE,Synthetic safe OOD example; outside the six supported production services.
OODQ_0003,খতিয়ান service er information kivabe janbo?,OOD,OOD_LAND_RECORDS,Land Records,OOD_LAND_RECORDS,Land Records,Low,Mixed,FALSE,,PARAPHRASED,OOD_LAND_RECORDS_F01,Hard,TRUE,Synthetic safe OOD example; outside the six supported production services.
OODQ_0004,নামজারি বিষয়ে সরকারি সেবা কোথায় পাব?,OOD,OOD_LAND_RECORDS,Land Records,OOD_LAND_RECORDS,Land Records,Low,Formal,FALSE,,SYNTHETIC,OOD_LAND_RECORDS_F02,Easy,TRUE,Synthetic safe OOD example; outside the six supported production services.
OODQ_0005,নামজারি নিয়ে একটু help দরকার।,OOD,OOD_LAND_RECORDS,Land Records,OOD_LAND_RECORDS,Land Records,Low,Informal,FALSE,,PARAPHRASED,OOD_LAND_RECORDS_F02,Medium,TRUE,Synthetic safe OOD example; outside the six supported production services.
OODQ_0006,নামজারি service er information kivabe janbo?,OOD,OOD_LAND_RECORDS,Land Records,OOD_LAND_RECORDS,Land Records,Low,Mixed,FALSE,,PARAPHRASED,OOD_LAND_RECORDS_F02,Hard,TRUE,Synthetic safe OOD example; outside the six supported production services.
OODQ_0007,ভূমি কর বিষয়ে সরকারি সেবা কোথায় পাব?,OOD,OOD_LAND_RECORDS,Land Records,OOD_LAND_RECORDS,Land Records,Low,Formal,FALSE,,SYNTHETIC,OOD_LAND_RECORDS_F03,Easy,TRUE,Synthetic safe OOD example; outside the six supported production services.
OODQ_0008,ভূমি কর নিয়ে একটু help দরকার।,OOD,OOD_LAND_RECORDS,Land Records,OOD_LAND_RECORDS,Land Records,Low,Informal,FALSE,,PARAPHRASED,OOD_LAND_RECORDS_F03,Medium,TRUE,Synthetic safe OOD example; outside the six supported production services.
OODQ_0009,ভূমি কর service er information kivabe janbo?,OOD,OOD_LAND_RECORDS,Land Records,OOD_LAND_RECORDS,Land Records,Low,Mixed,FALSE,,PARAPHRASED,OOD_LAND_RECORDS_F03,Hard,TRUE,Synthetic safe OOD example; outside the six supported production services.
OODQ_0010,দাগ নম্বর বিষয়ে সরকারি সেবা কোথায় পাব?,OOD,OOD_LAND_RECORDS,Land Records,OOD_LAND_RECORDS,Land Records,Low,Formal,FALSE,,SYNTHETIC,OOD_LAND_RECORDS_F04,Easy,TRUE,Synthetic safe OOD example; outside the six supported production services.
OODQ_0011,দাগ নম্বর নিয়ে একটু help দরকার।,OOD,OOD_LAND_RECORDS,Land Records,OOD_LAND_RECORDS,Land Records,Low,Informal,FALSE,,PARAPHRASED,OOD_LAND_RECORDS_F04,Medium,TRUE,Synthetic safe OOD example; outside the six supported production services.
OODQ_0012,দাগ নম্বর service er information kivabe janbo?,OOD,OOD_LAND_RECORDS,Land Records,OOD_LAND_RECORDS,Land Records,Low,Mixed,FALSE,,PARAPHRASED,OOD_LAND_RECORDS_F04,Hard,TRUE,Synthetic safe OOD example; outside the six supported production services.
OODQ_0013,জমির নকশা বিষয়ে সরকারি সেবা কোথায় পাব?,OOD,OOD_LAND_RECORDS,Land Records,OOD_LAND_RECORDS,Land Records,Low,Formal,FALSE,,SYNTHETIC,OOD_LAND_RECORDS_F05,Easy,TRUE,Synthetic safe OOD example; outside the six supported production services.
OODQ_0014,জমির নকশা নিয়ে একটু help দরকার।,OOD,OOD_LAND_RECORDS,Land Records,OOD_LAND_RECORDS,Land Records,Low,Informal,FALSE,,PARAPHRASED,OOD_LAND_RECORDS_F05,Medium,TRUE,Synthetic safe OOD example; outside the six supported production services.
OODQ_0015,জমির নকশা service er information kivabe janbo?,OOD,OOD_LAND_RECORDS,Land Records,OOD_LAND_RECORDS,Land Records,Low,Mixed,FALSE,,PARAPHRASED,OOD_LAND_RECORDS_F05,Hard,TRUE,Synthetic safe OOD example; outside the six supported production services.
OODQ_0016,মৌজা বিষয়ে সরকারি সেবা কোথায় পাব?,OOD,OOD_LAND_RECORDS,Land Records,OOD_LAND_RECORDS,Land Records,Low,Formal,FALSE,,SYNTHETIC,OOD_LAND_RECORDS_F06,Easy,TRUE,Synthetic safe OOD example; outside the six supported production services.
OODQ_0017,মৌজা নিয়ে একটু help দরকার।,OOD,OOD_LAND_RECORDS,Land Records,OOD_LAND_RECORDS,Land Records,Low,Informal,FALSE,,PARAPHRASED,OOD_LAND_RECORDS_F06,Medium,TRUE,Synthetic safe OOD example; outside the six supported production services.
OODQ_0018,মৌজা service er information kivabe janbo?,OOD,OOD_LAND_RECORDS,Land Records,OOD_LAND_RECORDS,Land Records,Low,Mixed,FALSE,,PARAPHRASED,OOD_LAND_RECORDS_F06,Hard,TRUE,Synthetic safe OOD example; outside the six supported production services.
OODQ_0019,দলিল বিষয়ে সরকারি সেবা কোথায় পাব?,OOD,OOD_LAND_RECORDS,Land Records,OOD_LAND_RECORDS,Land Records,Low,Formal,FALSE,,SYNTHETIC,OOD_LAND_RECORDS_F07,Easy,TRUE,Synthetic safe OOD example; outside the six supported production services.
OODQ_0020,দলিল নিয়ে একটু help দরকার।,OOD,OOD_LAND_RECORDS,Land Records,OOD_LAND_RECORDS,Land Records,Low,Informal,FALSE,,PARAPHRASED,OOD_LAND_RECORDS_F07,Medium,TRUE,Synthetic safe OOD example; outside the six supported production services.
OODQ_0021,দলিল service er information kivabe janbo?,OOD,OOD_LAND_RECORDS,Land Records,OOD_LAND_RECORDS,Land Records,Low,Mixed,FALSE,,PARAPHRASED,OOD_LAND_RECORDS_F07,Hard,TRUE,Synthetic safe OOD example; outside the six supported production services.
OODQ_0022,ভূমি আপিল বিষয়ে সরকারি সেবা কোথায় পাব?,OOD,OOD_LAND_RECORDS,Land Records,OOD_LAND_RECORDS,Land Records,Low,Formal,FALSE,,SYNTHETIC,OOD_LAND_RECORDS_F08,Easy,TRUE,Synthetic safe OOD example; outside the six supported production services.
OODQ_0023,ভূমি আপিল নিয়ে একটু help দরকার।,OOD,OOD_LAND_RECORDS,Land Records,OOD_LAND_RECORDS,Land Records,Low,Informal,FALSE,,PARAPHRASED,OOD_LAND_RECORDS_F08,Medium,TRUE,Synthetic safe OOD example; outside the six supported production services.
OODQ_0024,ভূমি আপিল service er information kivabe janbo?,OOD,OOD_LAND_RECORDS,Land Records,OOD_LAND_RECORDS,Land Records,Low,Mixed,FALSE,,PARAPHRASED,OOD_LAND_RECORDS_F08,Hard,TRUE,Synthetic safe OOD example; outside the six supported production services.
OODQ_0025,জমি পরিমাপ বিষয়ে সরকারি সেবা কোথায় পাব?,OOD,OOD_LAND_RECORDS,Land Records,OOD_LAND_RECORDS,Land Records,Low,Formal,FALSE,,SYNTHETIC,OOD_LAND_RECORDS_F09,Easy,TRUE,Synthetic safe OOD example; outside the six supported production services.
OODQ_0026,জমি পরিমাপ নিয়ে একটু help দরকার।,OOD,OOD_LAND_RECORDS,Land Records,OOD_LAND_RECORDS,Land Records,Low,Informal,FALSE,,PARAPHRASED,OOD_LAND_RECORDS_F09,Medium,TRUE,Synthetic safe OOD example; outside the six supported production services.
OODQ_0027,জমি পরিমাপ service er information kivabe janbo?,OOD,OOD_LAND_RECORDS,Land Records,OOD_LAND_RECORDS,Land Records,Low,Mixed,FALSE,,PARAPHRASED,OOD_LAND_RECORDS_F09,Hard,TRUE,Synthetic safe OOD example; outside the six supported production services.
OODQ_0028,খাস জমি বিষয়ে সরকারি সেবা কোথায় পাব?,OOD,OOD_LAND_RECORDS,Land Records,OOD_LAND_RECORDS,Land Records,Low,Formal,FALSE,,SYNTHETIC,OOD_LAND_RECORDS_F10,Easy,TRUE,Synthetic safe OOD example; outside the six supported production services.
OODQ_0029,খাস জমি নিয়ে একটু help দরকার।,OOD,OOD_LAND_RECORDS,Land Records,OOD_LAND_RECORDS,Land Records,Low,Informal,FALSE,,PARAPHRASED,OOD_LAND_RECORDS_F10,Medium,TRUE,Synthetic safe OOD example; outside the six supported production services.
OODQ_0030,খাস জমি service er information kivabe janbo?,OOD,OOD_LAND_RECORDS,Land Records,OOD_LAND_RECORDS,Land Records,Low,Mixed,FALSE,,PARAPHRASED,OOD_LAND_RECORDS_F10,Hard,TRUE,Synthetic safe OOD example; outside the six supported production services.
OODQ_0031,বিদ্যুৎ বিল বিষয়ে সরকারি সেবা কোথায় পাব?,OOD,OOD_UTILITY,Utility,OOD_UTILITY,Utility,Low,Formal,FALSE,,SYNTHETIC,OOD_UTILITY_F01,Easy,TRUE,Synthetic safe OOD example; outside the six supported production services.
OODQ_0032,বিদ্যুৎ বিল নিয়ে একটু help দরকার।,OOD,OOD_UTILITY,Utility,OOD_UTILITY,Utility,Low,Informal,FALSE,,PARAPHRASED,OOD_UTILITY_F01,Medium,TRUE,Synthetic safe OOD example; outside the six supported production services.
OODQ_0033,বিদ্যুৎ বিল service er information kivabe janbo?,OOD,OOD_UTILITY,Utility,OOD_UTILITY,Utility,Low,Mixed,FALSE,,PARAPHRASED,OOD_UTILITY_F01,Hard,TRUE,Synthetic safe OOD example; outside the six supported production services.
OODQ_0034,গ্যাস সংযোগ বিষয়ে সরকারি সেবা কোথায় পাব?,OOD,OOD_UTILITY,Utility,OOD_UTILITY,Utility,Low,Formal,FALSE,,SYNTHETIC,OOD_UTILITY_F02,Easy,TRUE,Synthetic safe OOD example; outside the six supported production services.
OODQ_0035,গ্যাস সংযোগ নিয়ে একটু help দরকার।,OOD,OOD_UTILITY,Utility,OOD_UTILITY,Utility,Low,Informal,FALSE,,PARAPHRASED,OOD_UTILITY_F02,Medium,TRUE,Synthetic safe OOD example; outside the six supported production services.
OODQ_0036,গ্যাস সংযোগ service er information kivabe janbo?,OOD,OOD_UTILITY,Utility,OOD_UTILITY,Utility,Low,Mixed,FALSE,,PARAPHRASED,OOD_UTILITY_F02,Hard,TRUE,Synthetic safe OOD example; outside the six supported production services.
OODQ_0037,পানি বিল বিষয়ে সরকারি সেবা কোথায় পাব?,OOD,OOD_UTILITY,Utility,OOD_UTILITY,Utility,Low,Formal,FALSE,,SYNTHETIC,OOD_UTILITY_F03,Easy,TRUE,Synthetic safe OOD example; outside the six supported production services.
OODQ_0038,পানি বিল নিয়ে একটু help দরকার।,OOD,OOD_UTILITY,Utility,OOD_UTILITY,Utility,Low,Informal,FALSE,,PARAPHRASED,OOD_UTILITY_F03,Medium,TRUE,Synthetic safe OOD example; outside the six supported production services.
OODQ_0039,পানি বিল service er information kivabe janbo?,OOD,OOD_UTILITY,Utility,OOD_UTILITY,Utility,Low,Mixed,FALSE,,PARAPHRASED,OOD_UTILITY_F03,Hard,TRUE,Synthetic safe OOD example; outside the six supported production services.
OODQ_0040,মিটার বিষয়ে সরকারি সেবা কোথায় পাব?,OOD,OOD_UTILITY,Utility,OOD_UTILITY,Utility,Low,Formal,FALSE,,SYNTHETIC,OOD_UTILITY_F04,Easy,TRUE,Synthetic safe OOD example; outside the six supported production services.
OODQ_0041,মিটার নিয়ে একটু help দরকার।,OOD,OOD_UTILITY,Utility,OOD_UTILITY,Utility,Low,Informal,FALSE,,PARAPHRASED,OOD_UTILITY_F04,Medium,TRUE,Synthetic safe OOD example; outside the six supported production services.
OODQ_0042,মিটার service er information kivabe janbo?,OOD,OOD_UTILITY,Utility,OOD_UTILITY,Utility,Low,Mixed,FALSE,,PARAPHRASED,OOD_UTILITY_F04,Hard,TRUE,Synthetic safe OOD example; outside the six supported production services.
OODQ_0043,লোডশেডিং বিষয়ে সরকারি সেবা কোথায় পাব?,OOD,OOD_UTILITY,Utility,OOD_UTILITY,Utility,Low,Formal,FALSE,,SYNTHETIC,OOD_UTILITY_F05,Easy,TRUE,Synthetic safe OOD example; outside the six supported production services.
OODQ_0044,লোডশেডিং নিয়ে একটু help দরকার।,OOD,OOD_UTILITY,Utility,OOD_UTILITY,Utility,Low,Informal,FALSE,,PARAPHRASED,OOD_UTILITY_F05,Medium,TRUE,Synthetic safe OOD example; outside the six supported production services.
OODQ_0045,লোডশেডিং service er information kivabe janbo?,OOD,OOD_UTILITY,Utility,OOD_UTILITY,Utility,Low,Mixed,FALSE,,PARAPHRASED,OOD_UTILITY_F05,Hard,TRUE,Synthetic safe OOD example; outside the six supported production services.
OODQ_0046,পয়ঃনিষ্কাশন বিষয়ে সরকারি সেবা কোথায় পাব?,OOD,OOD_UTILITY,Utility,OOD_UTILITY,Utility,Low,Formal,FALSE,,SYNTHETIC,OOD_UTILITY_F06,Easy,TRUE,Synthetic safe OOD example; outside the six supported production services.
OODQ_0047,পয়ঃনিষ্কাশন নিয়ে একটু help দরকার।,OOD,OOD_UTILITY,Utility,OOD_UTILITY,Utility,Low,Informal,FALSE,,PARAPHRASED,OOD_UTILITY_F06,Medium,TRUE,Synthetic safe OOD example; outside the six supported production services.
OODQ_0048,পয়ঃনিষ্কাশন service er information kivabe janbo?,OOD,OOD_UTILITY,Utility,OOD_UTILITY,Utility,Low,Mixed,FALSE,,PARAPHRASED,OOD_UTILITY_F06,Hard,TRUE,Synthetic safe OOD example; outside the six supported production services.
OODQ_0049,লাইন মেরামত বিষয়ে সরকারি সেবা কোথায় পাব?,OOD,OOD_UTILITY,Utility,OOD_UTILITY,Utility,Low,Formal,FALSE,,SYNTHETIC,OOD_UTILITY_F07,Easy,TRUE,Synthetic safe OOD example; outside the six supported production services.
OODQ_0050,লাইন মেরামত নিয়ে একটু help দরকার।,OOD,OOD_UTILITY,Utility,OOD_UTILITY,Utility,Low,Informal,FALSE,,PARAPHRASED,OOD_UTILITY_F07,Medium,TRUE,Synthetic safe OOD example; outside the six supported production services.
OODQ_0051,লাইন মেরামত service er information kivabe janbo?,OOD,OOD_UTILITY,Utility,OOD_UTILITY,Utility,Low,Mixed,FALSE,,PARAPHRASED,OOD_UTILITY_F07,Hard,TRUE,Synthetic safe OOD example; outside the six supported production services.
OODQ_0052,বিল সংশোধন বিষয়ে সরকারি সেবা কোথায় পাব?,OOD,OOD_UTILITY,Utility,OOD_UTILITY,Utility,Low,Formal,FALSE,,SYNTHETIC,OOD_UTILITY_F08,Easy,TRUE,Synthetic safe OOD example; outside the six supported production services.
OODQ_0053,বিল সংশোধন নিয়ে একটু help দরকার।,OOD,OOD_UTILITY,Utility,OOD_UTILITY,Utility,Low,Informal,FALSE,,PARAPHRASED,OOD_UTILITY_F08,Medium,TRUE,Synthetic safe OOD example; outside the six supported production services.
OODQ_0054,বিল সংশোধন service er information kivabe janbo?,OOD,OOD_UTILITY,Utility,OOD_UTILITY,Utility,Low,Mixed,FALSE,,PARAPHRASED,OOD_UTILITY_F08,Hard,TRUE,Synthetic safe OOD example; outside the six supported production services.
OODQ_0055,নতুন সংযোগ বিষয়ে সরকারি সেবা কোথায় পাব?,OOD,OOD_UTILITY,Utility,OOD_UTILITY,Utility,Low,Formal,FALSE,,SYNTHETIC,OOD_UTILITY_F09,Easy,TRUE,Synthetic safe OOD example; outside the six supported production services.
OODQ_0056,নতুন সংযোগ নিয়ে একটু help দরকার।,OOD,OOD_UTILITY,Utility,OOD_UTILITY,Utility,Low,Informal,FALSE,,PARAPHRASED,OOD_UTILITY_F09,Medium,TRUE,Synthetic safe OOD example; outside the six supported production services.
OODQ_0057,নতুন সংযোগ service er information kivabe janbo?,OOD,OOD_UTILITY,Utility,OOD_UTILITY,Utility,Low,Mixed,FALSE,,PARAPHRASED,OOD_UTILITY_F09,Hard,TRUE,Synthetic safe OOD example; outside the six supported production services.
OODQ_0058,ইউটিলিটি অভিযোগ বিষয়ে সরকারি সেবা কোথায় পাব?,OOD,OOD_UTILITY,Utility,OOD_UTILITY,Utility,Low,Formal,FALSE,,SYNTHETIC,OOD_UTILITY_F10,Easy,TRUE,Synthetic safe OOD example; outside the six supported production services.
OODQ_0059,ইউটিলিটি অভিযোগ নিয়ে একটু help দরকার।,OOD,OOD_UTILITY,Utility,OOD_UTILITY,Utility,Low,Informal,FALSE,,PARAPHRASED,OOD_UTILITY_F10,Medium,TRUE,Synthetic safe OOD example; outside the six supported production services.
OODQ_0060,ইউটিলিটি অভিযোগ service er information kivabe janbo?,OOD,OOD_UTILITY,Utility,OOD_UTILITY,Utility,Low,Mixed,FALSE,,PARAPHRASED,OOD_UTILITY_F10,Hard,TRUE,Synthetic safe OOD example; outside the six supported production services.
OODQ_0061,বিশ্ববিদ্যালয় ভর্তি বিষয়ে সরকারি সেবা কোথায় পাব?,OOD,OOD_EDUCATION,Education,OOD_EDUCATION,Education,Low,Formal,FALSE,,SYNTHETIC,OOD_EDUCATION_F01,Easy,TRUE,Synthetic safe OOD example; outside the six supported production services.
OODQ_0062,বিশ্ববিদ্যালয় ভর্তি নিয়ে একটু help দরকার।,OOD,OOD_EDUCATION,Education,OOD_EDUCATION,Education,Low,Informal,FALSE,,PARAPHRASED,OOD_EDUCATION_F01,Medium,TRUE,Synthetic safe OOD example; outside the six supported production services.
OODQ_0063,বিশ্ববিদ্যালয় ভর্তি service er information kivabe janbo?,OOD,OOD_EDUCATION,Education,OOD_EDUCATION,Education,Low,Mixed,FALSE,,PARAPHRASED,OOD_EDUCATION_F01,Hard,TRUE,Synthetic safe OOD example; outside the six supported production services.
OODQ_0064,পরীক্ষার ফল বিষয়ে সরকারি সেবা কোথায় পাব?,OOD,OOD_EDUCATION,Education,OOD_EDUCATION,Education,Low,Formal,FALSE,,SYNTHETIC,OOD_EDUCATION_F02,Easy,TRUE,Synthetic safe OOD example; outside the six supported production services.
OODQ_0065,পরীক্ষার ফল নিয়ে একটু help দরকার।,OOD,OOD_EDUCATION,Education,OOD_EDUCATION,Education,Low,Informal,FALSE,,PARAPHRASED,OOD_EDUCATION_F02,Medium,TRUE,Synthetic safe OOD example; outside the six supported production services.
OODQ_0066,পরীক্ষার ফল service er information kivabe janbo?,OOD,OOD_EDUCATION,Education,OOD_EDUCATION,Education,Low,Mixed,FALSE,,PARAPHRASED,OOD_EDUCATION_F02,Hard,TRUE,Synthetic safe OOD example; outside the six supported production services.
OODQ_0067,বৃত্তি বিষয়ে সরকারি সেবা কোথায় পাব?,OOD,OOD_EDUCATION,Education,OOD_EDUCATION,Education,Low,Formal,FALSE,,SYNTHETIC,OOD_EDUCATION_F03,Easy,TRUE,Synthetic safe OOD example; outside the six supported production services.
OODQ_0068,বৃত্তি নিয়ে একটু help দরকার।,OOD,OOD_EDUCATION,Education,OOD_EDUCATION,Education,Low,Informal,FALSE,,PARAPHRASED,OOD_EDUCATION_F03,Medium,TRUE,Synthetic safe OOD example; outside the six supported production services.
OODQ_0069,বৃত্তি service er information kivabe janbo?,OOD,OOD_EDUCATION,Education,OOD_EDUCATION,Education,Low,Mixed,FALSE,,PARAPHRASED,OOD_EDUCATION_F03,Hard,TRUE,Synthetic safe OOD example; outside the six supported production services.
OODQ_0070,সনদ উত্তোলন বিষয়ে সরকারি সেবা কোথায় পাব?,OOD,OOD_EDUCATION,Education,OOD_EDUCATION,Education,Low,Formal,FALSE,,SYNTHETIC,OOD_EDUCATION_F04,Easy,TRUE,Synthetic safe OOD example; outside the six supported production services.
OODQ_0071,সনদ উত্তোলন নিয়ে একটু help দরকার।,OOD,OOD_EDUCATION,Education,OOD_EDUCATION,Education,Low,Informal,FALSE,,PARAPHRASED,OOD_EDUCATION_F04,Medium,TRUE,Synthetic safe OOD example; outside the six supported production services.
OODQ_0072,সনদ উত্তোলন service er information kivabe janbo?,OOD,OOD_EDUCATION,Education,OOD_EDUCATION,Education,Low,Mixed,FALSE,,PARAPHRASED,OOD_EDUCATION_F04,Hard,TRUE,Synthetic safe OOD example; outside the six supported production services.
OODQ_0073,স্কুল বদলি বিষয়ে সরকারি সেবা কোথায় পাব?,OOD,OOD_EDUCATION,Education,OOD_EDUCATION,Education,Low,Formal,FALSE,,SYNTHETIC,OOD_EDUCATION_F05,Easy,TRUE,Synthetic safe OOD example; outside the six supported production services.
OODQ_0074,স্কুল বদলি নিয়ে একটু help দরকার।,OOD,OOD_EDUCATION,Education,OOD_EDUCATION,Education,Low,Informal,FALSE,,PARAPHRASED,OOD_EDUCATION_F05,Medium,TRUE,Synthetic safe OOD example; outside the six supported production services.
OODQ_0075,স্কুল বদলি service er information kivabe janbo?,OOD,OOD_EDUCATION,Education,OOD_EDUCATION,Education,Low,Mixed,FALSE,,PARAPHRASED,OOD_EDUCATION_F05,Hard,TRUE,Synthetic safe OOD example; outside the six supported production services.
OODQ_0076,বোর্ড পরীক্ষা বিষয়ে সরকারি সেবা কোথায় পাব?,OOD,OOD_EDUCATION,Education,OOD_EDUCATION,Education,Low,Formal,FALSE,,SYNTHETIC,OOD_EDUCATION_F06,Easy,TRUE,Synthetic safe OOD example; outside the six supported production services.
OODQ_0077,বোর্ড পরীক্ষা নিয়ে একটু help দরকার।,OOD,OOD_EDUCATION,Education,OOD_EDUCATION,Education,Low,Informal,FALSE,,PARAPHRASED,OOD_EDUCATION_F06,Medium,TRUE,Synthetic safe OOD example; outside the six supported production services.
OODQ_0078,বোর্ড পরীক্ষা service er information kivabe janbo?,OOD,OOD_EDUCATION,Education,OOD_EDUCATION,Education,Low,Mixed,FALSE,,PARAPHRASED,OOD_EDUCATION_F06,Hard,TRUE,Synthetic safe OOD example; outside the six supported production services.
OODQ_0079,টিউশন ফি বিষয়ে সরকারি সেবা কোথায় পাব?,OOD,OOD_EDUCATION,Education,OOD_EDUCATION,Education,Low,Formal,FALSE,,SYNTHETIC,OOD_EDUCATION_F07,Easy,TRUE,Synthetic safe OOD example; outside the six supported production services.
OODQ_0080,টিউশন ফি নিয়ে একটু help দরকার।,OOD,OOD_EDUCATION,Education,OOD_EDUCATION,Education,Low,Informal,FALSE,,PARAPHRASED,OOD_EDUCATION_F07,Medium,TRUE,Synthetic safe OOD example; outside the six supported production services.
OODQ_0081,টিউশন ফি service er information kivabe janbo?,OOD,OOD_EDUCATION,Education,OOD_EDUCATION,Education,Low,Mixed,FALSE,,PARAPHRASED,OOD_EDUCATION_F07,Hard,TRUE,Synthetic safe OOD example; outside the six supported production services.
OODQ_0082,অনলাইন ক্লাস বিষয়ে সরকারি সেবা কোথায় পাব?,OOD,OOD_EDUCATION,Education,OOD_EDUCATION,Education,Low,Formal,FALSE,,SYNTHETIC,OOD_EDUCATION_F08,Easy,TRUE,Synthetic safe OOD example; outside the six supported production services.
OODQ_0083,অনলাইন ক্লাস নিয়ে একটু help দরকার।,OOD,OOD_EDUCATION,Education,OOD_EDUCATION,Education,Low,Informal,FALSE,,PARAPHRASED,OOD_EDUCATION_F08,Medium,TRUE,Synthetic safe OOD example; outside the six supported production services.
OODQ_0084,অনলাইন ক্লাস service er information kivabe janbo?,OOD,OOD_EDUCATION,Education,OOD_EDUCATION,Education,Low,Mixed,FALSE,,PARAPHRASED,OOD_EDUCATION_F08,Hard,TRUE,Synthetic safe OOD example; outside the six supported production services.
OODQ_0085,শিক্ষক নিবন্ধন বিষয়ে সরকারি সেবা কোথায় পাব?,OOD,OOD_EDUCATION,Education,OOD_EDUCATION,Education,Low,Formal,FALSE,,SYNTHETIC,OOD_EDUCATION_F09,Easy,TRUE,Synthetic safe OOD example; outside the six supported production services.
OODQ_0086,শিক্ষক নিবন্ধন নিয়ে একটু help দরকার।,OOD,OOD_EDUCATION,Education,OOD_EDUCATION,Education,Low,Informal,FALSE,,PARAPHRASED,OOD_EDUCATION_F09,Medium,TRUE,Synthetic safe OOD example; outside the six supported production services.
OODQ_0087,শিক্ষক নিবন্ধন service er information kivabe janbo?,OOD,OOD_EDUCATION,Education,OOD_EDUCATION,Education,Low,Mixed,FALSE,,PARAPHRASED,OOD_EDUCATION_F09,Hard,TRUE,Synthetic safe OOD example; outside the six supported production services.
OODQ_0088,পাঠ্যবই বিষয়ে সরকারি সেবা কোথায় পাব?,OOD,OOD_EDUCATION,Education,OOD_EDUCATION,Education,Low,Formal,FALSE,,SYNTHETIC,OOD_EDUCATION_F10,Easy,TRUE,Synthetic safe OOD example; outside the six supported production services.
OODQ_0089,পাঠ্যবই নিয়ে একটু help দরকার।,OOD,OOD_EDUCATION,Education,OOD_EDUCATION,Education,Low,Informal,FALSE,,PARAPHRASED,OOD_EDUCATION_F10,Medium,TRUE,Synthetic safe OOD example; outside the six supported production services.
OODQ_0090,পাঠ্যবই service er information kivabe janbo?,OOD,OOD_EDUCATION,Education,OOD_EDUCATION,Education,Low,Mixed,FALSE,,PARAPHRASED,OOD_EDUCATION_F10,Hard,TRUE,Synthetic safe OOD example; outside the six supported production services.
OODQ_0091,হাসপাতাল appointment বিষয়ে সরকারি সেবা কোথায় পাব?,OOD,OOD_HEALTH_ADMIN,Health Admin,OOD_HEALTH_ADMIN,Health Admin,Low,Formal,FALSE,,SYNTHETIC,OOD_HEALTH_ADMIN_F01,Easy,TRUE,Synthetic safe OOD example; outside the six supported production services.
OODQ_0092,হাসপাতাল appointment নিয়ে একটু help দরকার।,OOD,OOD_HEALTH_ADMIN,Health Admin,OOD_HEALTH_ADMIN,Health Admin,Low,Informal,FALSE,,PARAPHRASED,OOD_HEALTH_ADMIN_F01,Medium,TRUE,Synthetic safe OOD example; outside the six supported production services.
OODQ_0093,হাসপাতাল appointment service er information kivabe janbo?,OOD,OOD_HEALTH_ADMIN,Health Admin,OOD_HEALTH_ADMIN,Health Admin,Low,Mixed,FALSE,,PARAPHRASED,OOD_HEALTH_ADMIN_F01,Hard,TRUE,Synthetic safe OOD example; outside the six supported production services.
OODQ_0094,টিকা সনদ বিষয়ে সরকারি সেবা কোথায় পাব?,OOD,OOD_HEALTH_ADMIN,Health Admin,OOD_HEALTH_ADMIN,Health Admin,Low,Formal,FALSE,,SYNTHETIC,OOD_HEALTH_ADMIN_F02,Easy,TRUE,Synthetic safe OOD example; outside the six supported production services.
OODQ_0095,টিকা সনদ নিয়ে একটু help দরকার।,OOD,OOD_HEALTH_ADMIN,Health Admin,OOD_HEALTH_ADMIN,Health Admin,Low,Informal,FALSE,,PARAPHRASED,OOD_HEALTH_ADMIN_F02,Medium,TRUE,Synthetic safe OOD example; outside the six supported production services.
OODQ_0096,টিকা সনদ service er information kivabe janbo?,OOD,OOD_HEALTH_ADMIN,Health Admin,OOD_HEALTH_ADMIN,Health Admin,Low,Mixed,FALSE,,PARAPHRASED,OOD_HEALTH_ADMIN_F02,Hard,TRUE,Synthetic safe OOD example; outside the six supported production services.
OODQ_0097,স্বাস্থ্য কার্ড বিষয়ে সরকারি সেবা কোথায় পাব?,OOD,OOD_HEALTH_ADMIN,Health Admin,OOD_HEALTH_ADMIN,Health Admin,Low,Formal,FALSE,,SYNTHETIC,OOD_HEALTH_ADMIN_F03,Easy,TRUE,Synthetic safe OOD example; outside the six supported production services.
OODQ_0098,স্বাস্থ্য কার্ড নিয়ে একটু help দরকার।,OOD,OOD_HEALTH_ADMIN,Health Admin,OOD_HEALTH_ADMIN,Health Admin,Low,Informal,FALSE,,PARAPHRASED,OOD_HEALTH_ADMIN_F03,Medium,TRUE,Synthetic safe OOD example; outside the six supported production services.
OODQ_0099,স্বাস্থ্য কার্ড service er information kivabe janbo?,OOD,OOD_HEALTH_ADMIN,Health Admin,OOD_HEALTH_ADMIN,Health Admin,Low,Mixed,FALSE,,PARAPHRASED,OOD_HEALTH_ADMIN_F03,Hard,TRUE,Synthetic safe OOD example; outside the six supported production services.
OODQ_0100,ডাক্তার তালিকা বিষয়ে সরকারি সেবা কোথায় পাব?,OOD,OOD_HEALTH_ADMIN,Health Admin,OOD_HEALTH_ADMIN,Health Admin,Low,Formal,FALSE,,SYNTHETIC,OOD_HEALTH_ADMIN_F04,Easy,TRUE,Synthetic safe OOD example; outside the six supported production services.
OODQ_0101,ডাক্তার তালিকা নিয়ে একটু help দরকার।,OOD,OOD_HEALTH_ADMIN,Health Admin,OOD_HEALTH_ADMIN,Health Admin,Low,Informal,FALSE,,PARAPHRASED,OOD_HEALTH_ADMIN_F04,Medium,TRUE,Synthetic safe OOD example; outside the six supported production services.
OODQ_0102,ডাক্তার তালিকা service er information kivabe janbo?,OOD,OOD_HEALTH_ADMIN,Health Admin,OOD_HEALTH_ADMIN,Health Admin,Low,Mixed,FALSE,,PARAPHRASED,OOD_HEALTH_ADMIN_F04,Hard,TRUE,Synthetic safe OOD example; outside the six supported production services.
OODQ_0103,রক্তদান বিষয়ে সরকারি সেবা কোথায় পাব?,OOD,OOD_HEALTH_ADMIN,Health Admin,OOD_HEALTH_ADMIN,Health Admin,Low,Formal,FALSE,,SYNTHETIC,OOD_HEALTH_ADMIN_F05,Easy,TRUE,Synthetic safe OOD example; outside the six supported production services.
OODQ_0104,রক্তদান নিয়ে একটু help দরকার।,OOD,OOD_HEALTH_ADMIN,Health Admin,OOD_HEALTH_ADMIN,Health Admin,Low,Informal,FALSE,,PARAPHRASED,OOD_HEALTH_ADMIN_F05,Medium,TRUE,Synthetic safe OOD example; outside the six supported production services.
OODQ_0105,রক্তদান service er information kivabe janbo?,OOD,OOD_HEALTH_ADMIN,Health Admin,OOD_HEALTH_ADMIN,Health Admin,Low,Mixed,FALSE,,PARAPHRASED,OOD_HEALTH_ADMIN_F05,Hard,TRUE,Synthetic safe OOD example; outside the six supported production services.
OODQ_0106,হাসপাতাল বিল বিষয়ে সরকারি সেবা কোথায় পাব?,OOD,OOD_HEALTH_ADMIN,Health Admin,OOD_HEALTH_ADMIN,Health Admin,Low,Formal,FALSE,,SYNTHETIC,OOD_HEALTH_ADMIN_F06,Easy,TRUE,Synthetic safe OOD example; outside the six supported production services.
OODQ_0107,হাসপাতাল বিল নিয়ে একটু help দরকার।,OOD,OOD_HEALTH_ADMIN,Health Admin,OOD_HEALTH_ADMIN,Health Admin,Low,Informal,FALSE,,PARAPHRASED,OOD_HEALTH_ADMIN_F06,Medium,TRUE,Synthetic safe OOD example; outside the six supported production services.
OODQ_0108,হাসপাতাল বিল service er information kivabe janbo?,OOD,OOD_HEALTH_ADMIN,Health Admin,OOD_HEALTH_ADMIN,Health Admin,Low,Mixed,FALSE,,PARAPHRASED,OOD_HEALTH_ADMIN_F06,Hard,TRUE,Synthetic safe OOD example; outside the six supported production services.
OODQ_0109,অ্যাম্বুলেন্স booking বিষয়ে সরকারি সেবা কোথায় পাব?,OOD,OOD_HEALTH_ADMIN,Health Admin,OOD_HEALTH_ADMIN,Health Admin,Low,Formal,FALSE,,SYNTHETIC,OOD_HEALTH_ADMIN_F07,Easy,TRUE,Synthetic safe OOD example; outside the six supported production services.
OODQ_0110,অ্যাম্বুলেন্স booking নিয়ে একটু help দরকার।,OOD,OOD_HEALTH_ADMIN,Health Admin,OOD_HEALTH_ADMIN,Health Admin,Low,Informal,FALSE,,PARAPHRASED,OOD_HEALTH_ADMIN_F07,Medium,TRUE,Synthetic safe OOD example; outside the six supported production services.
OODQ_0111,অ্যাম্বুলেন্স booking service er information kivabe janbo?,OOD,OOD_HEALTH_ADMIN,Health Admin,OOD_HEALTH_ADMIN,Health Admin,Low,Mixed,FALSE,,PARAPHRASED,OOD_HEALTH_ADMIN_F07,Hard,TRUE,Synthetic safe OOD example; outside the six supported production services.
OODQ_0112,ক্লিনিক নিবন্ধন বিষয়ে সরকারি সেবা কোথায় পাব?,OOD,OOD_HEALTH_ADMIN,Health Admin,OOD_HEALTH_ADMIN,Health Admin,Low,Formal,FALSE,,SYNTHETIC,OOD_HEALTH_ADMIN_F08,Easy,TRUE,Synthetic safe OOD example; outside the six supported production services.
OODQ_0113,ক্লিনিক নিবন্ধন নিয়ে একটু help দরকার।,OOD,OOD_HEALTH_ADMIN,Health Admin,OOD_HEALTH_ADMIN,Health Admin,Low,Informal,FALSE,,PARAPHRASED,OOD_HEALTH_ADMIN_F08,Medium,TRUE,Synthetic safe OOD example; outside the six supported production services.
OODQ_0114,ক্লিনিক নিবন্ধন service er information kivabe janbo?,OOD,OOD_HEALTH_ADMIN,Health Admin,OOD_HEALTH_ADMIN,Health Admin,Low,Mixed,FALSE,,PARAPHRASED,OOD_HEALTH_ADMIN_F08,Hard,TRUE,Synthetic safe OOD example; outside the six supported production services.
OODQ_0115,ওষুধের দোকান বিষয়ে সরকারি সেবা কোথায় পাব?,OOD,OOD_HEALTH_ADMIN,Health Admin,OOD_HEALTH_ADMIN,Health Admin,Low,Formal,FALSE,,SYNTHETIC,OOD_HEALTH_ADMIN_F09,Easy,TRUE,Synthetic safe OOD example; outside the six supported production services.
OODQ_0116,ওষুধের দোকান নিয়ে একটু help দরকার।,OOD,OOD_HEALTH_ADMIN,Health Admin,OOD_HEALTH_ADMIN,Health Admin,Low,Informal,FALSE,,PARAPHRASED,OOD_HEALTH_ADMIN_F09,Medium,TRUE,Synthetic safe OOD example; outside the six supported production services.
OODQ_0117,ওষুধের দোকান service er information kivabe janbo?,OOD,OOD_HEALTH_ADMIN,Health Admin,OOD_HEALTH_ADMIN,Health Admin,Low,Mixed,FALSE,,PARAPHRASED,OOD_HEALTH_ADMIN_F09,Hard,TRUE,Synthetic safe OOD example; outside the six supported production services.
OODQ_0118,স্বাস্থ্য প্রতিবেদন বিষয়ে সরকারি সেবা কোথায় পাব?,OOD,OOD_HEALTH_ADMIN,Health Admin,OOD_HEALTH_ADMIN,Health Admin,Low,Formal,FALSE,,SYNTHETIC,OOD_HEALTH_ADMIN_F10,Easy,TRUE,Synthetic safe OOD example; outside the six supported production services.
OODQ_0119,স্বাস্থ্য প্রতিবেদন নিয়ে একটু help দরকার।,OOD,OOD_HEALTH_ADMIN,Health Admin,OOD_HEALTH_ADMIN,Health Admin,Low,Informal,FALSE,,PARAPHRASED,OOD_HEALTH_ADMIN_F10,Medium,TRUE,Synthetic safe OOD example; outside the six supported production services.
OODQ_0120,স্বাস্থ্য প্রতিবেদন service er information kivabe janbo?,OOD,OOD_HEALTH_ADMIN,Health Admin,OOD_HEALTH_ADMIN,Health Admin,Low,Mixed,FALSE,,PARAPHRASED,OOD_HEALTH_ADMIN_F10,Hard,TRUE,Synthetic safe OOD example; outside the six supported production services.
OODQ_0121,ব্যাংক account বিষয়ে সরকারি সেবা কোথায় পাব?,OOD,OOD_BANKING,Banking,OOD_BANKING,Banking,Low,Formal,FALSE,,SYNTHETIC,OOD_BANKING_F01,Easy,TRUE,Synthetic safe OOD example; outside the six supported production services.
OODQ_0122,ব্যাংক account নিয়ে একটু help দরকার।,OOD,OOD_BANKING,Banking,OOD_BANKING,Banking,Low,Informal,FALSE,,PARAPHRASED,OOD_BANKING_F01,Medium,TRUE,Synthetic safe OOD example; outside the six supported production services.
OODQ_0123,ব্যাংক account service er information kivabe janbo?,OOD,OOD_BANKING,Banking,OOD_BANKING,Banking,Low,Mixed,FALSE,,PARAPHRASED,OOD_BANKING_F01,Hard,TRUE,Synthetic safe OOD example; outside the six supported production services.
OODQ_0124,ATM card বিষয়ে সরকারি সেবা কোথায় পাব?,OOD,OOD_BANKING,Banking,OOD_BANKING,Banking,Low,Formal,FALSE,,SYNTHETIC,OOD_BANKING_F02,Easy,TRUE,Synthetic safe OOD example; outside the six supported production services.
OODQ_0125,ATM card নিয়ে একটু help দরকার।,OOD,OOD_BANKING,Banking,OOD_BANKING,Banking,Low,Informal,FALSE,,PARAPHRASED,OOD_BANKING_F02,Medium,TRUE,Synthetic safe OOD example; outside the six supported production services.
OODQ_0126,ATM card service er information kivabe janbo?,OOD,OOD_BANKING,Banking,OOD_BANKING,Banking,Low,Mixed,FALSE,,PARAPHRASED,OOD_BANKING_F02,Hard,TRUE,Synthetic safe OOD example; outside the six supported production services.
OODQ_0127,loan application বিষয়ে সরকারি সেবা কোথায় পাব?,OOD,OOD_BANKING,Banking,OOD_BANKING,Banking,Low,Formal,FALSE,,SYNTHETIC,OOD_BANKING_F03,Easy,TRUE,Synthetic safe OOD example; outside the six supported production services.
OODQ_0128,loan application নিয়ে একটু help দরকার।,OOD,OOD_BANKING,Banking,OOD_BANKING,Banking,Low,Informal,FALSE,,PARAPHRASED,OOD_BANKING_F03,Medium,TRUE,Synthetic safe OOD example; outside the six supported production services.
OODQ_0129,loan application service er information kivabe janbo?,OOD,OOD_BANKING,Banking,OOD_BANKING,Banking,Low,Mixed,FALSE,,PARAPHRASED,OOD_BANKING_F03,Hard,TRUE,Synthetic safe OOD example; outside the six supported production services.
OODQ_0130,cheque book বিষয়ে সরকারি সেবা কোথায় পাব?,OOD,OOD_BANKING,Banking,OOD_BANKING,Banking,Low,Formal,FALSE,,SYNTHETIC,OOD_BANKING_F04,Easy,TRUE,Synthetic safe OOD example; outside the six supported production services.
OODQ_0131,cheque book নিয়ে একটু help দরকার।,OOD,OOD_BANKING,Banking,OOD_BANKING,Banking,Low,Informal,FALSE,,PARAPHRASED,OOD_BANKING_F04,Medium,TRUE,Synthetic safe OOD example; outside the six supported production services.
OODQ_0132,cheque book service er information kivabe janbo?,OOD,OOD_BANKING,Banking,OOD_BANKING,Banking,Low,Mixed,FALSE,,PARAPHRASED,OOD_BANKING_F04,Hard,TRUE,Synthetic safe OOD example; outside the six supported production services.
OODQ_0133,mobile banking বিষয়ে সরকারি সেবা কোথায় পাব?,OOD,OOD_BANKING,Banking,OOD_BANKING,Banking,Low,Formal,FALSE,,SYNTHETIC,OOD_BANKING_F05,Easy,TRUE,Synthetic safe OOD example; outside the six supported production services.
OODQ_0134,mobile banking নিয়ে একটু help দরকার।,OOD,OOD_BANKING,Banking,OOD_BANKING,Banking,Low,Informal,FALSE,,PARAPHRASED,OOD_BANKING_F05,Medium,TRUE,Synthetic safe OOD example; outside the six supported production services.
OODQ_0135,mobile banking service er information kivabe janbo?,OOD,OOD_BANKING,Banking,OOD_BANKING,Banking,Low,Mixed,FALSE,,PARAPHRASED,OOD_BANKING_F05,Hard,TRUE,Synthetic safe OOD example; outside the six supported production services.
OODQ_0136,সঞ্চয়পত্র বিষয়ে সরকারি সেবা কোথায় পাব?,OOD,OOD_BANKING,Banking,OOD_BANKING,Banking,Low,Formal,FALSE,,SYNTHETIC,OOD_BANKING_F06,Easy,TRUE,Synthetic safe OOD example; outside the six supported production services.
OODQ_0137,সঞ্চয়পত্র নিয়ে একটু help দরকার।,OOD,OOD_BANKING,Banking,OOD_BANKING,Banking,Low,Informal,FALSE,,PARAPHRASED,OOD_BANKING_F06,Medium,TRUE,Synthetic safe OOD example; outside the six supported production services.
OODQ_0138,সঞ্চয়পত্র service er information kivabe janbo?,OOD,OOD_BANKING,Banking,OOD_BANKING,Banking,Low,Mixed,FALSE,,PARAPHRASED,OOD_BANKING_F06,Hard,TRUE,Synthetic safe OOD example; outside the six supported production services.
OODQ_0139,bank statement বিষয়ে সরকারি সেবা কোথায় পাব?,OOD,OOD_BANKING,Banking,OOD_BANKING,Banking,Low,Formal,FALSE,,SYNTHETIC,OOD_BANKING_F07,Easy,TRUE,Synthetic safe OOD example; outside the six supported production services.
OODQ_0140,bank statement নিয়ে একটু help দরকার।,OOD,OOD_BANKING,Banking,OOD_BANKING,Banking,Low,Informal,FALSE,,PARAPHRASED,OOD_BANKING_F07,Medium,TRUE,Synthetic safe OOD example; outside the six supported production services.
OODQ_0141,bank statement service er information kivabe janbo?,OOD,OOD_BANKING,Banking,OOD_BANKING,Banking,Low,Mixed,FALSE,,PARAPHRASED,OOD_BANKING_F07,Hard,TRUE,Synthetic safe OOD example; outside the six supported production services.
OODQ_0142,credit card বিষয়ে সরকারি সেবা কোথায় পাব?,OOD,OOD_BANKING,Banking,OOD_BANKING,Banking,Low,Formal,FALSE,,SYNTHETIC,OOD_BANKING_F08,Easy,TRUE,Synthetic safe OOD example; outside the six supported production services.
OODQ_0143,credit card নিয়ে একটু help দরকার।,OOD,OOD_BANKING,Banking,OOD_BANKING,Banking,Low,Informal,FALSE,,PARAPHRASED,OOD_BANKING_F08,Medium,TRUE,Synthetic safe OOD example; outside the six supported production services.
OODQ_0144,credit card service er information kivabe janbo?,OOD,OOD_BANKING,Banking,OOD_BANKING,Banking,Low,Mixed,FALSE,,PARAPHRASED,OOD_BANKING_F08,Hard,TRUE,Synthetic safe OOD example; outside the six supported production services.
OODQ_0145,interest rate বিষয়ে সরকারি সেবা কোথায় পাব?,OOD,OOD_BANKING,Banking,OOD_BANKING,Banking,Low,Formal,FALSE,,SYNTHETIC,OOD_BANKING_F09,Easy,TRUE,Synthetic safe OOD example; outside the six supported production services.
OODQ_0146,interest rate নিয়ে একটু help দরকার।,OOD,OOD_BANKING,Banking,OOD_BANKING,Banking,Low,Informal,FALSE,,PARAPHRASED,OOD_BANKING_F09,Medium,TRUE,Synthetic safe OOD example; outside the six supported production services.
OODQ_0147,interest rate service er information kivabe janbo?,OOD,OOD_BANKING,Banking,OOD_BANKING,Banking,Low,Mixed,FALSE,,PARAPHRASED,OOD_BANKING_F09,Hard,TRUE,Synthetic safe OOD example; outside the six supported production services.
OODQ_0148,account closure বিষয়ে সরকারি সেবা কোথায় পাব?,OOD,OOD_BANKING,Banking,OOD_BANKING,Banking,Low,Formal,FALSE,,SYNTHETIC,OOD_BANKING_F10,Easy,TRUE,Synthetic safe OOD example; outside the six supported production services.
OODQ_0149,account closure নিয়ে একটু help দরকার।,OOD,OOD_BANKING,Banking,OOD_BANKING,Banking,Low,Informal,FALSE,,PARAPHRASED,OOD_BANKING_F10,Medium,TRUE,Synthetic safe OOD example; outside the six supported production services.
OODQ_0150,account closure service er information kivabe janbo?,OOD,OOD_BANKING,Banking,OOD_BANKING,Banking,Low,Mixed,FALSE,,PARAPHRASED,OOD_BANKING_F10,Hard,TRUE,Synthetic safe OOD example; outside the six supported production services.
OODQ_0151,আজকের আবহাওয়া বিষয়ে সরকারি সেবা কোথায় পাব?,OOD,OOD_WEATHER,Weather,OOD_WEATHER,Weather,Low,Formal,FALSE,,SYNTHETIC,OOD_WEATHER_F01,Easy,TRUE,Synthetic safe OOD example; outside the six supported production services.
OODQ_0152,আজকের আবহাওয়া নিয়ে একটু help দরকার।,OOD,OOD_WEATHER,Weather,OOD_WEATHER,Weather,Low,Informal,FALSE,,PARAPHRASED,OOD_WEATHER_F01,Medium,TRUE,Synthetic safe OOD example; outside the six supported production services.
OODQ_0153,আজকের আবহাওয়া service er information kivabe janbo?,OOD,OOD_WEATHER,Weather,OOD_WEATHER,Weather,Low,Mixed,FALSE,,PARAPHRASED,OOD_WEATHER_F01,Hard,TRUE,Synthetic safe OOD example; outside the six supported production services.
OODQ_0154,বৃষ্টির সম্ভাবনা বিষয়ে সরকারি সেবা কোথায় পাব?,OOD,OOD_WEATHER,Weather,OOD_WEATHER,Weather,Low,Formal,FALSE,,SYNTHETIC,OOD_WEATHER_F02,Easy,TRUE,Synthetic safe OOD example; outside the six supported production services.
OODQ_0155,বৃষ্টির সম্ভাবনা নিয়ে একটু help দরকার।,OOD,OOD_WEATHER,Weather,OOD_WEATHER,Weather,Low,Informal,FALSE,,PARAPHRASED,OOD_WEATHER_F02,Medium,TRUE,Synthetic safe OOD example; outside the six supported production services.
OODQ_0156,বৃষ্টির সম্ভাবনা service er information kivabe janbo?,OOD,OOD_WEATHER,Weather,OOD_WEATHER,Weather,Low,Mixed,FALSE,,PARAPHRASED,OOD_WEATHER_F02,Hard,TRUE,Synthetic safe OOD example; outside the six supported production services.
OODQ_0157,তাপমাত্রা বিষয়ে সরকারি সেবা কোথায় পাব?,OOD,OOD_WEATHER,Weather,OOD_WEATHER,Weather,Low,Formal,FALSE,,SYNTHETIC,OOD_WEATHER_F03,Easy,TRUE,Synthetic safe OOD example; outside the six supported production services.
OODQ_0158,তাপমাত্রা নিয়ে একটু help দরকার।,OOD,OOD_WEATHER,Weather,OOD_WEATHER,Weather,Low,Informal,FALSE,,PARAPHRASED,OOD_WEATHER_F03,Medium,TRUE,Synthetic safe OOD example; outside the six supported production services.
OODQ_0159,তাপমাত্রা service er information kivabe janbo?,OOD,OOD_WEATHER,Weather,OOD_WEATHER,Weather,Low,Mixed,FALSE,,PARAPHRASED,OOD_WEATHER_F03,Hard,TRUE,Synthetic safe OOD example; outside the six supported production services.
OODQ_0160,ঘূর্ণিঝড় বিষয়ে সরকারি সেবা কোথায় পাব?,OOD,OOD_WEATHER,Weather,OOD_WEATHER,Weather,Low,Formal,FALSE,,SYNTHETIC,OOD_WEATHER_F04,Easy,TRUE,Synthetic safe OOD example; outside the six supported production services.
OODQ_0161,ঘূর্ণিঝড় নিয়ে একটু help দরকার।,OOD,OOD_WEATHER,Weather,OOD_WEATHER,Weather,Low,Informal,FALSE,,PARAPHRASED,OOD_WEATHER_F04,Medium,TRUE,Synthetic safe OOD example; outside the six supported production services.
OODQ_0162,ঘূর্ণিঝড় service er information kivabe janbo?,OOD,OOD_WEATHER,Weather,OOD_WEATHER,Weather,Low,Mixed,FALSE,,PARAPHRASED,OOD_WEATHER_F04,Hard,TRUE,Synthetic safe OOD example; outside the six supported production services.
OODQ_0163,বন্যা পূর্বাভাস বিষয়ে সরকারি সেবা কোথায় পাব?,OOD,OOD_WEATHER,Weather,OOD_WEATHER,Weather,Low,Formal,FALSE,,SYNTHETIC,OOD_WEATHER_F05,Easy,TRUE,Synthetic safe OOD example; outside the six supported production services.
OODQ_0164,বন্যা পূর্বাভাস নিয়ে একটু help দরকার।,OOD,OOD_WEATHER,Weather,OOD_WEATHER,Weather,Low,Informal,FALSE,,PARAPHRASED,OOD_WEATHER_F05,Medium,TRUE,Synthetic safe OOD example; outside the six supported production services.
OODQ_0165,বন্যা পূর্বাভাস service er information kivabe janbo?,OOD,OOD_WEATHER,Weather,OOD_WEATHER,Weather,Low,Mixed,FALSE,,PARAPHRASED,OOD_WEATHER_F05,Hard,TRUE,Synthetic safe OOD example; outside the six supported production services.
OODQ_0166,কুয়াশা বিষয়ে সরকারি সেবা কোথায় পাব?,OOD,OOD_WEATHER,Weather,OOD_WEATHER,Weather,Low,Formal,FALSE,,SYNTHETIC,OOD_WEATHER_F06,Easy,TRUE,Synthetic safe OOD example; outside the six supported production services.
OODQ_0167,কুয়াশা নিয়ে একটু help দরকার।,OOD,OOD_WEATHER,Weather,OOD_WEATHER,Weather,Low,Informal,FALSE,,PARAPHRASED,OOD_WEATHER_F06,Medium,TRUE,Synthetic safe OOD example; outside the six supported production services.
OODQ_0168,কুয়াশা service er information kivabe janbo?,OOD,OOD_WEATHER,Weather,OOD_WEATHER,Weather,Low,Mixed,FALSE,,PARAPHRASED,OOD_WEATHER_F06,Hard,TRUE,Synthetic safe OOD example; outside the six supported production services.
OODQ_0169,বাতাসের গতি বিষয়ে সরকারি সেবা কোথায় পাব?,OOD,OOD_WEATHER,Weather,OOD_WEATHER,Weather,Low,Formal,FALSE,,SYNTHETIC,OOD_WEATHER_F07,Easy,TRUE,Synthetic safe OOD example; outside the six supported production services.
OODQ_0170,বাতাসের গতি নিয়ে একটু help দরকার।,OOD,OOD_WEATHER,Weather,OOD_WEATHER,Weather,Low,Informal,FALSE,,PARAPHRASED,OOD_WEATHER_F07,Medium,TRUE,Synthetic safe OOD example; outside the six supported production services.
OODQ_0171,বাতাসের গতি service er information kivabe janbo?,OOD,OOD_WEATHER,Weather,OOD_WEATHER,Weather,Low,Mixed,FALSE,,PARAPHRASED,OOD_WEATHER_F07,Hard,TRUE,Synthetic safe OOD example; outside the six supported production services.
OODQ_0172,সমুদ্রের অবস্থা বিষয়ে সরকারি সেবা কোথায় পাব?,OOD,OOD_WEATHER,Weather,OOD_WEATHER,Weather,Low,Formal,FALSE,,SYNTHETIC,OOD_WEATHER_F08,Easy,TRUE,Synthetic safe OOD example; outside the six supported production services.
OODQ_0173,সমুদ্রের অবস্থা নিয়ে একটু help দরকার।,OOD,OOD_WEATHER,Weather,OOD_WEATHER,Weather,Low,Informal,FALSE,,PARAPHRASED,OOD_WEATHER_F08,Medium,TRUE,Synthetic safe OOD example; outside the six supported production services.
OODQ_0174,সমুদ্রের অবস্থা service er information kivabe janbo?,OOD,OOD_WEATHER,Weather,OOD_WEATHER,Weather,Low,Mixed,FALSE,,PARAPHRASED,OOD_WEATHER_F08,Hard,TRUE,Synthetic safe OOD example; outside the six supported production services.
OODQ_0175,আবহাওয়া সতর্কতা বিষয়ে সরকারি সেবা কোথায় পাব?,OOD,OOD_WEATHER,Weather,OOD_WEATHER,Weather,Low,Formal,FALSE,,SYNTHETIC,OOD_WEATHER_F09,Easy,TRUE,Synthetic safe OOD example; outside the six supported production services.
OODQ_0176,আবহাওয়া সতর্কতা নিয়ে একটু help দরকার।,OOD,OOD_WEATHER,Weather,OOD_WEATHER,Weather,Low,Informal,FALSE,,PARAPHRASED,OOD_WEATHER_F09,Medium,TRUE,Synthetic safe OOD example; outside the six supported production services.
OODQ_0177,আবহাওয়া সতর্কতা service er information kivabe janbo?,OOD,OOD_WEATHER,Weather,OOD_WEATHER,Weather,Low,Mixed,FALSE,,PARAPHRASED,OOD_WEATHER_F09,Hard,TRUE,Synthetic safe OOD example; outside the six supported production services.
OODQ_0178,আগামী সপ্তাহের forecast বিষয়ে সরকারি সেবা কোথায় পাব?,OOD,OOD_WEATHER,Weather,OOD_WEATHER,Weather,Low,Formal,FALSE,,SYNTHETIC,OOD_WEATHER_F10,Easy,TRUE,Synthetic safe OOD example; outside the six supported production services.
OODQ_0179,আগামী সপ্তাহের forecast নিয়ে একটু help দরকার।,OOD,OOD_WEATHER,Weather,OOD_WEATHER,Weather,Low,Informal,FALSE,,PARAPHRASED,OOD_WEATHER_F10,Medium,TRUE,Synthetic safe OOD example; outside the six supported production services.
OODQ_0180,আগামী সপ্তাহের forecast service er information kivabe janbo?,OOD,OOD_WEATHER,Weather,OOD_WEATHER,Weather,Low,Mixed,FALSE,,PARAPHRASED,OOD_WEATHER_F10,Hard,TRUE,Synthetic safe OOD example; outside the six supported production services.
OODQ_0181,বাংলাদেশের ইতিহাস বিষয়ে সরকারি সেবা কোথায় পাব?,OOD,OOD_GENERAL_KNOWLEDGE,General Knowledge,OOD_GENERAL_KNOWLEDGE,General Knowledge,Low,Formal,FALSE,,SYNTHETIC,OOD_GENERAL_KNOWLEDGE_F01,Easy,TRUE,Synthetic safe OOD example; outside the six supported production services.
OODQ_0182,বাংলাদেশের ইতিহাস নিয়ে একটু help দরকার।,OOD,OOD_GENERAL_KNOWLEDGE,General Knowledge,OOD_GENERAL_KNOWLEDGE,General Knowledge,Low,Informal,FALSE,,PARAPHRASED,OOD_GENERAL_KNOWLEDGE_F01,Medium,TRUE,Synthetic safe OOD example; outside the six supported production services.
OODQ_0183,বাংলাদেশের ইতিহাস service er information kivabe janbo?,OOD,OOD_GENERAL_KNOWLEDGE,General Knowledge,OOD_GENERAL_KNOWLEDGE,General Knowledge,Low,Mixed,FALSE,,PARAPHRASED,OOD_GENERAL_KNOWLEDGE_F01,Hard,TRUE,Synthetic safe OOD example; outside the six supported production services.
OODQ_0184,একটি কবিতা বিষয়ে সরকারি সেবা কোথায় পাব?,OOD,OOD_GENERAL_KNOWLEDGE,General Knowledge,OOD_GENERAL_KNOWLEDGE,General Knowledge,Low,Formal,FALSE,,SYNTHETIC,OOD_GENERAL_KNOWLEDGE_F02,Easy,TRUE,Synthetic safe OOD example; outside the six supported production services.
OODQ_0185,একটি কবিতা নিয়ে একটু help দরকার।,OOD,OOD_GENERAL_KNOWLEDGE,General Knowledge,OOD_GENERAL_KNOWLEDGE,General Knowledge,Low,Informal,FALSE,,PARAPHRASED,OOD_GENERAL_KNOWLEDGE_F02,Medium,TRUE,Synthetic safe OOD example; outside the six supported production services.
OODQ_0186,একটি কবিতা service er information kivabe janbo?,OOD,OOD_GENERAL_KNOWLEDGE,General Knowledge,OOD_GENERAL_KNOWLEDGE,General Knowledge,Low,Mixed,FALSE,,PARAPHRASED,OOD_GENERAL_KNOWLEDGE_F02,Hard,TRUE,Synthetic safe OOD example; outside the six supported production services.
OODQ_0187,বিজ্ঞানের প্রশ্ন বিষয়ে সরকারি সেবা কোথায় পাব?,OOD,OOD_GENERAL_KNOWLEDGE,General Knowledge,OOD_GENERAL_KNOWLEDGE,General Knowledge,Low,Formal,FALSE,,SYNTHETIC,OOD_GENERAL_KNOWLEDGE_F03,Easy,TRUE,Synthetic safe OOD example; outside the six supported production services.
OODQ_0188,বিজ্ঞানের প্রশ্ন নিয়ে একটু help দরকার।,OOD,OOD_GENERAL_KNOWLEDGE,General Knowledge,OOD_GENERAL_KNOWLEDGE,General Knowledge,Low,Informal,FALSE,,PARAPHRASED,OOD_GENERAL_KNOWLEDGE_F03,Medium,TRUE,Synthetic safe OOD example; outside the six supported production services.
OODQ_0189,বিজ্ঞানের প্রশ্ন service er information kivabe janbo?,OOD,OOD_GENERAL_KNOWLEDGE,General Knowledge,OOD_GENERAL_KNOWLEDGE,General Knowledge,Low,Mixed,FALSE,,PARAPHRASED,OOD_GENERAL_KNOWLEDGE_F03,Hard,TRUE,Synthetic safe OOD example; outside the six supported production services.
OODQ_0190,গণিত সমাধান বিষয়ে সরকারি সেবা কোথায় পাব?,OOD,OOD_GENERAL_KNOWLEDGE,General Knowledge,OOD_GENERAL_KNOWLEDGE,General Knowledge,Low,Formal,FALSE,,SYNTHETIC,OOD_GENERAL_KNOWLEDGE_F04,Easy,TRUE,Synthetic safe OOD example; outside the six supported production services.
OODQ_0191,গণিত সমাধান নিয়ে একটু help দরকার।,OOD,OOD_GENERAL_KNOWLEDGE,General Knowledge,OOD_GENERAL_KNOWLEDGE,General Knowledge,Low,Informal,FALSE,,PARAPHRASED,OOD_GENERAL_KNOWLEDGE_F04,Medium,TRUE,Synthetic safe OOD example; outside the six supported production services.
OODQ_0192,গণিত সমাধান service er information kivabe janbo?,OOD,OOD_GENERAL_KNOWLEDGE,General Knowledge,OOD_GENERAL_KNOWLEDGE,General Knowledge,Low,Mixed,FALSE,,PARAPHRASED,OOD_GENERAL_KNOWLEDGE_F04,Hard,TRUE,Synthetic safe OOD example; outside the six supported production services.
OODQ_0193,ভাষার অনুবাদ বিষয়ে সরকারি সেবা কোথায় পাব?,OOD,OOD_GENERAL_KNOWLEDGE,General Knowledge,OOD_GENERAL_KNOWLEDGE,General Knowledge,Low,Formal,FALSE,,SYNTHETIC,OOD_GENERAL_KNOWLEDGE_F05,Easy,TRUE,Synthetic safe OOD example; outside the six supported production services.
OODQ_0194,ভাষার অনুবাদ নিয়ে একটু help দরকার।,OOD,OOD_GENERAL_KNOWLEDGE,General Knowledge,OOD_GENERAL_KNOWLEDGE,General Knowledge,Low,Informal,FALSE,,PARAPHRASED,OOD_GENERAL_KNOWLEDGE_F05,Medium,TRUE,Synthetic safe OOD example; outside the six supported production services.
OODQ_0195,ভাষার অনুবাদ service er information kivabe janbo?,OOD,OOD_GENERAL_KNOWLEDGE,General Knowledge,OOD_GENERAL_KNOWLEDGE,General Knowledge,Low,Mixed,FALSE,,PARAPHRASED,OOD_GENERAL_KNOWLEDGE_F05,Hard,TRUE,Synthetic safe OOD example; outside the six supported production services.
OODQ_0196,খেলার নিয়ম বিষয়ে সরকারি সেবা কোথায় পাব?,OOD,OOD_GENERAL_KNOWLEDGE,General Knowledge,OOD_GENERAL_KNOWLEDGE,General Knowledge,Low,Formal,FALSE,,SYNTHETIC,OOD_GENERAL_KNOWLEDGE_F06,Easy,TRUE,Synthetic safe OOD example; outside the six supported production services.
OODQ_0197,খেলার নিয়ম নিয়ে একটু help দরকার।,OOD,OOD_GENERAL_KNOWLEDGE,General Knowledge,OOD_GENERAL_KNOWLEDGE,General Knowledge,Low,Informal,FALSE,,PARAPHRASED,OOD_GENERAL_KNOWLEDGE_F06,Medium,TRUE,Synthetic safe OOD example; outside the six supported production services.
OODQ_0198,খেলার নিয়ম service er information kivabe janbo?,OOD,OOD_GENERAL_KNOWLEDGE,General Knowledge,OOD_GENERAL_KNOWLEDGE,General Knowledge,Low,Mixed,FALSE,,PARAPHRASED,OOD_GENERAL_KNOWLEDGE_F06,Hard,TRUE,Synthetic safe OOD example; outside the six supported production services.
OODQ_0199,রান্নার recipe বিষয়ে সরকারি সেবা কোথায় পাব?,OOD,OOD_GENERAL_KNOWLEDGE,General Knowledge,OOD_GENERAL_KNOWLEDGE,General Knowledge,Low,Formal,FALSE,,SYNTHETIC,OOD_GENERAL_KNOWLEDGE_F07,Easy,TRUE,Synthetic safe OOD example; outside the six supported production services.
OODQ_0200,রান্নার recipe নিয়ে একটু help দরকার।,OOD,OOD_GENERAL_KNOWLEDGE,General Knowledge,OOD_GENERAL_KNOWLEDGE,General Knowledge,Low,Informal,FALSE,,PARAPHRASED,OOD_GENERAL_KNOWLEDGE_F07,Medium,TRUE,Synthetic safe OOD example; outside the six supported production services.
OODQ_0201,রান্নার recipe service er information kivabe janbo?,OOD,OOD_GENERAL_KNOWLEDGE,General Knowledge,OOD_GENERAL_KNOWLEDGE,General Knowledge,Low,Mixed,FALSE,,PARAPHRASED,OOD_GENERAL_KNOWLEDGE_F07,Hard,TRUE,Synthetic safe OOD example; outside the six supported production services.
OODQ_0202,ভ্রমণ পরামর্শ বিষয়ে সরকারি সেবা কোথায় পাব?,OOD,OOD_GENERAL_KNOWLEDGE,General Knowledge,OOD_GENERAL_KNOWLEDGE,General Knowledge,Low,Formal,FALSE,,SYNTHETIC,OOD_GENERAL_KNOWLEDGE_F08,Easy,TRUE,Synthetic safe OOD example; outside the six supported production services.
OODQ_0203,ভ্রমণ পরামর্শ নিয়ে একটু help দরকার।,OOD,OOD_GENERAL_KNOWLEDGE,General Knowledge,OOD_GENERAL_KNOWLEDGE,General Knowledge,Low,Informal,FALSE,,PARAPHRASED,OOD_GENERAL_KNOWLEDGE_F08,Medium,TRUE,Synthetic safe OOD example; outside the six supported production services.
OODQ_0204,ভ্রমণ পরামর্শ service er information kivabe janbo?,OOD,OOD_GENERAL_KNOWLEDGE,General Knowledge,OOD_GENERAL_KNOWLEDGE,General Knowledge,Low,Mixed,FALSE,,PARAPHRASED,OOD_GENERAL_KNOWLEDGE_F08,Hard,TRUE,Synthetic safe OOD example; outside the six supported production services.
OODQ_0205,কম্পিউটার শিক্ষা বিষয়ে সরকারি সেবা কোথায় পাব?,OOD,OOD_GENERAL_KNOWLEDGE,General Knowledge,OOD_GENERAL_KNOWLEDGE,General Knowledge,Low,Formal,FALSE,,SYNTHETIC,OOD_GENERAL_KNOWLEDGE_F09,Easy,TRUE,Synthetic safe OOD example; outside the six supported production services.
OODQ_0206,কম্পিউটার শিক্ষা নিয়ে একটু help দরকার।,OOD,OOD_GENERAL_KNOWLEDGE,General Knowledge,OOD_GENERAL_KNOWLEDGE,General Knowledge,Low,Informal,FALSE,,PARAPHRASED,OOD_GENERAL_KNOWLEDGE_F09,Medium,TRUE,Synthetic safe OOD example; outside the six supported production services.
OODQ_0207,কম্পিউটার শিক্ষা service er information kivabe janbo?,OOD,OOD_GENERAL_KNOWLEDGE,General Knowledge,OOD_GENERAL_KNOWLEDGE,General Knowledge,Low,Mixed,FALSE,,PARAPHRASED,OOD_GENERAL_KNOWLEDGE_F09,Hard,TRUE,Synthetic safe OOD example; outside the six supported production services.
OODQ_0208,বইয়ের সারাংশ বিষয়ে সরকারি সেবা কোথায় পাব?,OOD,OOD_GENERAL_KNOWLEDGE,General Knowledge,OOD_GENERAL_KNOWLEDGE,General Knowledge,Low,Formal,FALSE,,SYNTHETIC,OOD_GENERAL_KNOWLEDGE_F10,Easy,TRUE,Synthetic safe OOD example; outside the six supported production services.
OODQ_0209,বইয়ের সারাংশ নিয়ে একটু help দরকার।,OOD,OOD_GENERAL_KNOWLEDGE,General Knowledge,OOD_GENERAL_KNOWLEDGE,General Knowledge,Low,Informal,FALSE,,PARAPHRASED,OOD_GENERAL_KNOWLEDGE_F10,Medium,TRUE,Synthetic safe OOD example; outside the six supported production services.
OODQ_0210,বইয়ের সারাংশ service er information kivabe janbo?,OOD,OOD_GENERAL_KNOWLEDGE,General Knowledge,OOD_GENERAL_KNOWLEDGE,General Knowledge,Low,Mixed,FALSE,,PARAPHRASED,OOD_GENERAL_KNOWLEDGE_F10,Hard,TRUE,Synthetic safe OOD example; outside the six supported production services.
OODQ_0211,কেমন আছেন বিষয়ে সরকারি সেবা কোথায় পাব?,OOD,OOD_CASUAL,Casual,OOD_CASUAL,Casual,Low,Formal,FALSE,,SYNTHETIC,OOD_CASUAL_F01,Easy,TRUE,Synthetic safe OOD example; outside the six supported production services.
OODQ_0212,কেমন আছেন নিয়ে একটু help দরকার।,OOD,OOD_CASUAL,Casual,OOD_CASUAL,Casual,Low,Informal,FALSE,,PARAPHRASED,OOD_CASUAL_F01,Medium,TRUE,Synthetic safe OOD example; outside the six supported production services.
OODQ_0213,কেমন আছেন service er information kivabe janbo?,OOD,OOD_CASUAL,Casual,OOD_CASUAL,Casual,Low,Mixed,FALSE,,PARAPHRASED,OOD_CASUAL_F01,Hard,TRUE,Synthetic safe OOD example; outside the six supported production services.
OODQ_0214,একটি কৌতুক বিষয়ে সরকারি সেবা কোথায় পাব?,OOD,OOD_CASUAL,Casual,OOD_CASUAL,Casual,Low,Formal,FALSE,,SYNTHETIC,OOD_CASUAL_F02,Easy,TRUE,Synthetic safe OOD example; outside the six supported production services.
OODQ_0215,একটি কৌতুক নিয়ে একটু help দরকার।,OOD,OOD_CASUAL,Casual,OOD_CASUAL,Casual,Low,Informal,FALSE,,PARAPHRASED,OOD_CASUAL_F02,Medium,TRUE,Synthetic safe OOD example; outside the six supported production services.
OODQ_0216,একটি কৌতুক service er information kivabe janbo?,OOD,OOD_CASUAL,Casual,OOD_CASUAL,Casual,Low,Mixed,FALSE,,PARAPHRASED,OOD_CASUAL_F02,Hard,TRUE,Synthetic safe OOD example; outside the six supported production services.
OODQ_0217,ধন্যবাদ বিষয়ে সরকারি সেবা কোথায় পাব?,OOD,OOD_CASUAL,Casual,OOD_CASUAL,Casual,Low,Formal,FALSE,,SYNTHETIC,OOD_CASUAL_F03,Easy,TRUE,Synthetic safe OOD example; outside the six supported production services.
OODQ_0218,ধন্যবাদ নিয়ে একটু help দরকার।,OOD,OOD_CASUAL,Casual,OOD_CASUAL,Casual,Low,Informal,FALSE,,PARAPHRASED,OOD_CASUAL_F03,Medium,TRUE,Synthetic safe OOD example; outside the six supported production services.
OODQ_0219,ধন্যবাদ service er information kivabe janbo?,OOD,OOD_CASUAL,Casual,OOD_CASUAL,Casual,Low,Mixed,FALSE,,PARAPHRASED,OOD_CASUAL_F03,Hard,TRUE,Synthetic safe OOD example; outside the six supported production services.
OODQ_0220,শুভ সকাল বিষয়ে সরকারি সেবা কোথায় পাব?,OOD,OOD_CASUAL,Casual,OOD_CASUAL,Casual,Low,Formal,FALSE,,SYNTHETIC,OOD_CASUAL_F04,Easy,TRUE,Synthetic safe OOD example; outside the six supported production services.
OODQ_0221,শুভ সকাল নিয়ে একটু help দরকার।,OOD,OOD_CASUAL,Casual,OOD_CASUAL,Casual,Low,Informal,FALSE,,PARAPHRASED,OOD_CASUAL_F04,Medium,TRUE,Synthetic safe OOD example; outside the six supported production services.
OODQ_0222,শুভ সকাল service er information kivabe janbo?,OOD,OOD_CASUAL,Casual,OOD_CASUAL,Casual,Low,Mixed,FALSE,,PARAPHRASED,OOD_CASUAL_F04,Hard,TRUE,Synthetic safe OOD example; outside the six supported production services.
OODQ_0223,গান শুনতে চাই বিষয়ে সরকারি সেবা কোথায় পাব?,OOD,OOD_CASUAL,Casual,OOD_CASUAL,Casual,Low,Formal,FALSE,,SYNTHETIC,OOD_CASUAL_F05,Easy,TRUE,Synthetic safe OOD example; outside the six supported production services.
OODQ_0224,গান শুনতে চাই নিয়ে একটু help দরকার।,OOD,OOD_CASUAL,Casual,OOD_CASUAL,Casual,Low,Informal,FALSE,,PARAPHRASED,OOD_CASUAL_F05,Medium,TRUE,Synthetic safe OOD example; outside the six supported production services.
OODQ_0225,গান শুনতে চাই service er information kivabe janbo?,OOD,OOD_CASUAL,Casual,OOD_CASUAL,Casual,Low,Mixed,FALSE,,PARAPHRASED,OOD_CASUAL_F05,Hard,TRUE,Synthetic safe OOD example; outside the six supported production services.
OODQ_0226,বন্ধুত্বের কথা বিষয়ে সরকারি সেবা কোথায় পাব?,OOD,OOD_CASUAL,Casual,OOD_CASUAL,Casual,Low,Formal,FALSE,,SYNTHETIC,OOD_CASUAL_F06,Easy,TRUE,Synthetic safe OOD example; outside the six supported production services.
OODQ_0227,বন্ধুত্বের কথা নিয়ে একটু help দরকার।,OOD,OOD_CASUAL,Casual,OOD_CASUAL,Casual,Low,Informal,FALSE,,PARAPHRASED,OOD_CASUAL_F06,Medium,TRUE,Synthetic safe OOD example; outside the six supported production services.
OODQ_0228,বন্ধুত্বের কথা service er information kivabe janbo?,OOD,OOD_CASUAL,Casual,OOD_CASUAL,Casual,Low,Mixed,FALSE,,PARAPHRASED,OOD_CASUAL_F06,Hard,TRUE,Synthetic safe OOD example; outside the six supported production services.
OODQ_0229,সময় কাটানো বিষয়ে সরকারি সেবা কোথায় পাব?,OOD,OOD_CASUAL,Casual,OOD_CASUAL,Casual,Low,Formal,FALSE,,SYNTHETIC,OOD_CASUAL_F07,Easy,TRUE,Synthetic safe OOD example; outside the six supported production services.
OODQ_0230,সময় কাটানো নিয়ে একটু help দরকার।,OOD,OOD_CASUAL,Casual,OOD_CASUAL,Casual,Low,Informal,FALSE,,PARAPHRASED,OOD_CASUAL_F07,Medium,TRUE,Synthetic safe OOD example; outside the six supported production services.
OODQ_0231,সময় কাটানো service er information kivabe janbo?,OOD,OOD_CASUAL,Casual,OOD_CASUAL,Casual,Low,Mixed,FALSE,,PARAPHRASED,OOD_CASUAL_F07,Hard,TRUE,Synthetic safe OOD example; outside the six supported production services.
OODQ_0232,মজার গল্প বিষয়ে সরকারি সেবা কোথায় পাব?,OOD,OOD_CASUAL,Casual,OOD_CASUAL,Casual,Low,Formal,FALSE,,SYNTHETIC,OOD_CASUAL_F08,Easy,TRUE,Synthetic safe OOD example; outside the six supported production services.
OODQ_0233,মজার গল্প নিয়ে একটু help দরকার।,OOD,OOD_CASUAL,Casual,OOD_CASUAL,Casual,Low,Informal,FALSE,,PARAPHRASED,OOD_CASUAL_F08,Medium,TRUE,Synthetic safe OOD example; outside the six supported production services.
OODQ_0234,মজার গল্প service er information kivabe janbo?,OOD,OOD_CASUAL,Casual,OOD_CASUAL,Casual,Low,Mixed,FALSE,,PARAPHRASED,OOD_CASUAL_F08,Hard,TRUE,Synthetic safe OOD example; outside the six supported production services.
OODQ_0235,নিজের পরিচয় বিষয়ে সরকারি সেবা কোথায় পাব?,OOD,OOD_CASUAL,Casual,OOD_CASUAL,Casual,Low,Formal,FALSE,,SYNTHETIC,OOD_CASUAL_F09,Easy,TRUE,Synthetic safe OOD example; outside the six supported production services.
OODQ_0236,নিজের পরিচয় নিয়ে একটু help দরকার।,OOD,OOD_CASUAL,Casual,OOD_CASUAL,Casual,Low,Informal,FALSE,,PARAPHRASED,OOD_CASUAL_F09,Medium,TRUE,Synthetic safe OOD example; outside the six supported production services.
OODQ_0237,নিজের পরিচয় service er information kivabe janbo?,OOD,OOD_CASUAL,Casual,OOD_CASUAL,Casual,Low,Mixed,FALSE,,PARAPHRASED,OOD_CASUAL_F09,Hard,TRUE,Synthetic safe OOD example; outside the six supported production services.
OODQ_0238,বিদায় বিষয়ে সরকারি সেবা কোথায় পাব?,OOD,OOD_CASUAL,Casual,OOD_CASUAL,Casual,Low,Formal,FALSE,,SYNTHETIC,OOD_CASUAL_F10,Easy,TRUE,Synthetic safe OOD example; outside the six supported production services.
OODQ_0239,বিদায় নিয়ে একটু help দরকার।,OOD,OOD_CASUAL,Casual,OOD_CASUAL,Casual,Low,Informal,FALSE,,PARAPHRASED,OOD_CASUAL_F10,Medium,TRUE,Synthetic safe OOD example; outside the six supported production services.
OODQ_0240,বিদায় service er information kivabe janbo?,OOD,OOD_CASUAL,Casual,OOD_CASUAL,Casual,Low,Mixed,FALSE,,PARAPHRASED,OOD_CASUAL_F10,Hard,TRUE,Synthetic safe OOD example; outside the six supported production services.
OODQ_0241,ফসলের রোগ বিষয়ে সরকারি সেবা কোথায় পাব?,OOD,OOD_AGRICULTURE,Agriculture,OOD_AGRICULTURE,Agriculture,Low,Formal,FALSE,,SYNTHETIC,OOD_AGRICULTURE_F01,Easy,TRUE,Synthetic safe OOD example; outside the six supported production services.
OODQ_0242,ফসলের রোগ নিয়ে একটু help দরকার।,OOD,OOD_AGRICULTURE,Agriculture,OOD_AGRICULTURE,Agriculture,Low,Informal,FALSE,,PARAPHRASED,OOD_AGRICULTURE_F01,Medium,TRUE,Synthetic safe OOD example; outside the six supported production services.
OODQ_0243,ফসলের রোগ service er information kivabe janbo?,OOD,OOD_AGRICULTURE,Agriculture,OOD_AGRICULTURE,Agriculture,Low,Mixed,FALSE,,PARAPHRASED,OOD_AGRICULTURE_F01,Hard,TRUE,Synthetic safe OOD example; outside the six supported production services.
OODQ_0244,সার ব্যবহার বিষয়ে সরকারি সেবা কোথায় পাব?,OOD,OOD_AGRICULTURE,Agriculture,OOD_AGRICULTURE,Agriculture,Low,Formal,FALSE,,SYNTHETIC,OOD_AGRICULTURE_F02,Easy,TRUE,Synthetic safe OOD example; outside the six supported production services.
OODQ_0245,সার ব্যবহার নিয়ে একটু help দরকার।,OOD,OOD_AGRICULTURE,Agriculture,OOD_AGRICULTURE,Agriculture,Low,Informal,FALSE,,PARAPHRASED,OOD_AGRICULTURE_F02,Medium,TRUE,Synthetic safe OOD example; outside the six supported production services.
OODQ_0246,সার ব্যবহার service er information kivabe janbo?,OOD,OOD_AGRICULTURE,Agriculture,OOD_AGRICULTURE,Agriculture,Low,Mixed,FALSE,,PARAPHRASED,OOD_AGRICULTURE_F02,Hard,TRUE,Synthetic safe OOD example; outside the six supported production services.
OODQ_0247,বীজ বিষয়ে সরকারি সেবা কোথায় পাব?,OOD,OOD_AGRICULTURE,Agriculture,OOD_AGRICULTURE,Agriculture,Low,Formal,FALSE,,SYNTHETIC,OOD_AGRICULTURE_F03,Easy,TRUE,Synthetic safe OOD example; outside the six supported production services.
OODQ_0248,বীজ নিয়ে একটু help দরকার।,OOD,OOD_AGRICULTURE,Agriculture,OOD_AGRICULTURE,Agriculture,Low,Informal,FALSE,,PARAPHRASED,OOD_AGRICULTURE_F03,Medium,TRUE,Synthetic safe OOD example; outside the six supported production services.
OODQ_0249,বীজ service er information kivabe janbo?,OOD,OOD_AGRICULTURE,Agriculture,OOD_AGRICULTURE,Agriculture,Low,Mixed,FALSE,,PARAPHRASED,OOD_AGRICULTURE_F03,Hard,TRUE,Synthetic safe OOD example; outside the six supported production services.
OODQ_0250,কৃষি ঋণ বিষয়ে সরকারি সেবা কোথায় পাব?,OOD,OOD_AGRICULTURE,Agriculture,OOD_AGRICULTURE,Agriculture,Low,Formal,FALSE,,SYNTHETIC,OOD_AGRICULTURE_F04,Easy,TRUE,Synthetic safe OOD example; outside the six supported production services.
OODQ_0251,কৃষি ঋণ নিয়ে একটু help দরকার।,OOD,OOD_AGRICULTURE,Agriculture,OOD_AGRICULTURE,Agriculture,Low,Informal,FALSE,,PARAPHRASED,OOD_AGRICULTURE_F04,Medium,TRUE,Synthetic safe OOD example; outside the six supported production services.
OODQ_0252,কৃষি ঋণ service er information kivabe janbo?,OOD,OOD_AGRICULTURE,Agriculture,OOD_AGRICULTURE,Agriculture,Low,Mixed,FALSE,,PARAPHRASED,OOD_AGRICULTURE_F04,Hard,TRUE,Synthetic safe OOD example; outside the six supported production services.
OODQ_0253,সেচ বিষয়ে সরকারি সেবা কোথায় পাব?,OOD,OOD_AGRICULTURE,Agriculture,OOD_AGRICULTURE,Agriculture,Low,Formal,FALSE,,SYNTHETIC,OOD_AGRICULTURE_F05,Easy,TRUE,Synthetic safe OOD example; outside the six supported production services.
OODQ_0254,সেচ নিয়ে একটু help দরকার।,OOD,OOD_AGRICULTURE,Agriculture,OOD_AGRICULTURE,Agriculture,Low,Informal,FALSE,,PARAPHRASED,OOD_AGRICULTURE_F05,Medium,TRUE,Synthetic safe OOD example; outside the six supported production services.
OODQ_0255,সেচ service er information kivabe janbo?,OOD,OOD_AGRICULTURE,Agriculture,OOD_AGRICULTURE,Agriculture,Low,Mixed,FALSE,,PARAPHRASED,OOD_AGRICULTURE_F05,Hard,TRUE,Synthetic safe OOD example; outside the six supported production services.
OODQ_0256,মাছ চাষ বিষয়ে সরকারি সেবা কোথায় পাব?,OOD,OOD_AGRICULTURE,Agriculture,OOD_AGRICULTURE,Agriculture,Low,Formal,FALSE,,SYNTHETIC,OOD_AGRICULTURE_F06,Easy,TRUE,Synthetic safe OOD example; outside the six supported production services.
OODQ_0257,মাছ চাষ নিয়ে একটু help দরকার।,OOD,OOD_AGRICULTURE,Agriculture,OOD_AGRICULTURE,Agriculture,Low,Informal,FALSE,,PARAPHRASED,OOD_AGRICULTURE_F06,Medium,TRUE,Synthetic safe OOD example; outside the six supported production services.
OODQ_0258,মাছ চাষ service er information kivabe janbo?,OOD,OOD_AGRICULTURE,Agriculture,OOD_AGRICULTURE,Agriculture,Low,Mixed,FALSE,,PARAPHRASED,OOD_AGRICULTURE_F06,Hard,TRUE,Synthetic safe OOD example; outside the six supported production services.
OODQ_0259,পশু চিকিৎসা বিষয়ে সরকারি সেবা কোথায় পাব?,OOD,OOD_AGRICULTURE,Agriculture,OOD_AGRICULTURE,Agriculture,Low,Formal,FALSE,,SYNTHETIC,OOD_AGRICULTURE_F07,Easy,TRUE,Synthetic safe OOD example; outside the six supported production services.
OODQ_0260,পশু চিকিৎসা নিয়ে একটু help দরকার।,OOD,OOD_AGRICULTURE,Agriculture,OOD_AGRICULTURE,Agriculture,Low,Informal,FALSE,,PARAPHRASED,OOD_AGRICULTURE_F07,Medium,TRUE,Synthetic safe OOD example; outside the six supported production services.
OODQ_0261,পশু চিকিৎসা service er information kivabe janbo?,OOD,OOD_AGRICULTURE,Agriculture,OOD_AGRICULTURE,Agriculture,Low,Mixed,FALSE,,PARAPHRASED,OOD_AGRICULTURE_F07,Hard,TRUE,Synthetic safe OOD example; outside the six supported production services.
OODQ_0262,বাজারদর বিষয়ে সরকারি সেবা কোথায় পাব?,OOD,OOD_AGRICULTURE,Agriculture,OOD_AGRICULTURE,Agriculture,Low,Formal,FALSE,,SYNTHETIC,OOD_AGRICULTURE_F08,Easy,TRUE,Synthetic safe OOD example; outside the six supported production services.
OODQ_0263,বাজারদর নিয়ে একটু help দরকার।,OOD,OOD_AGRICULTURE,Agriculture,OOD_AGRICULTURE,Agriculture,Low,Informal,FALSE,,PARAPHRASED,OOD_AGRICULTURE_F08,Medium,TRUE,Synthetic safe OOD example; outside the six supported production services.
OODQ_0264,বাজারদর service er information kivabe janbo?,OOD,OOD_AGRICULTURE,Agriculture,OOD_AGRICULTURE,Agriculture,Low,Mixed,FALSE,,PARAPHRASED,OOD_AGRICULTURE_F08,Hard,TRUE,Synthetic safe OOD example; outside the six supported production services.
OODQ_0265,কৃষি প্রশিক্ষণ বিষয়ে সরকারি সেবা কোথায় পাব?,OOD,OOD_AGRICULTURE,Agriculture,OOD_AGRICULTURE,Agriculture,Low,Formal,FALSE,,SYNTHETIC,OOD_AGRICULTURE_F09,Easy,TRUE,Synthetic safe OOD example; outside the six supported production services.
OODQ_0266,কৃষি প্রশিক্ষণ নিয়ে একটু help দরকার।,OOD,OOD_AGRICULTURE,Agriculture,OOD_AGRICULTURE,Agriculture,Low,Informal,FALSE,,PARAPHRASED,OOD_AGRICULTURE_F09,Medium,TRUE,Synthetic safe OOD example; outside the six supported production services.
OODQ_0267,কৃষি প্রশিক্ষণ service er information kivabe janbo?,OOD,OOD_AGRICULTURE,Agriculture,OOD_AGRICULTURE,Agriculture,Low,Mixed,FALSE,,PARAPHRASED,OOD_AGRICULTURE_F09,Hard,TRUE,Synthetic safe OOD example; outside the six supported production services.
OODQ_0268,মাটি পরীক্ষা বিষয়ে সরকারি সেবা কোথায় পাব?,OOD,OOD_AGRICULTURE,Agriculture,OOD_AGRICULTURE,Agriculture,Low,Formal,FALSE,,SYNTHETIC,OOD_AGRICULTURE_F10,Easy,TRUE,Synthetic safe OOD example; outside the six supported production services.
OODQ_0269,মাটি পরীক্ষা নিয়ে একটু help দরকার।,OOD,OOD_AGRICULTURE,Agriculture,OOD_AGRICULTURE,Agriculture,Low,Informal,FALSE,,PARAPHRASED,OOD_AGRICULTURE_F10,Medium,TRUE,Synthetic safe OOD example; outside the six supported production services.
OODQ_0270,মাটি পরীক্ষা service er information kivabe janbo?,OOD,OOD_AGRICULTURE,Agriculture,OOD_AGRICULTURE,Agriculture,Low,Mixed,FALSE,,PARAPHRASED,OOD_AGRICULTURE_F10,Hard,TRUE,Synthetic safe OOD example; outside the six supported production services.
OODQ_0271,বয়স্ক ভাতা বিষয়ে সরকারি সেবা কোথায় পাব?,OOD,OOD_SOCIAL_WELFARE,Social Welfare,OOD_SOCIAL_WELFARE,Social Welfare,Low,Formal,FALSE,,SYNTHETIC,OOD_SOCIAL_WELFARE_F01,Easy,TRUE,Synthetic safe OOD example; outside the six supported production services.
OODQ_0272,বয়স্ক ভাতা নিয়ে একটু help দরকার।,OOD,OOD_SOCIAL_WELFARE,Social Welfare,OOD_SOCIAL_WELFARE,Social Welfare,Low,Informal,FALSE,,PARAPHRASED,OOD_SOCIAL_WELFARE_F01,Medium,TRUE,Synthetic safe OOD example; outside the six supported production services.
OODQ_0273,বয়স্ক ভাতা service er information kivabe janbo?,OOD,OOD_SOCIAL_WELFARE,Social Welfare,OOD_SOCIAL_WELFARE,Social Welfare,Low,Mixed,FALSE,,PARAPHRASED,OOD_SOCIAL_WELFARE_F01,Hard,TRUE,Synthetic safe OOD example; outside the six supported production services.
OODQ_0274,প্রতিবন্ধী ভাতা বিষয়ে সরকারি সেবা কোথায় পাব?,OOD,OOD_SOCIAL_WELFARE,Social Welfare,OOD_SOCIAL_WELFARE,Social Welfare,Low,Formal,FALSE,,SYNTHETIC,OOD_SOCIAL_WELFARE_F02,Easy,TRUE,Synthetic safe OOD example; outside the six supported production services.
OODQ_0275,প্রতিবন্ধী ভাতা নিয়ে একটু help দরকার।,OOD,OOD_SOCIAL_WELFARE,Social Welfare,OOD_SOCIAL_WELFARE,Social Welfare,Low,Informal,FALSE,,PARAPHRASED,OOD_SOCIAL_WELFARE_F02,Medium,TRUE,Synthetic safe OOD example; outside the six supported production services.
OODQ_0276,প্রতিবন্ধী ভাতা service er information kivabe janbo?,OOD,OOD_SOCIAL_WELFARE,Social Welfare,OOD_SOCIAL_WELFARE,Social Welfare,Low,Mixed,FALSE,,PARAPHRASED,OOD_SOCIAL_WELFARE_F02,Hard,TRUE,Synthetic safe OOD example; outside the six supported production services.
OODQ_0277,বিধবা ভাতা বিষয়ে সরকারি সেবা কোথায় পাব?,OOD,OOD_SOCIAL_WELFARE,Social Welfare,OOD_SOCIAL_WELFARE,Social Welfare,Low,Formal,FALSE,,SYNTHETIC,OOD_SOCIAL_WELFARE_F03,Easy,TRUE,Synthetic safe OOD example; outside the six supported production services.
OODQ_0278,বিধবা ভাতা নিয়ে একটু help দরকার।,OOD,OOD_SOCIAL_WELFARE,Social Welfare,OOD_SOCIAL_WELFARE,Social Welfare,Low,Informal,FALSE,,PARAPHRASED,OOD_SOCIAL_WELFARE_F03,Medium,TRUE,Synthetic safe OOD example; outside the six supported production services.
OODQ_0279,বিধবা ভাতা service er information kivabe janbo?,OOD,OOD_SOCIAL_WELFARE,Social Welfare,OOD_SOCIAL_WELFARE,Social Welfare,Low,Mixed,FALSE,,PARAPHRASED,OOD_SOCIAL_WELFARE_F03,Hard,TRUE,Synthetic safe OOD example; outside the six supported production services.
OODQ_0280,খাদ্য সহায়তা বিষয়ে সরকারি সেবা কোথায় পাব?,OOD,OOD_SOCIAL_WELFARE,Social Welfare,OOD_SOCIAL_WELFARE,Social Welfare,Low,Formal,FALSE,,SYNTHETIC,OOD_SOCIAL_WELFARE_F04,Easy,TRUE,Synthetic safe OOD example; outside the six supported production services.
OODQ_0281,খাদ্য সহায়তা নিয়ে একটু help দরকার।,OOD,OOD_SOCIAL_WELFARE,Social Welfare,OOD_SOCIAL_WELFARE,Social Welfare,Low,Informal,FALSE,,PARAPHRASED,OOD_SOCIAL_WELFARE_F04,Medium,TRUE,Synthetic safe OOD example; outside the six supported production services.
OODQ_0282,খাদ্য সহায়তা service er information kivabe janbo?,OOD,OOD_SOCIAL_WELFARE,Social Welfare,OOD_SOCIAL_WELFARE,Social Welfare,Low,Mixed,FALSE,,PARAPHRASED,OOD_SOCIAL_WELFARE_F04,Hard,TRUE,Synthetic safe OOD example; outside the six supported production services.
OODQ_0283,আশ্রয়ণ বিষয়ে সরকারি সেবা কোথায় পাব?,OOD,OOD_SOCIAL_WELFARE,Social Welfare,OOD_SOCIAL_WELFARE,Social Welfare,Low,Formal,FALSE,,SYNTHETIC,OOD_SOCIAL_WELFARE_F05,Easy,TRUE,Synthetic safe OOD example; outside the six supported production services.
OODQ_0284,আশ্রয়ণ নিয়ে একটু help দরকার।,OOD,OOD_SOCIAL_WELFARE,Social Welfare,OOD_SOCIAL_WELFARE,Social Welfare,Low,Informal,FALSE,,PARAPHRASED,OOD_SOCIAL_WELFARE_F05,Medium,TRUE,Synthetic safe OOD example; outside the six supported production services.
OODQ_0285,আশ্রয়ণ service er information kivabe janbo?,OOD,OOD_SOCIAL_WELFARE,Social Welfare,OOD_SOCIAL_WELFARE,Social Welfare,Low,Mixed,FALSE,,PARAPHRASED,OOD_SOCIAL_WELFARE_F05,Hard,TRUE,Synthetic safe OOD example; outside the six supported production services.
OODQ_0286,অনুদান বিষয়ে সরকারি সেবা কোথায় পাব?,OOD,OOD_SOCIAL_WELFARE,Social Welfare,OOD_SOCIAL_WELFARE,Social Welfare,Low,Formal,FALSE,,SYNTHETIC,OOD_SOCIAL_WELFARE_F06,Easy,TRUE,Synthetic safe OOD example; outside the six supported production services.
OODQ_0287,অনুদান নিয়ে একটু help দরকার।,OOD,OOD_SOCIAL_WELFARE,Social Welfare,OOD_SOCIAL_WELFARE,Social Welfare,Low,Informal,FALSE,,PARAPHRASED,OOD_SOCIAL_WELFARE_F06,Medium,TRUE,Synthetic safe OOD example; outside the six supported production services.
OODQ_0288,অনুদান service er information kivabe janbo?,OOD,OOD_SOCIAL_WELFARE,Social Welfare,OOD_SOCIAL_WELFARE,Social Welfare,Low,Mixed,FALSE,,PARAPHRASED,OOD_SOCIAL_WELFARE_F06,Hard,TRUE,Synthetic safe OOD example; outside the six supported production services.
OODQ_0289,সমাজসেবা বিষয়ে সরকারি সেবা কোথায় পাব?,OOD,OOD_SOCIAL_WELFARE,Social Welfare,OOD_SOCIAL_WELFARE,Social Welfare,Low,Formal,FALSE,,SYNTHETIC,OOD_SOCIAL_WELFARE_F07,Easy,TRUE,Synthetic safe OOD example; outside the six supported production services.
OODQ_0290,সমাজসেবা নিয়ে একটু help দরকার।,OOD,OOD_SOCIAL_WELFARE,Social Welfare,OOD_SOCIAL_WELFARE,Social Welfare,Low,Informal,FALSE,,PARAPHRASED,OOD_SOCIAL_WELFARE_F07,Medium,TRUE,Synthetic safe OOD example; outside the six supported production services.
OODQ_0291,সমাজসেবা service er information kivabe janbo?,OOD,OOD_SOCIAL_WELFARE,Social Welfare,OOD_SOCIAL_WELFARE,Social Welfare,Low,Mixed,FALSE,,PARAPHRASED,OOD_SOCIAL_WELFARE_F07,Hard,TRUE,Synthetic safe OOD example; outside the six supported production services.
OODQ_0292,ভাতা status বিষয়ে সরকারি সেবা কোথায় পাব?,OOD,OOD_SOCIAL_WELFARE,Social Welfare,OOD_SOCIAL_WELFARE,Social Welfare,Low,Formal,FALSE,,SYNTHETIC,OOD_SOCIAL_WELFARE_F08,Easy,TRUE,Synthetic safe OOD example; outside the six supported production services.
OODQ_0293,ভাতা status নিয়ে একটু help দরকার।,OOD,OOD_SOCIAL_WELFARE,Social Welfare,OOD_SOCIAL_WELFARE,Social Welfare,Low,Informal,FALSE,,PARAPHRASED,OOD_SOCIAL_WELFARE_F08,Medium,TRUE,Synthetic safe OOD example; outside the six supported production services.
OODQ_0294,ভাতা status service er information kivabe janbo?,OOD,OOD_SOCIAL_WELFARE,Social Welfare,OOD_SOCIAL_WELFARE,Social Welfare,Low,Mixed,FALSE,,PARAPHRASED,OOD_SOCIAL_WELFARE_F08,Hard,TRUE,Synthetic safe OOD example; outside the six supported production services.
OODQ_0295,সহায়তার আবেদন বিষয়ে সরকারি সেবা কোথায় পাব?,OOD,OOD_SOCIAL_WELFARE,Social Welfare,OOD_SOCIAL_WELFARE,Social Welfare,Low,Formal,FALSE,,SYNTHETIC,OOD_SOCIAL_WELFARE_F09,Easy,TRUE,Synthetic safe OOD example; outside the six supported production services.
OODQ_0296,সহায়তার আবেদন নিয়ে একটু help দরকার।,OOD,OOD_SOCIAL_WELFARE,Social Welfare,OOD_SOCIAL_WELFARE,Social Welfare,Low,Informal,FALSE,,PARAPHRASED,OOD_SOCIAL_WELFARE_F09,Medium,TRUE,Synthetic safe OOD example; outside the six supported production services.
OODQ_0297,সহায়তার আবেদন service er information kivabe janbo?,OOD,OOD_SOCIAL_WELFARE,Social Welfare,OOD_SOCIAL_WELFARE,Social Welfare,Low,Mixed,FALSE,,PARAPHRASED,OOD_SOCIAL_WELFARE_F09,Hard,TRUE,Synthetic safe OOD example; outside the six supported production services.
OODQ_0298,কল্যাণ কর্মসূচি বিষয়ে সরকারি সেবা কোথায় পাব?,OOD,OOD_SOCIAL_WELFARE,Social Welfare,OOD_SOCIAL_WELFARE,Social Welfare,Low,Formal,FALSE,,SYNTHETIC,OOD_SOCIAL_WELFARE_F10,Easy,TRUE,Synthetic safe OOD example; outside the six supported production services.
OODQ_0299,কল্যাণ কর্মসূচি নিয়ে একটু help দরকার।,OOD,OOD_SOCIAL_WELFARE,Social Welfare,OOD_SOCIAL_WELFARE,Social Welfare,Low,Informal,FALSE,,PARAPHRASED,OOD_SOCIAL_WELFARE_F10,Medium,TRUE,Synthetic safe OOD example; outside the six supported production services.
OODQ_0300,কল্যাণ কর্মসূচি service er information kivabe janbo?,OOD,OOD_SOCIAL_WELFARE,Social Welfare,OOD_SOCIAL_WELFARE,Social Welfare,Low,Mixed,FALSE,,PARAPHRASED,OOD_SOCIAL_WELFARE_F10,Hard,TRUE,Synthetic safe OOD example; outside the six supported production services.
OODQ_0301,trade licence বিষয়ে সরকারি সেবা কোথায় পাব?,OOD,OOD_BUSINESS_LICENCE,Business Licence,OOD_BUSINESS_LICENCE,Business Licence,Low,Formal,FALSE,,SYNTHETIC,OOD_BUSINESS_LICENCE_F01,Easy,TRUE,Synthetic safe OOD example; outside the six supported production services.
OODQ_0302,trade licence নিয়ে একটু help দরকার।,OOD,OOD_BUSINESS_LICENCE,Business Licence,OOD_BUSINESS_LICENCE,Business Licence,Low,Informal,FALSE,,PARAPHRASED,OOD_BUSINESS_LICENCE_F01,Medium,TRUE,Synthetic safe OOD example; outside the six supported production services.
OODQ_0303,trade licence service er information kivabe janbo?,OOD,OOD_BUSINESS_LICENCE,Business Licence,OOD_BUSINESS_LICENCE,Business Licence,Low,Mixed,FALSE,,PARAPHRASED,OOD_BUSINESS_LICENCE_F01,Hard,TRUE,Synthetic safe OOD example; outside the six supported production services.
OODQ_0304,company registration বিষয়ে সরকারি সেবা কোথায় পাব?,OOD,OOD_BUSINESS_LICENCE,Business Licence,OOD_BUSINESS_LICENCE,Business Licence,Low,Formal,FALSE,,SYNTHETIC,OOD_BUSINESS_LICENCE_F02,Easy,TRUE,Synthetic safe OOD example; outside the six supported production services.
OODQ_0305,company registration নিয়ে একটু help দরকার।,OOD,OOD_BUSINESS_LICENCE,Business Licence,OOD_BUSINESS_LICENCE,Business Licence,Low,Informal,FALSE,,PARAPHRASED,OOD_BUSINESS_LICENCE_F02,Medium,TRUE,Synthetic safe OOD example; outside the six supported production services.
OODQ_0306,company registration service er information kivabe janbo?,OOD,OOD_BUSINESS_LICENCE,Business Licence,OOD_BUSINESS_LICENCE,Business Licence,Low,Mixed,FALSE,,PARAPHRASED,OOD_BUSINESS_LICENCE_F02,Hard,TRUE,Synthetic safe OOD example; outside the six supported production services.
OODQ_0307,import permit বিষয়ে সরকারি সেবা কোথায় পাব?,OOD,OOD_BUSINESS_LICENCE,Business Licence,OOD_BUSINESS_LICENCE,Business Licence,Low,Formal,FALSE,,SYNTHETIC,OOD_BUSINESS_LICENCE_F03,Easy,TRUE,Synthetic safe OOD example; outside the six supported production services.
OODQ_0308,import permit নিয়ে একটু help দরকার।,OOD,OOD_BUSINESS_LICENCE,Business Licence,OOD_BUSINESS_LICENCE,Business Licence,Low,Informal,FALSE,,PARAPHRASED,OOD_BUSINESS_LICENCE_F03,Medium,TRUE,Synthetic safe OOD example; outside the six supported production services.
OODQ_0309,import permit service er information kivabe janbo?,OOD,OOD_BUSINESS_LICENCE,Business Licence,OOD_BUSINESS_LICENCE,Business Licence,Low,Mixed,FALSE,,PARAPHRASED,OOD_BUSINESS_LICENCE_F03,Hard,TRUE,Synthetic safe OOD example; outside the six supported production services.
OODQ_0310,export licence বিষয়ে সরকারি সেবা কোথায় পাব?,OOD,OOD_BUSINESS_LICENCE,Business Licence,OOD_BUSINESS_LICENCE,Business Licence,Low,Formal,FALSE,,SYNTHETIC,OOD_BUSINESS_LICENCE_F04,Easy,TRUE,Synthetic safe OOD example; outside the six supported production services.
OODQ_0311,export licence নিয়ে একটু help দরকার।,OOD,OOD_BUSINESS_LICENCE,Business Licence,OOD_BUSINESS_LICENCE,Business Licence,Low,Informal,FALSE,,PARAPHRASED,OOD_BUSINESS_LICENCE_F04,Medium,TRUE,Synthetic safe OOD example; outside the six supported production services.
OODQ_0312,export licence service er information kivabe janbo?,OOD,OOD_BUSINESS_LICENCE,Business Licence,OOD_BUSINESS_LICENCE,Business Licence,Low,Mixed,FALSE,,PARAPHRASED,OOD_BUSINESS_LICENCE_F04,Hard,TRUE,Synthetic safe OOD example; outside the six supported production services.
OODQ_0313,factory licence বিষয়ে সরকারি সেবা কোথায় পাব?,OOD,OOD_BUSINESS_LICENCE,Business Licence,OOD_BUSINESS_LICENCE,Business Licence,Low,Formal,FALSE,,SYNTHETIC,OOD_BUSINESS_LICENCE_F05,Easy,TRUE,Synthetic safe OOD example; outside the six supported production services.
OODQ_0314,factory licence নিয়ে একটু help দরকার।,OOD,OOD_BUSINESS_LICENCE,Business Licence,OOD_BUSINESS_LICENCE,Business Licence,Low,Informal,FALSE,,PARAPHRASED,OOD_BUSINESS_LICENCE_F05,Medium,TRUE,Synthetic safe OOD example; outside the six supported production services.
OODQ_0315,factory licence service er information kivabe janbo?,OOD,OOD_BUSINESS_LICENCE,Business Licence,OOD_BUSINESS_LICENCE,Business Licence,Low,Mixed,FALSE,,PARAPHRASED,OOD_BUSINESS_LICENCE_F05,Hard,TRUE,Synthetic safe OOD example; outside the six supported production services.
OODQ_0316,shop permit বিষয়ে সরকারি সেবা কোথায় পাব?,OOD,OOD_BUSINESS_LICENCE,Business Licence,OOD_BUSINESS_LICENCE,Business Licence,Low,Formal,FALSE,,SYNTHETIC,OOD_BUSINESS_LICENCE_F06,Easy,TRUE,Synthetic safe OOD example; outside the six supported production services.
OODQ_0317,shop permit নিয়ে একটু help দরকার।,OOD,OOD_BUSINESS_LICENCE,Business Licence,OOD_BUSINESS_LICENCE,Business Licence,Low,Informal,FALSE,,PARAPHRASED,OOD_BUSINESS_LICENCE_F06,Medium,TRUE,Synthetic safe OOD example; outside the six supported production services.
OODQ_0318,shop permit service er information kivabe janbo?,OOD,OOD_BUSINESS_LICENCE,Business Licence,OOD_BUSINESS_LICENCE,Business Licence,Low,Mixed,FALSE,,PARAPHRASED,OOD_BUSINESS_LICENCE_F06,Hard,TRUE,Synthetic safe OOD example; outside the six supported production services.
OODQ_0319,business name বিষয়ে সরকারি সেবা কোথায় পাব?,OOD,OOD_BUSINESS_LICENCE,Business Licence,OOD_BUSINESS_LICENCE,Business Licence,Low,Formal,FALSE,,SYNTHETIC,OOD_BUSINESS_LICENCE_F07,Easy,TRUE,Synthetic safe OOD example; outside the six supported production services.
OODQ_0320,business name নিয়ে একটু help দরকার।,OOD,OOD_BUSINESS_LICENCE,Business Licence,OOD_BUSINESS_LICENCE,Business Licence,Low,Informal,FALSE,,PARAPHRASED,OOD_BUSINESS_LICENCE_F07,Medium,TRUE,Synthetic safe OOD example; outside the six supported production services.
OODQ_0321,business name service er information kivabe janbo?,OOD,OOD_BUSINESS_LICENCE,Business Licence,OOD_BUSINESS_LICENCE,Business Licence,Low,Mixed,FALSE,,PARAPHRASED,OOD_BUSINESS_LICENCE_F07,Hard,TRUE,Synthetic safe OOD example; outside the six supported production services.
OODQ_0322,VAT registration বিষয়ে সরকারি সেবা কোথায় পাব?,OOD,OOD_BUSINESS_LICENCE,Business Licence,OOD_BUSINESS_LICENCE,Business Licence,Low,Formal,FALSE,,SYNTHETIC,OOD_BUSINESS_LICENCE_F08,Easy,TRUE,Synthetic safe OOD example; outside the six supported production services.
OODQ_0323,VAT registration নিয়ে একটু help দরকার।,OOD,OOD_BUSINESS_LICENCE,Business Licence,OOD_BUSINESS_LICENCE,Business Licence,Low,Informal,FALSE,,PARAPHRASED,OOD_BUSINESS_LICENCE_F08,Medium,TRUE,Synthetic safe OOD example; outside the six supported production services.
OODQ_0324,VAT registration service er information kivabe janbo?,OOD,OOD_BUSINESS_LICENCE,Business Licence,OOD_BUSINESS_LICENCE,Business Licence,Low,Mixed,FALSE,,PARAPHRASED,OOD_BUSINESS_LICENCE_F08,Hard,TRUE,Synthetic safe OOD example; outside the six supported production services.
OODQ_0325,fire licence বিষয়ে সরকারি সেবা কোথায় পাব?,OOD,OOD_BUSINESS_LICENCE,Business Licence,OOD_BUSINESS_LICENCE,Business Licence,Low,Formal,FALSE,,SYNTHETIC,OOD_BUSINESS_LICENCE_F09,Easy,TRUE,Synthetic safe OOD example; outside the six supported production services.
OODQ_0326,fire licence নিয়ে একটু help দরকার।,OOD,OOD_BUSINESS_LICENCE,Business Licence,OOD_BUSINESS_LICENCE,Business Licence,Low,Informal,FALSE,,PARAPHRASED,OOD_BUSINESS_LICENCE_F09,Medium,TRUE,Synthetic safe OOD example; outside the six supported production services.
OODQ_0327,fire licence service er information kivabe janbo?,OOD,OOD_BUSINESS_LICENCE,Business Licence,OOD_BUSINESS_LICENCE,Business Licence,Low,Mixed,FALSE,,PARAPHRASED,OOD_BUSINESS_LICENCE_F09,Hard,TRUE,Synthetic safe OOD example; outside the six supported production services.
OODQ_0328,commercial approval বিষয়ে সরকারি সেবা কোথায় পাব?,OOD,OOD_BUSINESS_LICENCE,Business Licence,OOD_BUSINESS_LICENCE,Business Licence,Low,Formal,FALSE,,SYNTHETIC,OOD_BUSINESS_LICENCE_F10,Easy,TRUE,Synthetic safe OOD example; outside the six supported production services.
OODQ_0329,commercial approval নিয়ে একটু help দরকার।,OOD,OOD_BUSINESS_LICENCE,Business Licence,OOD_BUSINESS_LICENCE,Business Licence,Low,Informal,FALSE,,PARAPHRASED,OOD_BUSINESS_LICENCE_F10,Medium,TRUE,Synthetic safe OOD example; outside the six supported production services.
OODQ_0330,commercial approval service er information kivabe janbo?,OOD,OOD_BUSINESS_LICENCE,Business Licence,OOD_BUSINESS_LICENCE,Business Licence,Low,Mixed,FALSE,,PARAPHRASED,OOD_BUSINESS_LICENCE_F10,Hard,TRUE,Synthetic safe OOD example; outside the six supported production services.
OODQ_0331,holding tax বিষয়ে সরকারি সেবা কোথায় পাব?,OOD,OOD_MUNICIPAL,Municipal,OOD_MUNICIPAL,Municipal,Low,Formal,FALSE,,SYNTHETIC,OOD_MUNICIPAL_F01,Easy,TRUE,Synthetic safe OOD example; outside the six supported production services.
OODQ_0332,holding tax নিয়ে একটু help দরকার।,OOD,OOD_MUNICIPAL,Municipal,OOD_MUNICIPAL,Municipal,Low,Informal,FALSE,,PARAPHRASED,OOD_MUNICIPAL_F01,Medium,TRUE,Synthetic safe OOD example; outside the six supported production services.
OODQ_0333,holding tax service er information kivabe janbo?,OOD,OOD_MUNICIPAL,Municipal,OOD_MUNICIPAL,Municipal,Low,Mixed,FALSE,,PARAPHRASED,OOD_MUNICIPAL_F01,Hard,TRUE,Synthetic safe OOD example; outside the six supported production services.
OODQ_0334,বাড়ির নকশা বিষয়ে সরকারি সেবা কোথায় পাব?,OOD,OOD_MUNICIPAL,Municipal,OOD_MUNICIPAL,Municipal,Low,Formal,FALSE,,SYNTHETIC,OOD_MUNICIPAL_F02,Easy,TRUE,Synthetic safe OOD example; outside the six supported production services.
OODQ_0335,বাড়ির নকশা নিয়ে একটু help দরকার।,OOD,OOD_MUNICIPAL,Municipal,OOD_MUNICIPAL,Municipal,Low,Informal,FALSE,,PARAPHRASED,OOD_MUNICIPAL_F02,Medium,TRUE,Synthetic safe OOD example; outside the six supported production services.
OODQ_0336,বাড়ির নকশা service er information kivabe janbo?,OOD,OOD_MUNICIPAL,Municipal,OOD_MUNICIPAL,Municipal,Low,Mixed,FALSE,,PARAPHRASED,OOD_MUNICIPAL_F02,Hard,TRUE,Synthetic safe OOD example; outside the six supported production services.
OODQ_0337,বর্জ্য সংগ্রহ বিষয়ে সরকারি সেবা কোথায় পাব?,OOD,OOD_MUNICIPAL,Municipal,OOD_MUNICIPAL,Municipal,Low,Formal,FALSE,,SYNTHETIC,OOD_MUNICIPAL_F03,Easy,TRUE,Synthetic safe OOD example; outside the six supported production services.
OODQ_0338,বর্জ্য সংগ্রহ নিয়ে একটু help দরকার।,OOD,OOD_MUNICIPAL,Municipal,OOD_MUNICIPAL,Municipal,Low,Informal,FALSE,,PARAPHRASED,OOD_MUNICIPAL_F03,Medium,TRUE,Synthetic safe OOD example; outside the six supported production services.
OODQ_0339,বর্জ্য সংগ্রহ service er information kivabe janbo?,OOD,OOD_MUNICIPAL,Municipal,OOD_MUNICIPAL,Municipal,Low,Mixed,FALSE,,PARAPHRASED,OOD_MUNICIPAL_F03,Hard,TRUE,Synthetic safe OOD example; outside the six supported production services.
OODQ_0340,রাস্তা মেরামত বিষয়ে সরকারি সেবা কোথায় পাব?,OOD,OOD_MUNICIPAL,Municipal,OOD_MUNICIPAL,Municipal,Low,Formal,FALSE,,SYNTHETIC,OOD_MUNICIPAL_F04,Easy,TRUE,Synthetic safe OOD example; outside the six supported production services.
OODQ_0341,রাস্তা মেরামত নিয়ে একটু help দরকার।,OOD,OOD_MUNICIPAL,Municipal,OOD_MUNICIPAL,Municipal,Low,Informal,FALSE,,PARAPHRASED,OOD_MUNICIPAL_F04,Medium,TRUE,Synthetic safe OOD example; outside the six supported production services.
OODQ_0342,রাস্তা মেরামত service er information kivabe janbo?,OOD,OOD_MUNICIPAL,Municipal,OOD_MUNICIPAL,Municipal,Low,Mixed,FALSE,,PARAPHRASED,OOD_MUNICIPAL_F04,Hard,TRUE,Synthetic safe OOD example; outside the six supported production services.
OODQ_0343,street light বিষয়ে সরকারি সেবা কোথায় পাব?,OOD,OOD_MUNICIPAL,Municipal,OOD_MUNICIPAL,Municipal,Low,Formal,FALSE,,SYNTHETIC,OOD_MUNICIPAL_F05,Easy,TRUE,Synthetic safe OOD example; outside the six supported production services.
OODQ_0344,street light নিয়ে একটু help দরকার।,OOD,OOD_MUNICIPAL,Municipal,OOD_MUNICIPAL,Municipal,Low,Informal,FALSE,,PARAPHRASED,OOD_MUNICIPAL_F05,Medium,TRUE,Synthetic safe OOD example; outside the six supported production services.
OODQ_0345,street light service er information kivabe janbo?,OOD,OOD_MUNICIPAL,Municipal,OOD_MUNICIPAL,Municipal,Low,Mixed,FALSE,,PARAPHRASED,OOD_MUNICIPAL_F05,Hard,TRUE,Synthetic safe OOD example; outside the six supported production services.
OODQ_0346,নগর অভিযোগ বিষয়ে সরকারি সেবা কোথায় পাব?,OOD,OOD_MUNICIPAL,Municipal,OOD_MUNICIPAL,Municipal,Low,Formal,FALSE,,SYNTHETIC,OOD_MUNICIPAL_F06,Easy,TRUE,Synthetic safe OOD example; outside the six supported production services.
OODQ_0347,নগর অভিযোগ নিয়ে একটু help দরকার।,OOD,OOD_MUNICIPAL,Municipal,OOD_MUNICIPAL,Municipal,Low,Informal,FALSE,,PARAPHRASED,OOD_MUNICIPAL_F06,Medium,TRUE,Synthetic safe OOD example; outside the six supported production services.
OODQ_0348,নগর অভিযোগ service er information kivabe janbo?,OOD,OOD_MUNICIPAL,Municipal,OOD_MUNICIPAL,Municipal,Low,Mixed,FALSE,,PARAPHRASED,OOD_MUNICIPAL_F06,Hard,TRUE,Synthetic safe OOD example; outside the six supported production services.
OODQ_0349,পার্কিং permit বিষয়ে সরকারি সেবা কোথায় পাব?,OOD,OOD_MUNICIPAL,Municipal,OOD_MUNICIPAL,Municipal,Low,Formal,FALSE,,SYNTHETIC,OOD_MUNICIPAL_F07,Easy,TRUE,Synthetic safe OOD example; outside the six supported production services.
OODQ_0350,পার্কিং permit নিয়ে একটু help দরকার।,OOD,OOD_MUNICIPAL,Municipal,OOD_MUNICIPAL,Municipal,Low,Informal,FALSE,,PARAPHRASED,OOD_MUNICIPAL_F07,Medium,TRUE,Synthetic safe OOD example; outside the six supported production services.
OODQ_0351,পার্কিং permit service er information kivabe janbo?,OOD,OOD_MUNICIPAL,Municipal,OOD_MUNICIPAL,Municipal,Low,Mixed,FALSE,,PARAPHRASED,OOD_MUNICIPAL_F07,Hard,TRUE,Synthetic safe OOD example; outside the six supported production services.
OODQ_0352,বাজার lease বিষয়ে সরকারি সেবা কোথায় পাব?,OOD,OOD_MUNICIPAL,Municipal,OOD_MUNICIPAL,Municipal,Low,Formal,FALSE,,SYNTHETIC,OOD_MUNICIPAL_F08,Easy,TRUE,Synthetic safe OOD example; outside the six supported production services.
OODQ_0353,বাজার lease নিয়ে একটু help দরকার।,OOD,OOD_MUNICIPAL,Municipal,OOD_MUNICIPAL,Municipal,Low,Informal,FALSE,,PARAPHRASED,OOD_MUNICIPAL_F08,Medium,TRUE,Synthetic safe OOD example; outside the six supported production services.
OODQ_0354,বাজার lease service er information kivabe janbo?,OOD,OOD_MUNICIPAL,Municipal,OOD_MUNICIPAL,Municipal,Low,Mixed,FALSE,,PARAPHRASED,OOD_MUNICIPAL_F08,Hard,TRUE,Synthetic safe OOD example; outside the six supported production services.
OODQ_0355,নির্মাণ অনুমতি বিষয়ে সরকারি সেবা কোথায় পাব?,OOD,OOD_MUNICIPAL,Municipal,OOD_MUNICIPAL,Municipal,Low,Formal,FALSE,,SYNTHETIC,OOD_MUNICIPAL_F09,Easy,TRUE,Synthetic safe OOD example; outside the six supported production services.
OODQ_0356,নির্মাণ অনুমতি নিয়ে একটু help দরকার।,OOD,OOD_MUNICIPAL,Municipal,OOD_MUNICIPAL,Municipal,Low,Informal,FALSE,,PARAPHRASED,OOD_MUNICIPAL_F09,Medium,TRUE,Synthetic safe OOD example; outside the six supported production services.
OODQ_0357,নির্মাণ অনুমতি service er information kivabe janbo?,OOD,OOD_MUNICIPAL,Municipal,OOD_MUNICIPAL,Municipal,Low,Mixed,FALSE,,PARAPHRASED,OOD_MUNICIPAL_F09,Hard,TRUE,Synthetic safe OOD example; outside the six supported production services.
OODQ_0358,ward certificate বিষয়ে সরকারি সেবা কোথায় পাব?,OOD,OOD_MUNICIPAL,Municipal,OOD_MUNICIPAL,Municipal,Low,Formal,FALSE,,SYNTHETIC,OOD_MUNICIPAL_F10,Easy,TRUE,Synthetic safe OOD example; outside the six supported production services.
OODQ_0359,ward certificate নিয়ে একটু help দরকার।,OOD,OOD_MUNICIPAL,Municipal,OOD_MUNICIPAL,Municipal,Low,Informal,FALSE,,PARAPHRASED,OOD_MUNICIPAL_F10,Medium,TRUE,Synthetic safe OOD example; outside the six supported production services.
OODQ_0360,ward certificate service er information kivabe janbo?,OOD,OOD_MUNICIPAL,Municipal,OOD_MUNICIPAL,Municipal,Low,Mixed,FALSE,,PARAPHRASED,OOD_MUNICIPAL_F10,Hard,TRUE,Synthetic safe OOD example; outside the six supported production services.
