pair_id,sample_id_a,sample_id_b,label_a,label_b,split_a,split_b,char_tfidf_cosine,semantic_decision,semantic_decision_source,family_equivalence,family_equivalence_source,cross_label_equivalence,reason_code
NID5-ND-000001,NID5-V1-000004,NID5-V1-000085,NID Information Correction,NID Information Correction,train,train,0.9239220737899156,SAME_TEMPLATE_DIFFERENT_MEANING,codex_provisional,NOT_EQUIVALENT,codex_provisional,false,SAME_FRAME_DIFFERENT_SLOT_MEANING
NID5-ND-000002,NID5-V1-000016,NID5-V1-000068,NID Information Correction,NID Information Correction,train,train,0.9001120934287242,SAME_MEANING,human_confirmed,EQUIVALENT,human_pair_review,false,HUMAN_CONFIRMED
NID5-ND-000003,NID5-V1-000016,NID5-V1-000095,NID Information Correction,NID Information Correction,train,train,0.9077891019589226,SAME_TEMPLATE_DIFFERENT_MEANING,codex_provisional,NOT_EQUIVALENT,codex_provisional,false,SAME_FRAME_DIFFERENT_SLOT_MEANING
NID5-ND-000004,NID5-V1-000017,NID5-V1-000208,NID Information Correction,NID Information Correction,train,train,0.819504046980451,SAME_TEMPLATE_DIFFERENT_MEANING,codex_provisional,NOT_EQUIVALENT,codex_provisional,false,SAME_FRAME_DIFFERENT_SLOT_MEANING
NID5-ND-000005,NID5-V1-000048,NID5-V1-000367,NID Information Correction,New NID Registration,train,train,0.8215701835750577,NOT_PARAPHRASE,codex_provisional,NOT_EQUIVALENT,codex_provisional,false,DIFFERENT_SERVICE_ACTION
NID5-ND-000006,NID5-V1-000068,NID5-V1-000095,NID Information Correction,NID Information Correction,train,train,0.8170875553730524,SAME_TEMPLATE_DIFFERENT_MEANING,codex_provisional,NOT_EQUIVALENT,codex_provisional,false,SAME_FRAME_DIFFERENT_SLOT_MEANING
NID5-ND-000007,NID5-V1-000068,NID5-V1-000113,NID Information Correction,NID Information Correction,train,train,0.8971655881238451,SAME_TEMPLATE_DIFFERENT_MEANING,codex_provisional,NOT_EQUIVALENT,codex_provisional,false,SAME_FRAME_DIFFERENT_SLOT_MEANING
NID5-ND-000008,NID5-V1-000105,NID5-V1-000121,NID Information Correction,NID Information Correction,dev,dev,0.8060048014013035,SAME_MEANING,codex_provisional,EQUIVALENT,codex_provisional,false,WORD_ORDER_VARIANT
NID5-ND-000009,NID5-V1-000135,NID5-V1-000139,NID Information Correction,NID Information Correction,test,test,0.9999999999999991,SAME_MEANING,codex_provisional,EQUIVALENT,codex_provisional,false,EXACT_EQUIVALENCE
NID5-ND-000010,NID5-V1-000136,NID5-V1-000140,NID Information Correction,NID Information Correction,dev,dev,0.9999999999999993,SAME_MEANING,codex_provisional,EQUIVALENT,codex_provisional,false,EXACT_EQUIVALENCE
NID5-ND-000011,NID5-V1-000137,NID5-V1-000141,NID Information Correction,NID Information Correction,test,test,1.0,SAME_MEANING,codex_provisional,EQUIVALENT,codex_provisional,false,EXACT_EQUIVALENCE
NID5-ND-000012,NID5-V1-000138,NID5-V1-000142,NID Information Correction,NID Information Correction,dev,dev,0.9999999999999999,SAME_MEANING,codex_provisional,EQUIVALENT,codex_provisional,false,EXACT_EQUIVALENCE
NID5-ND-000013,NID5-V1-000150,NID5-V1-000157,NID Information Correction,NID Information Correction,train,dev,0.8054974374427193,SAME_MEANING,codex_provisional,EQUIVALENT,codex_provisional,false,SCRIPT_VARIANT
NID5-ND-000014,NID5-V1-000183,NID5-V1-000194,NID Information Correction,NID Information Correction,train,dev,0.8029061925463723,SAME_MEANING,codex_provisional,EQUIVALENT,codex_provisional,false,WORD_ORDER_VARIANT
NID5-ND-000015,NID5-V1-000197,NID5-V1-000214,NID Information Correction,NID Information Correction,train,train,0.8337002909998297,SAME_MEANING,codex_provisional,EQUIVALENT,codex_provisional,false,WORD_ORDER_VARIANT
NID5-ND-000016,NID5-V1-000221,NID5-V1-000228,NID Information Correction,NID Information Correction,train,train,0.8003356723310459,SAME_MEANING,human_confirmed,EQUIVALENT,human_pair_review,false,HUMAN_CONFIRMED
NID5-ND-000017,NID5-V1-000228,NID5-V1-000230,NID Information Correction,NID Information Correction,train,test,0.8354270673970101,RELATED_NOT_PARAPHRASE,human_confirmed,NOT_EQUIVALENT,human_pair_review,false,HUMAN_OVERRIDE
NID5-ND-000018,NID5-V1-000234,NID5-V1-000250,NID Information Correction,NID Information Correction,train,train,0.824740657977641,SAME_MEANING,codex_provisional,EQUIVALENT,codex_provisional,false,WORD_ORDER_VARIANT
NID5-ND-000019,NID5-V1-000251,NID5-V1-000253,NID Information Correction,NID Information Correction,train,dev,0.9297368010407397,SAME_MEANING,human_confirmed,EQUIVALENT,human_pair_review,false,HUMAN_CONFIRMED
NID5-ND-000020,NID5-V1-000278,NID5-V1-000547,New NID Registration,New NID Registration,dev,train,0.8126546450464411,SAME_MEANING,human_confirmed,EQUIVALENT,human_pair_review,false,HUMAN_CONFIRMED
NID5-ND-000021,NID5-V1-000284,NID5-V1-001421,New NID Registration,Smart ID Card,train,test,0.8316188569389555,SAME_TEMPLATE_DIFFERENT_MEANING,codex_provisional,NOT_EQUIVALENT,codex_provisional,false,SAME_FRAME_DIFFERENT_SLOT_MEANING
NID5-ND-000022,NID5-V1-000286,NID5-V1-001422,New NID Registration,Smart ID Card,train,train,0.8689211628143466,SAME_TEMPLATE_DIFFERENT_MEANING,codex_provisional,NOT_EQUIVALENT,codex_provisional,false,SAME_FRAME_DIFFERENT_SLOT_MEANING
NID5-ND-000023,NID5-V1-000289,NID5-V1-000310,New NID Registration,New NID Registration,train,train,0.8268549770691502,RELATED_NOT_PARAPHRASE,human_confirmed,NOT_EQUIVALENT,human_pair_review,false,HUMAN_CONFIRMED
NID5-ND-000024,NID5-V1-000347,NID5-V1-001315,New NID Registration,Smart ID Card,train,dev,0.8608324419234511,SAME_TEMPLATE_DIFFERENT_MEANING,codex_provisional,NOT_EQUIVALENT,codex_provisional,false,SAME_FRAME_DIFFERENT_SLOT_MEANING
NID5-ND-000025,NID5-V1-000354,NID5-V1-001324,New NID Registration,Smart ID Card,train,train,0.8748021387856085,SAME_TEMPLATE_DIFFERENT_MEANING,codex_provisional,NOT_EQUIVALENT,codex_provisional,false,SAME_FRAME_DIFFERENT_SLOT_MEANING
NID5-ND-000026,NID5-V1-000407,NID5-V1-001309,New NID Registration,Smart ID Card,train,train,0.8080426740841234,SAME_TEMPLATE_DIFFERENT_MEANING,codex_provisional,NOT_EQUIVALENT,codex_provisional,false,SAME_FRAME_DIFFERENT_SLOT_MEANING
NID5-ND-000027,NID5-V1-000422,NID5-V1-000586,New NID Registration,New NID Registration,train,dev,0.8358920397482787,SAME_TEMPLATE_DIFFERENT_MEANING,codex_provisional,NOT_EQUIVALENT,codex_provisional,false,DIFFERENT_SERVICE_ACTION
NID5-ND-000028,NID5-V1-000424,NID5-V1-000426,New NID Registration,New NID Registration,train,train,0.8357007164231165,RELATED_NOT_PARAPHRASE,codex_provisional,NOT_EQUIVALENT,codex_provisional,false,BROADER_VS_NARROWER
NID5-ND-000029,NID5-V1-000426,NID5-V1-000433,New NID Registration,New NID Registration,train,train,0.8087510649059501,RELATED_NOT_PARAPHRASE,human_confirmed,NOT_EQUIVALENT,human_pair_review,false,HUMAN_CONFIRMED
NID5-ND-000030,NID5-V1-000430,NID5-V1-000471,New NID Registration,New NID Registration,train,train,0.8253560152249264,RELATED_NOT_PARAPHRASE,codex_provisional,NOT_EQUIVALENT,codex_provisional,false,RELATED_CONCEPT
NID5-ND-000031,NID5-V1-000461,NID5-V1-000470,New NID Registration,New NID Registration,train,dev,0.802113422544598,SAME_MEANING,codex_provisional,EQUIVALENT,codex_provisional,false,SCRIPT_VARIANT
NID5-ND-000032,NID5-V1-000474,NID5-V1-000476,New NID Registration,New NID Registration,train,dev,0.8207156830117481,RELATED_NOT_PARAPHRASE,codex_provisional,NOT_EQUIVALENT,codex_provisional,false,RELATED_CONCEPT
NID5-ND-000033,NID5-V1-000506,NID5-V1-000869,New NID Registration,Lost/Stolen NID,test,train,0.8092415923807036,SAME_TEMPLATE_DIFFERENT_MEANING,codex_provisional,NOT_EQUIVALENT,codex_provisional,false,SAME_FRAME_DIFFERENT_SLOT_MEANING
NID5-ND-000034,NID5-V1-000509,NID5-V1-000870,New NID Registration,Lost/Stolen NID,train,test,0.915311817586148,SAME_TEMPLATE_DIFFERENT_MEANING,human_confirmed,NOT_EQUIVALENT,human_pair_review,false,HUMAN_CONFIRMED
NID5-ND-000035,NID5-V1-000519,NID5-V1-000878,New NID Registration,Lost/Stolen NID,dev,train,0.8837073524131234,SAME_TEMPLATE_DIFFERENT_MEANING,codex_provisional,NOT_EQUIVALENT,codex_provisional,false,SAME_FRAME_DIFFERENT_SLOT_MEANING
NID5-ND-000036,NID5-V1-000520,NID5-V1-000879,New NID Registration,Lost/Stolen NID,dev,test,0.831119910282513,SAME_TEMPLATE_DIFFERENT_MEANING,codex_provisional,NOT_EQUIVALENT,codex_provisional,false,SAME_FRAME_DIFFERENT_SLOT_MEANING
NID5-ND-000037,NID5-V1-000522,NID5-V1-000915,New NID Registration,Lost/Stolen NID,train,train,0.9005522038793115,SAME_TEMPLATE_DIFFERENT_MEANING,codex_provisional,NOT_EQUIVALENT,codex_provisional,false,SAME_FRAME_DIFFERENT_SLOT_MEANING
NID5-ND-000038,NID5-V1-000522,NID5-V1-001331,New NID Registration,Smart ID Card,train,train,0.8109837713078989,SAME_TEMPLATE_DIFFERENT_MEANING,codex_provisional,NOT_EQUIVALENT,codex_provisional,false,SAME_FRAME_DIFFERENT_SLOT_MEANING
NID5-ND-000039,NID5-V1-000526,NID5-V1-001337,New NID Registration,Smart ID Card,test,train,0.8248302815433782,SAME_TEMPLATE_DIFFERENT_MEANING,codex_provisional,NOT_EQUIVALENT,codex_provisional,false,SAME_FRAME_DIFFERENT_SLOT_MEANING
NID5-ND-000040,NID5-V1-000530,NID5-V1-000923,New NID Registration,Lost/Stolen NID,train,test,0.9101305204889607,SAME_TEMPLATE_DIFFERENT_MEANING,human_confirmed,NOT_EQUIVALENT,human_pair_review,false,HUMAN_CONFIRMED
NID5-ND-000041,NID5-V1-000530,NID5-V1-001341,New NID Registration,Smart ID Card,train,train,0.8613657422124504,SAME_TEMPLATE_DIFFERENT_MEANING,codex_provisional,NOT_EQUIVALENT,codex_provisional,false,SAME_FRAME_DIFFERENT_SLOT_MEANING
NID5-ND-000042,NID5-V1-000532,NID5-V1-000924,New NID Registration,Lost/Stolen NID,train,dev,0.8455316306330353,SAME_TEMPLATE_DIFFERENT_MEANING,codex_provisional,NOT_EQUIVALENT,codex_provisional,false,SAME_FRAME_DIFFERENT_SLOT_MEANING
NID5-ND-000043,NID5-V1-000533,NID5-V1-000925,New NID Registration,Lost/Stolen NID,test,train,0.8538517677417276,SAME_TEMPLATE_DIFFERENT_MEANING,codex_provisional,NOT_EQUIVALENT,codex_provisional,false,SAME_FRAME_DIFFERENT_SLOT_MEANING
NID5-ND-000044,NID5-V1-000534,NID5-V1-000927,New NID Registration,Lost/Stolen NID,train,train,0.8892423487380234,SAME_TEMPLATE_DIFFERENT_MEANING,codex_provisional,NOT_EQUIVALENT,codex_provisional,false,SAME_FRAME_DIFFERENT_SLOT_MEANING
NID5-ND-000045,NID5-V1-000541,NID5-V1-001407,New NID Registration,Smart ID Card,train,test,0.8578767765190464,SAME_TEMPLATE_DIFFERENT_MEANING,codex_provisional,NOT_EQUIVALENT,codex_provisional,false,SAME_FRAME_DIFFERENT_SLOT_MEANING
NID5-ND-000046,NID5-V1-000547,NID5-V1-001415,New NID Registration,Smart ID Card,train,train,0.906573042268657,SAME_TEMPLATE_DIFFERENT_MEANING,codex_provisional,NOT_EQUIVALENT,codex_provisional,false,SAME_FRAME_DIFFERENT_SLOT_MEANING
NID5-ND-000047,NID5-V1-000578,NID5-V1-001292,New NID Registration,Smart ID Card,train,train,0.8118894198935664,SAME_TEMPLATE_DIFFERENT_MEANING,codex_provisional,NOT_EQUIVALENT,codex_provisional,false,DIFFERENT_SERVICE_ACTION
NID5-ND-000048,NID5-V1-000592,NID5-V1-001355,New NID Registration,Smart ID Card,test,test,0.9999999999999997,LABEL_CONFLICT_SAME_MEANING,human_confirmed,EQUIVALENT,human_pair_review,true,HUMAN_CONFIRMED
NID5-ND-000049,NID5-V1-000595,NID5-V1-001391,New NID Registration,Smart ID Card,train,train,0.8770999654052015,SAME_TEMPLATE_DIFFERENT_MEANING,human_confirmed,NOT_EQUIVALENT,human_pair_review,false,HUMAN_OVERRIDE
NID5-ND-000050,NID5-V1-000602,NID5-V1-001371,New NID Registration,Smart ID Card,dev,dev,1.0,LABEL_CONFLICT_SAME_MEANING,human_confirmed,EQUIVALENT,human_pair_review,true,HUMAN_CONFIRMED
NID5-ND-000051,NID5-V1-000609,NID5-V1-000614,New NID Registration,New NID Registration,train,train,0.8229217008027496,SAME_MEANING,codex_provisional,EQUIVALENT,codex_provisional,false,WORD_ORDER_VARIANT
NID5-ND-000052,NID5-V1-000611,NID5-V1-000613,New NID Registration,New NID Registration,train,train,0.8478600630611404,RELATED_NOT_PARAPHRASE,codex_provisional,NOT_EQUIVALENT,codex_provisional,false,BROADER_VS_NARROWER
NID5-ND-000053,NID5-V1-000677,NID5-V1-000680,New NID Registration,New NID Registration,train,test,0.8876063258353174,SAME_MEANING,codex_provisional,EQUIVALENT,codex_provisional,false,SCRIPT_VARIANT
NID5-ND-000054,NID5-V1-000730,NID5-V1-000731,Lost/Stolen NID,Lost/Stolen NID,train,train,0.8419357309374085,SAME_MEANING,codex_provisional,EQUIVALENT,codex_provisional,false,WORD_ORDER_VARIANT
NID5-ND-000055,NID5-V1-000767,NID5-V1-001439,Lost/Stolen NID,Smart ID Card,train,train,0.9425990444899133,SAME_TEMPLATE_DIFFERENT_MEANING,human_confirmed,NOT_EQUIVALENT,human_pair_review,false,HUMAN_OVERRIDE
NID5-ND-000056,NID5-V1-000769,NID5-V1-000826,Lost/Stolen NID,Lost/Stolen NID,train,train,0.8571445214186698,SAME_MEANING,codex_provisional,EQUIVALENT,human_component_review,false,WORD_ORDER_VARIANT
NID5-ND-000057,NID5-V1-000769,NID5-V1-000894,Lost/Stolen NID,Lost/Stolen NID,train,train,0.9623835715930349,SAME_MEANING,codex_provisional,NOT_EQUIVALENT,human_component_review,false,SLOT_VARIANT_SAME_INTENT
NID5-ND-000058,NID5-V1-000769,NID5-V1-001449,Lost/Stolen NID,Smart ID Card,train,test,0.8524712890286492,SAME_TEMPLATE_DIFFERENT_MEANING,human_confirmed,NOT_EQUIVALENT,human_component_review,false,HUMAN_OVERRIDE
NID5-ND-000059,NID5-V1-000778,NID5-V1-000847,Lost/Stolen NID,Lost/Stolen NID,train,train,0.8358442774813954,RELATED_NOT_PARAPHRASE,codex_provisional,NOT_EQUIVALENT,codex_provisional,false,RELATED_CONCEPT
NID5-ND-000060,NID5-V1-000782,NID5-V1-000854,Lost/Stolen NID,Lost/Stolen NID,test,dev,0.8558011946343903,RELATED_NOT_PARAPHRASE,human_confirmed,NOT_EQUIVALENT,human_pair_review,false,HUMAN_CONFIRMED
NID5-ND-000061,NID5-V1-000785,NID5-V1-000891,Lost/Stolen NID,Lost/Stolen NID,train,test,0.9194830275276749,SAME_TEMPLATE_DIFFERENT_MEANING,human_confirmed,NOT_EQUIVALENT,human_pair_review,false,HUMAN_OVERRIDE
NID5-ND-000062,NID5-V1-000786,NID5-V1-001450,Lost/Stolen NID,Smart ID Card,test,train,0.8513084619595432,SAME_TEMPLATE_DIFFERENT_MEANING,human_confirmed,NOT_EQUIVALENT,human_pair_review,false,HUMAN_OVERRIDE
NID5-ND-000063,NID5-V1-000788,NID5-V1-000893,Lost/Stolen NID,Lost/Stolen NID,train,test,0.8339036106530777,SAME_MEANING,codex_provisional,EQUIVALENT,codex_provisional,false,SLOT_VARIANT_SAME_INTENT
NID5-ND-000064,NID5-V1-000791,NID5-V1-000846,Lost/Stolen NID,Lost/Stolen NID,train,train,0.9037205020835646,SAME_MEANING,codex_provisional,EQUIVALENT,codex_provisional,false,WORD_ORDER_VARIANT
NID5-ND-000065,NID5-V1-000794,NID5-V1-000851,Lost/Stolen NID,Lost/Stolen NID,train,train,0.8143913461771707,RELATED_NOT_PARAPHRASE,human_confirmed,NOT_EQUIVALENT,human_pair_review,false,HUMAN_OVERRIDE
NID5-ND-000066,NID5-V1-000809,NID5-V1-000841,Lost/Stolen NID,Lost/Stolen NID,train,train,0.8383778035488214,SAME_MEANING,codex_provisional,EQUIVALENT,codex_provisional,false,WORD_ORDER_VARIANT
NID5-ND-000067,NID5-V1-000826,NID5-V1-000894,Lost/Stolen NID,Lost/Stolen NID,train,train,0.8249018058943031,SAME_MEANING,codex_provisional,NOT_EQUIVALENT,human_component_review,false,SLOT_VARIANT_SAME_INTENT
NID5-ND-000068,NID5-V1-000826,NID5-V1-001449,Lost/Stolen NID,Smart ID Card,train,test,0.9165312896996283,SAME_TEMPLATE_DIFFERENT_MEANING,human_confirmed,NOT_EQUIVALENT,human_component_review,false,HUMAN_OVERRIDE
NID5-ND-000069,NID5-V1-000855,NID5-V1-000941,Lost/Stolen NID,Lost/Stolen NID,train,train,0.8165854863056398,RELATED_NOT_PARAPHRASE,human_confirmed,NOT_EQUIVALENT,human_pair_review,false,HUMAN_OVERRIDE
NID5-ND-000070,NID5-V1-000876,NID5-V1-000879,Lost/Stolen NID,Lost/Stolen NID,train,test,0.8005710217520764,RELATED_NOT_PARAPHRASE,codex_provisional,NOT_EQUIVALENT,codex_provisional,false,RELATED_CONCEPT
NID5-ND-000071,NID5-V1-000894,NID5-V1-001449,Lost/Stolen NID,Smart ID Card,train,test,0.9015581431583856,LABEL_CONFLICT_SAME_MEANING,human_confirmed,EQUIVALENT,human_component_review,true,HUMAN_CONFIRMED
NID5-ND-000072,NID5-V1-000904,NID5-V1-001357,Lost/Stolen NID,Smart ID Card,test,train,0.8520015214771763,SAME_TEMPLATE_DIFFERENT_MEANING,codex_provisional,NOT_EQUIVALENT,codex_provisional,false,SAME_FRAME_DIFFERENT_SLOT_MEANING
NID5-ND-000073,NID5-V1-000907,NID5-V1-001366,Lost/Stolen NID,Smart ID Card,train,train,0.8248411744259871,SAME_TEMPLATE_DIFFERENT_MEANING,codex_provisional,NOT_EQUIVALENT,codex_provisional,false,SAME_FRAME_DIFFERENT_SLOT_MEANING
NID5-ND-000074,NID5-V1-000913,NID5-V1-001372,Lost/Stolen NID,Smart ID Card,dev,train,0.8065207152819247,SAME_TEMPLATE_DIFFERENT_MEANING,codex_provisional,NOT_EQUIVALENT,codex_provisional,false,SAME_FRAME_DIFFERENT_SLOT_MEANING
NID5-ND-000075,NID5-V1-000914,NID5-V1-001376,Lost/Stolen NID,Smart ID Card,test,dev,0.8093798422774393,SAME_TEMPLATE_DIFFERENT_MEANING,codex_provisional,NOT_EQUIVALENT,codex_provisional,false,SAME_FRAME_DIFFERENT_SLOT_MEANING
NID5-ND-000076,NID5-V1-000915,NID5-V1-000927,Lost/Stolen NID,Lost/Stolen NID,train,train,0.831357852214187,SAME_MEANING,codex_provisional,EQUIVALENT,codex_provisional,false,SCRIPT_VARIANT
NID5-ND-000077,NID5-V1-000945,NID5-V1-000948,Lost/Stolen NID,Lost/Stolen NID,train,train,0.8334224602007992,RELATED_NOT_PARAPHRASE,codex_provisional,NOT_EQUIVALENT,codex_provisional,false,RELATED_CONCEPT
NID5-ND-000078,NID5-V1-000968,NID5-V1-000974,NID Online Problem,NID Online Problem,train,train,0.8450676956656732,SAME_MEANING,human_confirmed,EQUIVALENT,human_pair_review,false,HUMAN_OVERRIDE
NID5-ND-000079,NID5-V1-000969,NID5-V1-000988,NID Online Problem,NID Online Problem,train,dev,0.9610500190581709,SAME_MEANING,human_confirmed,EQUIVALENT,human_pair_review,false,HUMAN_CONFIRMED
NID5-ND-000080,NID5-V1-000969,NID5-V1-000992,NID Online Problem,NID Online Problem,train,train,0.8122853160466738,RELATED_NOT_PARAPHRASE,codex_provisional,NOT_EQUIVALENT,codex_provisional,false,DIFFERENT_SERVICE_ACTION
NID5-ND-000081,NID5-V1-000971,NID5-V1-001005,NID Online Problem,NID Online Problem,train,test,0.8351135729408181,RELATED_NOT_PARAPHRASE,codex_provisional,NOT_EQUIVALENT,codex_provisional,false,BROADER_VS_NARROWER
NID5-ND-000082,NID5-V1-000988,NID5-V1-000992,NID Online Problem,NID Online Problem,dev,train,0.8043206997050976,RELATED_NOT_PARAPHRASE,codex_provisional,NOT_EQUIVALENT,codex_provisional,false,DIFFERENT_SERVICE_ACTION
NID5-ND-000083,NID5-V1-001025,NID5-V1-001041,NID Online Problem,NID Online Problem,test,train,0.9434761873014312,SAME_MEANING,human_confirmed,EQUIVALENT,human_pair_review,false,HUMAN_OVERRIDE
NID5-ND-000084,NID5-V1-001050,NID5-V1-001060,NID Online Problem,NID Online Problem,dev,train,0.8138881949912038,SAME_MEANING,codex_provisional,EQUIVALENT,codex_provisional,false,SCRIPT_VARIANT
NID5-ND-000085,NID5-V1-001062,NID5-V1-001074,NID Online Problem,NID Online Problem,train,train,0.8330570790083416,SAME_MEANING,codex_provisional,EQUIVALENT,codex_provisional,false,SCRIPT_VARIANT
NID5-ND-000086,NID5-V1-001091,NID5-V1-001094,NID Online Problem,NID Online Problem,train,train,0.8218991090726097,SAME_MEANING,human_confirmed,EQUIVALENT,human_pair_review,false,HUMAN_OVERRIDE
NID5-ND-000087,NID5-V1-001108,NID5-V1-001110,NID Online Problem,NID Online Problem,train,test,0.8374562586146062,SAME_MEANING,codex_provisional,EQUIVALENT,codex_provisional,false,WORD_ORDER_VARIANT
NID5-ND-000088,NID5-V1-001128,NID5-V1-001146,NID Online Problem,NID Online Problem,dev,dev,0.8771877086371915,SAME_TEMPLATE_DIFFERENT_MEANING,codex_provisional,NOT_EQUIVALENT,codex_provisional,false,SAME_FRAME_DIFFERENT_SLOT_MEANING
NID5-ND-000089,NID5-V1-001141,NID5-V1-001161,NID Online Problem,NID Online Problem,train,dev,0.8226928229373031,SAME_TEMPLATE_DIFFERENT_MEANING,human_confirmed,NOT_EQUIVALENT,human_pair_review,false,HUMAN_OVERRIDE
NID5-ND-000090,NID5-V1-001190,NID5-V1-001194,NID Online Problem,NID Online Problem,train,train,0.8405651675349209,SAME_MEANING,codex_provisional,EQUIVALENT,codex_provisional,false,SCRIPT_VARIANT
NID5-ND-000091,NID5-V1-001202,NID5-V1-001214,NID Online Problem,NID Online Problem,train,train,0.8114400861370744,SAME_MEANING,codex_provisional,EQUIVALENT,codex_provisional,false,SCRIPT_VARIANT
NID5-ND-000092,NID5-V1-001204,NID5-V1-001215,NID Online Problem,NID Online Problem,train,train,0.8772855010666375,SAME_MEANING,codex_provisional,EQUIVALENT,codex_provisional,false,WORD_ORDER_VARIANT
NID5-ND-000093,NID5-V1-001274,NID5-V1-001275,Smart ID Card,Smart ID Card,dev,train,0.8663728159652376,SAME_MEANING,codex_provisional,EQUIVALENT,codex_provisional,false,WORD_ORDER_VARIANT
NID5-ND-000094,NID5-V1-001279,NID5-V1-001300,Smart ID Card,Smart ID Card,dev,dev,1.0,SAME_MEANING,codex_provisional,EQUIVALENT,codex_provisional,false,EXACT_EQUIVALENCE
NID5-ND-000095,NID5-V1-001310,NID5-V1-001338,Smart ID Card,Smart ID Card,train,test,0.8150560125839285,NOT_PARAPHRASE,codex_provisional,NOT_EQUIVALENT,codex_provisional,false,LEXICAL_FALSE_POSITIVE
NID5-ND-000096,NID5-V1-001315,NID5-V1-001327,Smart ID Card,Smart ID Card,dev,dev,0.8239338820668324,SAME_MEANING,codex_provisional,EQUIVALENT,codex_provisional,false,SCRIPT_VARIANT
NID5-ND-000097,NID5-V1-001380,NID5-V1-001387,Smart ID Card,Smart ID Card,train,train,0.8530937304216969,RELATED_NOT_PARAPHRASE,human_confirmed,NOT_EQUIVALENT,human_pair_review,false,HUMAN_OVERRIDE
NID5-ND-000098,NID5-V1-001380,NID5-V1-001390,Smart ID Card,Smart ID Card,train,train,0.8294726950734064,SAME_MEANING,human_confirmed,EQUIVALENT,human_pair_review,false,HUMAN_CONFIRMED
NID5-ND-000099,NID5-V1-001395,NID5-V1-001398,Smart ID Card,Smart ID Card,train,train,0.9274282601725005,SAME_MEANING,human_confirmed,EQUIVALENT,human_pair_review,false,HUMAN_CONFIRMED
