review_id,pair_id,sample_id_a,sample_id_b,label_a,label_b,split_a,split_b,similarity,codex_provisional_decision,codex_confidence,reason_for_human_review
NID5-HR-V1-0001,NID5-ND-000002,NID5-V1-000016,NID5-V1-000068,NID Information Correction,NID Information Correction,train,train,0.9001120934287242,SAME_MEANING,MEDIUM,NON_HIGH_CONFIDENCE
NID5-HR-V1-0002,NID5-ND-000016,NID5-V1-000221,NID5-V1-000228,NID Information Correction,NID Information Correction,train,train,0.8003356723310459,SAME_MEANING,HIGH,FAMILY_REVIEW_REQUIRED
NID5-HR-V1-0003,NID5-ND-000017,NID5-V1-000228,NID5-V1-000230,NID Information Correction,NID Information Correction,train,test,0.8354270673970101,SAME_MEANING,HIGH,FAMILY_REVIEW_REQUIRED
NID5-HR-V1-0004,NID5-ND-000019,NID5-V1-000251,NID5-V1-000253,NID Information Correction,NID Information Correction,train,dev,0.9297368010407397,SAME_MEANING,HIGH,HIGH_SIMILARITY_CROSS_SPLIT
NID5-HR-V1-0005,NID5-ND-000020,NID5-V1-000278,NID5-V1-000547,New NID Registration,New NID Registration,dev,train,0.8126546450464411,SAME_MEANING,MEDIUM,NON_HIGH_CONFIDENCE
NID5-HR-V1-0006,NID5-ND-000023,NID5-V1-000289,NID5-V1-000310,New NID Registration,New NID Registration,train,train,0.8268549770691502,RELATED_NOT_PARAPHRASE,MEDIUM,NON_HIGH_CONFIDENCE
NID5-HR-V1-0007,NID5-ND-000029,NID5-V1-000426,NID5-V1-000433,New NID Registration,New NID Registration,train,train,0.8087510649059501,RELATED_NOT_PARAPHRASE,MEDIUM,NON_HIGH_CONFIDENCE
NID5-HR-V1-0008,NID5-ND-000034,NID5-V1-000509,NID5-V1-000870,New NID Registration,Lost/Stolen NID,train,test,0.915311817586148,SAME_TEMPLATE_DIFFERENT_MEANING,HIGH,HIGH_SIMILARITY_CROSS_SPLIT
NID5-HR-V1-0009,NID5-ND-000040,NID5-V1-000530,NID5-V1-000923,New NID Registration,Lost/Stolen NID,train,test,0.9101305204889607,SAME_TEMPLATE_DIFFERENT_MEANING,HIGH,HIGH_SIMILARITY_CROSS_SPLIT
NID5-HR-V1-0010,NID5-ND-000048,NID5-V1-000592,NID5-V1-001355,New NID Registration,Smart ID Card,test,test,0.9999999999999997,LABEL_CONFLICT_SAME_MEANING,HIGH,LABEL_CONFLICT_EQUIVALENCE;EXACT_CROSS_LABEL_CONFLICT
NID5-HR-V1-0011,NID5-ND-000049,NID5-V1-000595,NID5-V1-001391,New NID Registration,Smart ID Card,train,train,0.8770999654052015,SAME_MEANING,HIGH,CROSS_LABEL_SAME_MEANING
NID5-HR-V1-0012,NID5-ND-000050,NID5-V1-000602,NID5-V1-001371,New NID Registration,Smart ID Card,dev,dev,1.0,LABEL_CONFLICT_SAME_MEANING,HIGH,LABEL_CONFLICT_EQUIVALENCE;EXACT_CROSS_LABEL_CONFLICT
NID5-HR-V1-0013,NID5-ND-000055,NID5-V1-000767,NID5-V1-001439,Lost/Stolen NID,Smart ID Card,train,train,0.9425990444899133,LABEL_CONFLICT_SAME_MEANING,MEDIUM,NON_HIGH_CONFIDENCE;LABEL_CONFLICT_EQUIVALENCE
NID5-HR-V1-0014,NID5-ND-000058,NID5-V1-000769,NID5-V1-001449,Lost/Stolen NID,Smart ID Card,train,test,0.8524712890286492,LABEL_CONFLICT_SAME_MEANING,MEDIUM,NON_HIGH_CONFIDENCE;LABEL_CONFLICT_EQUIVALENCE
NID5-HR-V1-0015,NID5-ND-000060,NID5-V1-000782,NID5-V1-000854,Lost/Stolen NID,Lost/Stolen NID,test,dev,0.8558011946343903,RELATED_NOT_PARAPHRASE,MEDIUM,NON_HIGH_CONFIDENCE
NID5-HR-V1-0016,NID5-ND-000061,NID5-V1-000785,NID5-V1-000891,Lost/Stolen NID,Lost/Stolen NID,train,test,0.9194830275276749,SAME_MEANING,HIGH,HIGH_SIMILARITY_CROSS_SPLIT
NID5-HR-V1-0017,NID5-ND-000062,NID5-V1-000786,NID5-V1-001450,Lost/Stolen NID,Smart ID Card,test,train,0.8513084619595432,LABEL_CONFLICT_SAME_MEANING,MEDIUM,NON_HIGH_CONFIDENCE;LABEL_CONFLICT_EQUIVALENCE
NID5-HR-V1-0018,NID5-ND-000065,NID5-V1-000794,NID5-V1-000851,Lost/Stolen NID,Lost/Stolen NID,train,train,0.8143913461771707,SAME_MEANING,MEDIUM,NON_HIGH_CONFIDENCE
NID5-HR-V1-0019,NID5-ND-000068,NID5-V1-000826,NID5-V1-001449,Lost/Stolen NID,Smart ID Card,train,test,0.9165312896996283,LABEL_CONFLICT_SAME_MEANING,MEDIUM,NON_HIGH_CONFIDENCE;LABEL_CONFLICT_EQUIVALENCE;HIGH_SIMILARITY_CROSS_SPLIT
NID5-HR-V1-0020,NID5-ND-000069,NID5-V1-000855,NID5-V1-000941,Lost/Stolen NID,Lost/Stolen NID,train,train,0.8165854863056398,SAME_MEANING,MEDIUM,NON_HIGH_CONFIDENCE
NID5-HR-V1-0021,NID5-ND-000071,NID5-V1-000894,NID5-V1-001449,Lost/Stolen NID,Smart ID Card,train,test,0.9015581431583856,LABEL_CONFLICT_SAME_MEANING,HIGH,LABEL_CONFLICT_EQUIVALENCE;HIGH_SIMILARITY_CROSS_SPLIT
NID5-HR-V1-0022,NID5-ND-000078,NID5-V1-000968,NID5-V1-000974,NID Online Problem,NID Online Problem,train,train,0.8450676956656732,RELATED_NOT_PARAPHRASE,MEDIUM,NON_HIGH_CONFIDENCE
NID5-HR-V1-0023,NID5-ND-000079,NID5-V1-000969,NID5-V1-000988,NID Online Problem,NID Online Problem,train,dev,0.9610500190581709,SAME_MEANING,HIGH,HIGH_SIMILARITY_CROSS_SPLIT
NID5-HR-V1-0024,NID5-ND-000083,NID5-V1-001025,NID5-V1-001041,NID Online Problem,NID Online Problem,test,train,0.9434761873014312,RELATED_NOT_PARAPHRASE,HIGH,HIGH_SIMILARITY_CROSS_SPLIT
NID5-HR-V1-0025,NID5-ND-000086,NID5-V1-001091,NID5-V1-001094,NID Online Problem,NID Online Problem,train,train,0.8218991090726097,RELATED_NOT_PARAPHRASE,MEDIUM,NON_HIGH_CONFIDENCE
NID5-HR-V1-0026,NID5-ND-000089,NID5-V1-001141,NID5-V1-001161,NID Online Problem,NID Online Problem,train,dev,0.8226928229373031,AMBIGUOUS_REVIEW_REQUIRED,LOW,NON_HIGH_CONFIDENCE;AMBIGUOUS_DECISION
NID5-HR-V1-0027,NID5-ND-000097,NID5-V1-001380,NID5-V1-001387,Smart ID Card,Smart ID Card,train,train,0.8530937304216969,SAME_MEANING,HIGH,FAMILY_REVIEW_REQUIRED
NID5-HR-V1-0028,NID5-ND-000098,NID5-V1-001380,NID5-V1-001390,Smart ID Card,Smart ID Card,train,train,0.8294726950734064,SAME_MEANING,HIGH,FAMILY_REVIEW_REQUIRED
NID5-HR-V1-0029,NID5-ND-000099,NID5-V1-001395,NID5-V1-001398,Smart ID Card,Smart ID Card,train,train,0.9274282601725005,SAME_MEANING,MEDIUM,NON_HIGH_CONFIDENCE
