review_id,pair_id,sample_id_a,sample_id_b,label_a,label_b,split_a,split_b,human_decision,adjudication_source
NID5-HR-V1-0001,NID5-ND-000002,NID5-V1-000016,NID5-V1-000068,NID Information Correction,NID Information Correction,train,train,SAME_MEANING,human_confirmed
NID5-HR-V1-0002,NID5-ND-000016,NID5-V1-000221,NID5-V1-000228,NID Information Correction,NID Information Correction,train,train,SAME_MEANING,human_confirmed
NID5-HR-V1-0003,NID5-ND-000017,NID5-V1-000228,NID5-V1-000230,NID Information Correction,NID Information Correction,train,test,RELATED_NOT_PARAPHRASE,human_confirmed
NID5-HR-V1-0004,NID5-ND-000019,NID5-V1-000251,NID5-V1-000253,NID Information Correction,NID Information Correction,train,dev,SAME_MEANING,human_confirmed
NID5-HR-V1-0005,NID5-ND-000020,NID5-V1-000278,NID5-V1-000547,New NID Registration,New NID Registration,dev,train,SAME_MEANING,human_confirmed
NID5-HR-V1-0006,NID5-ND-000023,NID5-V1-000289,NID5-V1-000310,New NID Registration,New NID Registration,train,train,RELATED_NOT_PARAPHRASE,human_confirmed
NID5-HR-V1-0007,NID5-ND-000029,NID5-V1-000426,NID5-V1-000433,New NID Registration,New NID Registration,train,train,RELATED_NOT_PARAPHRASE,human_confirmed
NID5-HR-V1-0008,NID5-ND-000034,NID5-V1-000509,NID5-V1-000870,New NID Registration,Lost/Stolen NID,train,test,SAME_TEMPLATE_DIFFERENT_MEANING,human_confirmed
NID5-HR-V1-0009,NID5-ND-000040,NID5-V1-000530,NID5-V1-000923,New NID Registration,Lost/Stolen NID,train,test,SAME_TEMPLATE_DIFFERENT_MEANING,human_confirmed
NID5-HR-V1-0010,NID5-ND-000048,NID5-V1-000592,NID5-V1-001355,New NID Registration,Smart ID Card,test,test,LABEL_CONFLICT_SAME_MEANING,human_confirmed
NID5-HR-V1-0011,NID5-ND-000049,NID5-V1-000595,NID5-V1-001391,New NID Registration,Smart ID Card,train,train,SAME_TEMPLATE_DIFFERENT_MEANING,human_confirmed
NID5-HR-V1-0012,NID5-ND-000050,NID5-V1-000602,NID5-V1-001371,New NID Registration,Smart ID Card,dev,dev,LABEL_CONFLICT_SAME_MEANING,human_confirmed
NID5-HR-V1-0013,NID5-ND-000055,NID5-V1-000767,NID5-V1-001439,Lost/Stolen NID,Smart ID Card,train,train,SAME_TEMPLATE_DIFFERENT_MEANING,human_confirmed
NID5-HR-V1-0014,NID5-ND-000058,NID5-V1-000769,NID5-V1-001449,Lost/Stolen NID,Smart ID Card,train,test,SAME_TEMPLATE_DIFFERENT_MEANING,human_confirmed
NID5-HR-V1-0015,NID5-ND-000060,NID5-V1-000782,NID5-V1-000854,Lost/Stolen NID,Lost/Stolen NID,test,dev,RELATED_NOT_PARAPHRASE,human_confirmed
NID5-HR-V1-0016,NID5-ND-000061,NID5-V1-000785,NID5-V1-000891,Lost/Stolen NID,Lost/Stolen NID,train,test,SAME_TEMPLATE_DIFFERENT_MEANING,human_confirmed
NID5-HR-V1-0017,NID5-ND-000062,NID5-V1-000786,NID5-V1-001450,Lost/Stolen NID,Smart ID Card,test,train,SAME_TEMPLATE_DIFFERENT_MEANING,human_confirmed
NID5-HR-V1-0018,NID5-ND-000065,NID5-V1-000794,NID5-V1-000851,Lost/Stolen NID,Lost/Stolen NID,train,train,RELATED_NOT_PARAPHRASE,human_confirmed
NID5-HR-V1-0019,NID5-ND-000068,NID5-V1-000826,NID5-V1-001449,Lost/Stolen NID,Smart ID Card,train,test,SAME_TEMPLATE_DIFFERENT_MEANING,human_confirmed
NID5-HR-V1-0020,NID5-ND-000069,NID5-V1-000855,NID5-V1-000941,Lost/Stolen NID,Lost/Stolen NID,train,train,RELATED_NOT_PARAPHRASE,human_confirmed
NID5-HR-V1-0021,NID5-ND-000071,NID5-V1-000894,NID5-V1-001449,Lost/Stolen NID,Smart ID Card,train,test,LABEL_CONFLICT_SAME_MEANING,human_confirmed
NID5-HR-V1-0022,NID5-ND-000078,NID5-V1-000968,NID5-V1-000974,NID Online Problem,NID Online Problem,train,train,SAME_MEANING,human_confirmed
NID5-HR-V1-0023,NID5-ND-000079,NID5-V1-000969,NID5-V1-000988,NID Online Problem,NID Online Problem,train,dev,SAME_MEANING,human_confirmed
NID5-HR-V1-0024,NID5-ND-000083,NID5-V1-001025,NID5-V1-001041,NID Online Problem,NID Online Problem,test,train,SAME_MEANING,human_confirmed
NID5-HR-V1-0025,NID5-ND-000086,NID5-V1-001091,NID5-V1-001094,NID Online Problem,NID Online Problem,train,train,SAME_MEANING,human_confirmed
NID5-HR-V1-0026,NID5-ND-000089,NID5-V1-001141,NID5-V1-001161,NID Online Problem,NID Online Problem,train,dev,SAME_TEMPLATE_DIFFERENT_MEANING,human_confirmed
NID5-HR-V1-0027,NID5-ND-000097,NID5-V1-001380,NID5-V1-001387,Smart ID Card,Smart ID Card,train,train,RELATED_NOT_PARAPHRASE,human_confirmed
NID5-HR-V1-0028,NID5-ND-000098,NID5-V1-001380,NID5-V1-001390,Smart ID Card,Smart ID Card,train,train,SAME_MEANING,human_confirmed
NID5-HR-V1-0029,NID5-ND-000099,NID5-V1-001395,NID5-V1-001398,Smart ID Card,Smart ID Card,train,train,SAME_MEANING,human_confirmed
