pair_id,sample_id_a,sample_id_b,split_a,split_b,label_a,label_b,same_label,same_split,char_tfidf_cosine,token_jaccard,sequence_similarity,normalized_hash_equality,audit_normalized_hash_equality
NID5-ND-000001,NID5-V1-000004,NID5-V1-000085,train,train,NID Information Correction,NID Information Correction,True,True,0.9239220737899156,0.6363636363636364,0.8686868686868687,False,False
NID5-ND-000002,NID5-V1-000016,NID5-V1-000068,train,train,NID Information Correction,NID Information Correction,True,True,0.9001120934287242,0.75,0.8695652173913043,False,False
NID5-ND-000003,NID5-V1-000016,NID5-V1-000095,train,train,NID Information Correction,NID Information Correction,True,True,0.9077891019589226,0.9,0.9433962264150944,False,False
NID5-ND-000004,NID5-V1-000017,NID5-V1-000208,train,train,NID Information Correction,NID Information Correction,True,True,0.819504046980451,0.7,0.8543689320388349,False,False
NID5-ND-000005,NID5-V1-000048,NID5-V1-000367,train,train,NID Information Correction,New NID Registration,False,True,0.8215701835750577,0.6,0.8269230769230769,False,False
NID5-ND-000006,NID5-V1-000068,NID5-V1-000095,train,train,NID Information Correction,NID Information Correction,True,True,0.8170875553730524,0.6923076923076923,0.8264462809917356,False,False
NID5-ND-000007,NID5-V1-000068,NID5-V1-000113,train,train,NID Information Correction,NID Information Correction,True,True,0.8971655881238451,0.6923076923076923,0.84375,False,False
NID5-ND-000008,NID5-V1-000105,NID5-V1-000121,dev,dev,NID Information Correction,NID Information Correction,True,True,0.8060048014013035,0.4166666666666667,0.6593406593406593,False,False
NID5-ND-000009,NID5-V1-000135,NID5-V1-000139,test,test,NID Information Correction,NID Information Correction,True,True,0.9999999999999991,1.0,1.0,True,True
NID5-ND-000010,NID5-V1-000136,NID5-V1-000140,dev,dev,NID Information Correction,NID Information Correction,True,True,0.9999999999999993,1.0,1.0,True,True
NID5-ND-000011,NID5-V1-000137,NID5-V1-000141,test,test,NID Information Correction,NID Information Correction,True,True,1.0,1.0,1.0,True,True
NID5-ND-000012,NID5-V1-000138,NID5-V1-000142,dev,dev,NID Information Correction,NID Information Correction,True,True,0.9999999999999999,1.0,1.0,True,True
NID5-ND-000013,NID5-V1-000150,NID5-V1-000157,train,dev,NID Information Correction,NID Information Correction,True,False,0.8054974374427193,0.3333333333333333,0.4864864864864865,False,False
NID5-ND-000014,NID5-V1-000183,NID5-V1-000194,train,dev,NID Information Correction,NID Information Correction,True,False,0.8029061925463723,0.4166666666666667,0.7640449438202247,False,False
NID5-ND-000015,NID5-V1-000197,NID5-V1-000214,train,train,NID Information Correction,NID Information Correction,True,True,0.8337002909998297,0.4,0.6933333333333334,False,False
NID5-ND-000016,NID5-V1-000221,NID5-V1-000228,train,train,NID Information Correction,NID Information Correction,True,True,0.8003356723310459,0.3,0.3076923076923077,False,False
NID5-ND-000017,NID5-V1-000228,NID5-V1-000230,train,test,NID Information Correction,NID Information Correction,True,False,0.8354270673970101,0.5454545454545454,0.6829268292682927,False,False
NID5-ND-000018,NID5-V1-000234,NID5-V1-000250,train,train,NID Information Correction,NID Information Correction,True,True,0.824740657977641,0.45454545454545453,0.7741935483870968,False,False
NID5-ND-000019,NID5-V1-000251,NID5-V1-000253,train,dev,NID Information Correction,NID Information Correction,True,False,0.9297368010407397,0.6,0.8275862068965517,False,False
NID5-ND-000020,NID5-V1-000278,NID5-V1-000547,dev,train,New NID Registration,New NID Registration,True,False,0.8126546450464411,0.5,0.9382716049382716,False,False
NID5-ND-000021,NID5-V1-000284,NID5-V1-001421,train,test,New NID Registration,Smart ID Card,False,False,0.8316188569389555,0.6153846153846154,0.7378640776699029,False,False
NID5-ND-000022,NID5-V1-000286,NID5-V1-001422,train,train,New NID Registration,Smart ID Card,False,True,0.8689211628143466,0.8181818181818182,0.8043478260869565,False,False
NID5-ND-000023,NID5-V1-000289,NID5-V1-000310,train,train,New NID Registration,New NID Registration,True,True,0.8268549770691502,0.5555555555555556,0.8604651162790697,False,False
NID5-ND-000024,NID5-V1-000347,NID5-V1-001315,train,dev,New NID Registration,Smart ID Card,False,False,0.8608324419234511,0.5555555555555556,0.7857142857142857,False,False
NID5-ND-000025,NID5-V1-000354,NID5-V1-001324,train,train,New NID Registration,Smart ID Card,False,True,0.8748021387856085,0.6,0.8372093023255814,False,False
NID5-ND-000026,NID5-V1-000407,NID5-V1-001309,train,train,New NID Registration,Smart ID Card,False,True,0.8080426740841234,0.6666666666666666,0.6944444444444444,False,False
NID5-ND-000027,NID5-V1-000422,NID5-V1-000586,train,dev,New NID Registration,New NID Registration,True,False,0.8358920397482787,0.6666666666666666,0.8037383177570093,False,False
NID5-ND-000028,NID5-V1-000424,NID5-V1-000426,train,train,New NID Registration,New NID Registration,True,True,0.8357007164231165,0.625,0.48717948717948717,False,False
NID5-ND-000029,NID5-V1-000426,NID5-V1-000433,train,train,New NID Registration,New NID Registration,True,True,0.8087510649059501,0.42857142857142855,0.782608695652174,False,False
NID5-ND-000030,NID5-V1-000430,NID5-V1-000471,train,train,New NID Registration,New NID Registration,True,True,0.8253560152249264,0.2727272727272727,0.4444444444444444,False,False
NID5-ND-000031,NID5-V1-000461,NID5-V1-000470,train,dev,New NID Registration,New NID Registration,True,False,0.802113422544598,0.3076923076923077,0.31683168316831684,False,False
NID5-ND-000032,NID5-V1-000474,NID5-V1-000476,train,dev,New NID Registration,New NID Registration,True,False,0.8207156830117481,0.3076923076923077,0.6782608695652174,False,False
NID5-ND-000033,NID5-V1-000506,NID5-V1-000869,test,train,New NID Registration,Lost/Stolen NID,False,False,0.8092415923807036,0.625,0.7428571428571429,False,False
NID5-ND-000034,NID5-V1-000509,NID5-V1-000870,train,test,New NID Registration,Lost/Stolen NID,False,False,0.915311817586148,0.75,0.88,False,False
NID5-ND-000035,NID5-V1-000519,NID5-V1-000878,dev,train,New NID Registration,Lost/Stolen NID,False,False,0.8837073524131234,0.7777777777777778,0.8440366972477065,False,False
NID5-ND-000036,NID5-V1-000520,NID5-V1-000879,dev,test,New NID Registration,Lost/Stolen NID,False,False,0.831119910282513,0.875,0.875,False,False
NID5-ND-000037,NID5-V1-000522,NID5-V1-000915,train,train,New NID Registration,Lost/Stolen NID,False,True,0.9005522038793115,0.8888888888888888,0.9215686274509803,False,False
NID5-ND-000038,NID5-V1-000522,NID5-V1-001331,train,train,New NID Registration,Smart ID Card,False,True,0.8109837713078989,0.7,0.8172043010752689,False,False
NID5-ND-000039,NID5-V1-000526,NID5-V1-001337,test,train,New NID Registration,Smart ID Card,False,False,0.8248302815433782,0.6,0.7209302325581395,False,False
NID5-ND-000040,NID5-V1-000530,NID5-V1-000923,train,test,New NID Registration,Lost/Stolen NID,False,False,0.9101305204889607,0.875,0.92,False,False
NID5-ND-000041,NID5-V1-000530,NID5-V1-001341,train,train,New NID Registration,Smart ID Card,False,True,0.8613657422124504,0.75,0.7906976744186046,False,False
NID5-ND-000042,NID5-V1-000532,NID5-V1-000924,train,dev,New NID Registration,Lost/Stolen NID,False,False,0.8455316306330353,0.75,0.8282828282828283,False,False
NID5-ND-000043,NID5-V1-000533,NID5-V1-000925,test,train,New NID Registration,Lost/Stolen NID,False,False,0.8538517677417276,0.625,0.868421052631579,False,False
NID5-ND-000044,NID5-V1-000534,NID5-V1-000927,train,train,New NID Registration,Lost/Stolen NID,False,True,0.8892423487380234,0.8888888888888888,0.9111111111111111,False,False
NID5-ND-000045,NID5-V1-000541,NID5-V1-001407,train,test,New NID Registration,Smart ID Card,False,False,0.8578767765190464,0.5,0.72,False,False
NID5-ND-000046,NID5-V1-000547,NID5-V1-001415,train,train,New NID Registration,Smart ID Card,False,True,0.906573042268657,0.5714285714285714,0.7837837837837838,False,False
NID5-ND-000047,NID5-V1-000578,NID5-V1-001292,train,train,New NID Registration,Smart ID Card,False,True,0.8118894198935664,0.6363636363636364,0.7572815533980582,False,False
NID5-ND-000048,NID5-V1-000592,NID5-V1-001355,test,test,New NID Registration,Smart ID Card,False,True,0.9999999999999997,1.0,1.0,True,True
NID5-ND-000049,NID5-V1-000595,NID5-V1-001391,train,train,New NID Registration,Smart ID Card,False,True,0.8770999654052015,0.6666666666666666,0.7916666666666666,False,False
NID5-ND-000050,NID5-V1-000602,NID5-V1-001371,dev,dev,New NID Registration,Smart ID Card,False,True,1.0,1.0,1.0,True,True
NID5-ND-000051,NID5-V1-000609,NID5-V1-000614,train,train,New NID Registration,New NID Registration,True,True,0.8229217008027496,0.3333333333333333,0.7341772151898734,False,False
NID5-ND-000052,NID5-V1-000611,NID5-V1-000613,train,train,New NID Registration,New NID Registration,True,True,0.8478600630611404,0.6666666666666666,0.8380952380952381,False,False
NID5-ND-000053,NID5-V1-000677,NID5-V1-000680,train,test,New NID Registration,New NID Registration,True,False,0.8876063258353174,0.3333333333333333,0.5121951219512195,False,False
NID5-ND-000054,NID5-V1-000730,NID5-V1-000731,train,train,Lost/Stolen NID,Lost/Stolen NID,True,True,0.8419357309374085,0.7272727272727273,0.4,False,False
NID5-ND-000055,NID5-V1-000767,NID5-V1-001439,train,train,Lost/Stolen NID,Smart ID Card,False,True,0.9425990444899133,0.7142857142857143,0.8253968253968254,False,False
NID5-ND-000056,NID5-V1-000769,NID5-V1-000826,train,train,Lost/Stolen NID,Lost/Stolen NID,True,True,0.8571445214186698,0.45454545454545453,0.42857142857142855,False,False
NID5-ND-000057,NID5-V1-000769,NID5-V1-000894,train,train,Lost/Stolen NID,Lost/Stolen NID,True,True,0.9623835715930349,0.9090909090909091,0.9347826086956522,False,False
NID5-ND-000058,NID5-V1-000769,NID5-V1-001449,train,test,Lost/Stolen NID,Smart ID Card,False,False,0.8524712890286492,0.5,0.475,False,False
NID5-ND-000059,NID5-V1-000778,NID5-V1-000847,train,train,Lost/Stolen NID,Lost/Stolen NID,True,True,0.8358442774813954,0.75,0.8656716417910447,False,False
NID5-ND-000060,NID5-V1-000782,NID5-V1-000854,test,dev,Lost/Stolen NID,Lost/Stolen NID,True,False,0.8558011946343903,0.5555555555555556,0.8333333333333334,False,False
NID5-ND-000061,NID5-V1-000785,NID5-V1-000891,train,test,Lost/Stolen NID,Lost/Stolen NID,True,False,0.9194830275276749,0.625,0.8493150684931506,False,False
NID5-ND-000062,NID5-V1-000786,NID5-V1-001450,test,train,Lost/Stolen NID,Smart ID Card,False,False,0.8513084619595432,0.7272727272727273,0.42105263157894735,False,False
NID5-ND-000063,NID5-V1-000788,NID5-V1-000893,train,test,Lost/Stolen NID,Lost/Stolen NID,True,False,0.8339036106530777,0.5,0.7741935483870968,False,False
NID5-ND-000064,NID5-V1-000791,NID5-V1-000846,train,train,Lost/Stolen NID,Lost/Stolen NID,True,True,0.9037205020835646,0.75,0.8387096774193549,False,False
NID5-ND-000065,NID5-V1-000794,NID5-V1-000851,train,train,Lost/Stolen NID,Lost/Stolen NID,True,True,0.8143913461771707,0.5714285714285714,0.8,False,False
NID5-ND-000066,NID5-V1-000809,NID5-V1-000841,train,train,Lost/Stolen NID,Lost/Stolen NID,True,True,0.8383778035488214,0.6666666666666666,0.8235294117647058,False,False
NID5-ND-000067,NID5-V1-000826,NID5-V1-000894,train,train,Lost/Stolen NID,Lost/Stolen NID,True,True,0.8249018058943031,0.4166666666666667,0.39473684210526316,False,False
NID5-ND-000068,NID5-V1-000826,NID5-V1-001449,train,test,Lost/Stolen NID,Smart ID Card,False,False,0.9165312896996283,0.75,0.84375,False,False
NID5-ND-000069,NID5-V1-000855,NID5-V1-000941,train,train,Lost/Stolen NID,Lost/Stolen NID,True,True,0.8165854863056398,0.8,0.926829268292683,False,False
NID5-ND-000070,NID5-V1-000876,NID5-V1-000879,train,test,Lost/Stolen NID,Lost/Stolen NID,True,False,0.8005710217520764,0.6,0.7647058823529411,False,False
NID5-ND-000071,NID5-V1-000894,NID5-V1-001449,train,test,Lost/Stolen NID,Smart ID Card,False,False,0.9015581431583856,0.5833333333333334,0.4418604651162791,False,False
NID5-ND-000072,NID5-V1-000904,NID5-V1-001357,test,train,Lost/Stolen NID,Smart ID Card,False,False,0.8520015214771763,0.5,0.7764705882352941,False,False
NID5-ND-000073,NID5-V1-000907,NID5-V1-001366,train,train,Lost/Stolen NID,Smart ID Card,False,True,0.8248411744259871,0.625,0.7837837837837838,False,False
NID5-ND-000074,NID5-V1-000913,NID5-V1-001372,dev,train,Lost/Stolen NID,Smart ID Card,False,False,0.8065207152819247,0.6666666666666666,0.7727272727272727,False,False
NID5-ND-000075,NID5-V1-000914,NID5-V1-001376,test,dev,Lost/Stolen NID,Smart ID Card,False,False,0.8093798422774393,0.6666666666666666,0.6666666666666666,False,False
NID5-ND-000076,NID5-V1-000915,NID5-V1-000927,train,train,Lost/Stolen NID,Lost/Stolen NID,True,True,0.831357852214187,0.38461538461538464,0.5961538461538461,False,False
NID5-ND-000077,NID5-V1-000945,NID5-V1-000948,train,train,Lost/Stolen NID,Lost/Stolen NID,True,True,0.8334224602007992,0.6666666666666666,0.5274725274725275,False,False
NID5-ND-000078,NID5-V1-000968,NID5-V1-000974,train,train,NID Online Problem,NID Online Problem,True,True,0.8450676956656732,0.8,0.9318181818181818,False,False
NID5-ND-000079,NID5-V1-000969,NID5-V1-000988,train,dev,NID Online Problem,NID Online Problem,True,False,0.9610500190581709,0.8181818181818182,0.9438202247191011,False,False
NID5-ND-000080,NID5-V1-000969,NID5-V1-000992,train,train,NID Online Problem,NID Online Problem,True,True,0.8122853160466738,0.6428571428571429,0.780952380952381,False,False
NID5-ND-000081,NID5-V1-000971,NID5-V1-001005,train,test,NID Online Problem,NID Online Problem,True,False,0.8351135729408181,0.6363636363636364,0.8571428571428571,False,False
NID5-ND-000082,NID5-V1-000988,NID5-V1-000992,dev,train,NID Online Problem,NID Online Problem,True,False,0.8043206997050976,0.6428571428571429,0.7307692307692307,False,False
NID5-ND-000083,NID5-V1-001025,NID5-V1-001041,test,train,NID Online Problem,NID Online Problem,True,False,0.9434761873014312,0.7777777777777778,0.918918918918919,False,False
NID5-ND-000084,NID5-V1-001050,NID5-V1-001060,dev,train,NID Online Problem,NID Online Problem,True,False,0.8138881949912038,0.3333333333333333,0.3829787234042553,False,False
NID5-ND-000085,NID5-V1-001062,NID5-V1-001074,train,train,NID Online Problem,NID Online Problem,True,True,0.8330570790083416,0.36363636363636365,0.5063291139240507,False,False
NID5-ND-000086,NID5-V1-001091,NID5-V1-001094,train,train,NID Online Problem,NID Online Problem,True,True,0.8218991090726097,0.6,0.8461538461538461,False,False
NID5-ND-000087,NID5-V1-001108,NID5-V1-001110,train,test,NID Online Problem,NID Online Problem,True,False,0.8374562586146062,0.6363636363636364,0.7088607594936709,False,False
NID5-ND-000088,NID5-V1-001128,NID5-V1-001146,dev,dev,NID Online Problem,NID Online Problem,True,True,0.8771877086371915,0.625,0.8493150684931506,False,False
NID5-ND-000089,NID5-V1-001141,NID5-V1-001161,train,dev,NID Online Problem,NID Online Problem,True,False,0.8226928229373031,0.6,0.8493150684931506,False,False
NID5-ND-000090,NID5-V1-001190,NID5-V1-001194,train,train,NID Online Problem,NID Online Problem,True,True,0.8405651675349209,0.36363636363636365,0.6896551724137931,False,False
NID5-ND-000091,NID5-V1-001202,NID5-V1-001214,train,train,NID Online Problem,NID Online Problem,True,True,0.8114400861370744,0.3333333333333333,0.3956043956043956,False,False
NID5-ND-000092,NID5-V1-001204,NID5-V1-001215,train,train,NID Online Problem,NID Online Problem,True,True,0.8772855010666375,0.4,0.5806451612903226,False,False
NID5-ND-000093,NID5-V1-001274,NID5-V1-001275,dev,train,Smart ID Card,Smart ID Card,True,False,0.8663728159652376,0.5454545454545454,0.8607594936708861,False,False
NID5-ND-000094,NID5-V1-001279,NID5-V1-001300,dev,dev,Smart ID Card,Smart ID Card,True,True,1.0,1.0,1.0,True,True
NID5-ND-000095,NID5-V1-001310,NID5-V1-001338,train,test,Smart ID Card,Smart ID Card,True,False,0.8150560125839285,0.6,0.84,False,False
NID5-ND-000096,NID5-V1-001315,NID5-V1-001327,dev,dev,Smart ID Card,Smart ID Card,True,True,0.8239338820668324,0.36363636363636365,0.5121951219512195,False,False
NID5-ND-000097,NID5-V1-001380,NID5-V1-001387,train,train,Smart ID Card,Smart ID Card,True,True,0.8530937304216969,0.42857142857142855,0.7741935483870968,False,False
NID5-ND-000098,NID5-V1-001380,NID5-V1-001390,train,train,Smart ID Card,Smart ID Card,True,True,0.8294726950734064,0.6666666666666666,0.8923076923076924,False,False
NID5-ND-000099,NID5-V1-001395,NID5-V1-001398,train,train,Smart ID Card,Smart ID Card,True,True,0.9274282601725005,0.7,0.8791208791208791,False,False
