id,text,service,parent_topic_id,parent_topic,query_topic_id,query_topic,priority,language_style,privacy_present,privacy_types,source_type,parent_query_id,difficulty,is_ood,annotation_notes,review_priority,natural_query,service_context_clear,parent_label_correct,query_topic_correct,more_specific_leaf_available,neighbor_confusion_risk,language_style_correct,priority_correct,difficulty_correct,independent_seed,mutable_fact_safe,privacy_safe,retain_leaf,review_decision,review_notes
DLQ_0001,শিক্ষানবিশ ড্রাইভিং লাইসেন্সের জন্য কারা আবেদন করতে পারেন?,DRIVING_LICENCE,DRIVING_LICENCE_LEARNER,Learner Driving Licence,DRIVING_LICENCE_LEARNER_ELIGIBILITY,Learner Licence Eligibility,Low,Formal,FALSE,,SYNTHETIC,DRIVING_LICENCE_LEARNER_ELIGIBILITY_F01,Easy,FALSE,Driving Licence pilot v0.1 independent synthetic seed; semantically reviewed; do not train before project-wide approval.,MANDATORY,YES,YES,YES,YES,NO,MEDIUM,YES,YES,YES,YES,YES,YES,YES,PASS,"Reviewed independent seed; natural wording, stable intent, correct metadata, and no mutable fact or private value."
DLQ_0002,learner licence করার eligibility কী?,DRIVING_LICENCE,DRIVING_LICENCE_LEARNER,Learner Driving Licence,DRIVING_LICENCE_LEARNER_ELIGIBILITY,Learner Licence Eligibility,Low,Informal,FALSE,,SYNTHETIC,DRIVING_LICENCE_LEARNER_ELIGIBILITY_F02,Medium,FALSE,Driving Licence pilot v0.1 independent synthetic seed; semantically reviewed; do not train before project-wide approval.,MANDATORY,YES,YES,YES,YES,NO,MEDIUM,YES,YES,YES,YES,YES,YES,YES,PASS,"Reviewed independent seed; natural wording, stable intent, correct metadata, and no mutable fact or private value."
DLQ_0003,ami learner driving licence er jonno eligible kina?,DRIVING_LICENCE,DRIVING_LICENCE_LEARNER,Learner Driving Licence,DRIVING_LICENCE_LEARNER_ELIGIBILITY,Learner Licence Eligibility,Low,Mixed,FALSE,,SYNTHETIC,DRIVING_LICENCE_LEARNER_ELIGIBILITY_F03,Medium,FALSE,Driving Licence pilot v0.1 independent synthetic seed; semantically reviewed; do not train before project-wide approval.,MANDATORY,YES,YES,YES,YES,NO,MEDIUM,YES,YES,YES,YES,YES,YES,YES,PASS,"Reviewed independent seed; natural wording, stable intent, correct metadata, and no mutable fact or private value."
DLQ_0004,গাড়ি চালানো শেখা শুরু করব—learner permit-এর জন্য qualify করি কি না জানতে চাই।,DRIVING_LICENCE,DRIVING_LICENCE_LEARNER,Learner Driving Licence,DRIVING_LICENCE_LEARNER_ELIGIBILITY,Learner Licence Eligibility,Low,Mixed,FALSE,,SYNTHETIC,DRIVING_LICENCE_LEARNER_ELIGIBILITY_F04,Hard,FALSE,Driving Licence pilot v0.1 independent synthetic seed; semantically reviewed; do not train before project-wide approval.,MANDATORY,YES,YES,YES,YES,NO,MEDIUM,YES,YES,YES,YES,YES,YES,YES,PASS,"Reviewed independent seed; natural wording, stable intent, correct metadata, and no mutable fact or private value."
DLQ_0005,শিক্ষানবিশ ড্রাইভিং লাইসেন্স করার প্রক্রিয়াটি কী?,DRIVING_LICENCE,DRIVING_LICENCE_LEARNER,Learner Driving Licence,DRIVING_LICENCE_LEARNER_PROCESS,Learner Licence Application Process,Low,Formal,FALSE,,SYNTHETIC,DRIVING_LICENCE_LEARNER_PROCESS_F01,Easy,FALSE,Driving Licence pilot v0.1 independent synthetic seed; semantically reviewed; do not train before project-wide approval.,STANDARD,YES,YES,YES,YES,NO,LOW,YES,YES,YES,YES,YES,YES,YES,PASS,"Reviewed independent seed; natural wording, stable intent, correct metadata, and no mutable fact or private value."
DLQ_0006,"learner licence করতে চাই, কীভাবে শুরু করব?",DRIVING_LICENCE,DRIVING_LICENCE_LEARNER,Learner Driving Licence,DRIVING_LICENCE_LEARNER_PROCESS,Learner Licence Application Process,Low,Informal,FALSE,,SYNTHETIC,DRIVING_LICENCE_LEARNER_PROCESS_F02,Medium,FALSE,Driving Licence pilot v0.1 independent synthetic seed; semantically reviewed; do not train before project-wide approval.,STANDARD,YES,YES,YES,YES,NO,LOW,YES,YES,YES,YES,YES,YES,YES,PASS,"Reviewed independent seed; natural wording, stable intent, correct metadata, and no mutable fact or private value."
DLQ_0007,learner driving licence application process ta ki?,DRIVING_LICENCE,DRIVING_LICENCE_LEARNER,Learner Driving Licence,DRIVING_LICENCE_LEARNER_PROCESS,Learner Licence Application Process,Low,Mixed,FALSE,,SYNTHETIC,DRIVING_LICENCE_LEARNER_PROCESS_F03,Medium,FALSE,Driving Licence pilot v0.1 independent synthetic seed; semantically reviewed; do not train before project-wide approval.,STANDARD,YES,YES,YES,YES,NO,LOW,YES,YES,YES,YES,YES,YES,YES,PASS,"Reviewed independent seed; natural wording, stable intent, correct metadata, and no mutable fact or private value."
DLQ_0008,প্রথমে learner permit নেওয়ার ধাপগুলো সহজভাবে জানতে চাই।,DRIVING_LICENCE,DRIVING_LICENCE_LEARNER,Learner Driving Licence,DRIVING_LICENCE_LEARNER_PROCESS,Learner Licence Application Process,Low,Mixed,FALSE,,SYNTHETIC,DRIVING_LICENCE_LEARNER_PROCESS_F04,Hard,FALSE,Driving Licence pilot v0.1 independent synthetic seed; semantically reviewed; do not train before project-wide approval.,BOUNDARY,YES,YES,YES,YES,NO,MEDIUM,YES,YES,YES,YES,YES,YES,YES,PASS,"Reviewed independent seed; natural wording, stable intent, correct metadata, and no mutable fact or private value."
DLQ_0009,লার্নার ড্রাইভিং লাইসেন্সের জন্য কী কী কাগজপত্র লাগে?,DRIVING_LICENCE,DRIVING_LICENCE_LEARNER,Learner Driving Licence,DRIVING_LICENCE_LEARNER_DOCUMENTS,Learner Licence Required Documents,Low,Formal,FALSE,,SYNTHETIC,DRIVING_LICENCE_LEARNER_DOCUMENTS_F01,Easy,FALSE,Driving Licence pilot v0.1 independent synthetic seed; semantically reviewed; do not train before project-wide approval.,STANDARD,YES,YES,YES,YES,NO,LOW,YES,YES,YES,YES,YES,YES,YES,PASS,"Reviewed independent seed; natural wording, stable intent, correct metadata, and no mutable fact or private value."
DLQ_0010,learner application-এ কোন documents লাগবে?,DRIVING_LICENCE,DRIVING_LICENCE_LEARNER,Learner Driving Licence,DRIVING_LICENCE_LEARNER_DOCUMENTS,Learner Licence Required Documents,Low,Informal,FALSE,,SYNTHETIC,DRIVING_LICENCE_LEARNER_DOCUMENTS_F02,Medium,FALSE,Driving Licence pilot v0.1 independent synthetic seed; semantically reviewed; do not train before project-wide approval.,STANDARD,YES,YES,YES,YES,NO,LOW,YES,YES,YES,YES,YES,YES,YES,PASS,"Reviewed independent seed; natural wording, stable intent, correct metadata, and no mutable fact or private value."
DLQ_0011,learner licence er required papers ki ki?,DRIVING_LICENCE,DRIVING_LICENCE_LEARNER,Learner Driving Licence,DRIVING_LICENCE_LEARNER_DOCUMENTS,Learner Licence Required Documents,Low,Mixed,FALSE,,SYNTHETIC,DRIVING_LICENCE_LEARNER_DOCUMENTS_F03,Medium,FALSE,Driving Licence pilot v0.1 independent synthetic seed; semantically reviewed; do not train before project-wide approval.,STANDARD,YES,YES,YES,YES,NO,LOW,YES,YES,YES,YES,YES,YES,YES,PASS,"Reviewed independent seed; natural wording, stable intent, correct metadata, and no mutable fact or private value."
DLQ_0012,learner form জমা দেওয়ার আগে কোন পরিচয় আর supporting records ready রাখব?,DRIVING_LICENCE,DRIVING_LICENCE_LEARNER,Learner Driving Licence,DRIVING_LICENCE_LEARNER_DOCUMENTS,Learner Licence Required Documents,Low,Mixed,FALSE,,SYNTHETIC,DRIVING_LICENCE_LEARNER_DOCUMENTS_F04,Hard,FALSE,Driving Licence pilot v0.1 independent synthetic seed; semantically reviewed; do not train before project-wide approval.,BOUNDARY,YES,YES,YES,YES,NO,MEDIUM,YES,YES,YES,YES,YES,YES,YES,PASS,"Reviewed independent seed; natural wording, stable intent, correct metadata, and no mutable fact or private value."
DLQ_0013,ড্রাইভিং লাইসেন্স আবেদনে মেডিকেল সার্টিফিকেট কীভাবে জমা দেব?,DRIVING_LICENCE,DRIVING_LICENCE_LEARNER,Learner Driving Licence,DRIVING_LICENCE_LEARNER_MEDICAL,Learner Licence Medical Certificate,Low,Formal,FALSE,,SYNTHETIC,DRIVING_LICENCE_LEARNER_MEDICAL_F01,Easy,FALSE,Driving Licence pilot v0.1 independent synthetic seed; semantically reviewed; do not train before project-wide approval.,MANDATORY,YES,YES,YES,YES,NO,MEDIUM,YES,YES,YES,YES,YES,YES,YES,PASS,"Reviewed independent seed; natural wording, stable intent, correct metadata, and no mutable fact or private value."
DLQ_0014,learner licence করতে medical form লাগবে?,DRIVING_LICENCE,DRIVING_LICENCE_LEARNER,Learner Driving Licence,DRIVING_LICENCE_LEARNER_MEDICAL,Learner Licence Medical Certificate,Low,Informal,FALSE,,SYNTHETIC,DRIVING_LICENCE_LEARNER_MEDICAL_F02,Medium,FALSE,Driving Licence pilot v0.1 independent synthetic seed; semantically reviewed; do not train before project-wide approval.,MANDATORY,YES,YES,YES,YES,NO,MEDIUM,YES,YES,YES,YES,YES,YES,YES,PASS,"Reviewed independent seed; natural wording, stable intent, correct metadata, and no mutable fact or private value."
DLQ_0015,driving licence medical certificate er process ki?,DRIVING_LICENCE,DRIVING_LICENCE_LEARNER,Learner Driving Licence,DRIVING_LICENCE_LEARNER_MEDICAL,Learner Licence Medical Certificate,Low,Mixed,FALSE,,SYNTHETIC,DRIVING_LICENCE_LEARNER_MEDICAL_F03,Medium,FALSE,Driving Licence pilot v0.1 independent synthetic seed; semantically reviewed; do not train before project-wide approval.,MANDATORY,YES,YES,YES,YES,NO,MEDIUM,YES,YES,YES,YES,YES,YES,YES,PASS,"Reviewed independent seed; natural wording, stable intent, correct metadata, and no mutable fact or private value."
DLQ_0016,application-এর health certificate কোন stage-এ attach করতে হয় জানতে চাই।,DRIVING_LICENCE,DRIVING_LICENCE_LEARNER,Learner Driving Licence,DRIVING_LICENCE_LEARNER_MEDICAL,Learner Licence Medical Certificate,Low,Mixed,FALSE,,SYNTHETIC,DRIVING_LICENCE_LEARNER_MEDICAL_F04,Hard,FALSE,Driving Licence pilot v0.1 independent synthetic seed; semantically reviewed; do not train before project-wide approval.,MANDATORY,YES,YES,YES,YES,NO,MEDIUM,YES,YES,YES,YES,YES,YES,YES,PASS,"Reviewed independent seed; natural wording, stable intent, correct metadata, and no mutable fact or private value."
DLQ_0017,ইস্যু হওয়া লার্নার লাইসেন্স কীভাবে ডাউনলোড করব?,DRIVING_LICENCE,DRIVING_LICENCE_LEARNER,Learner Driving Licence,DRIVING_LICENCE_LEARNER_COPY,Learner Licence Copy or Download,Low,Formal,FALSE,,SYNTHETIC,DRIVING_LICENCE_LEARNER_COPY_F01,Easy,FALSE,Driving Licence pilot v0.1 independent synthetic seed; semantically reviewed; do not train before project-wide approval.,STANDARD,YES,YES,YES,YES,NO,LOW,YES,YES,YES,YES,YES,YES,YES,PASS,"Reviewed independent seed; natural wording, stable intent, correct metadata, and no mutable fact or private value."
DLQ_0018,learner permit-এর print copy কোথায় পাব?,DRIVING_LICENCE,DRIVING_LICENCE_LEARNER,Learner Driving Licence,DRIVING_LICENCE_LEARNER_COPY,Learner Licence Copy or Download,Low,Informal,FALSE,,SYNTHETIC,DRIVING_LICENCE_LEARNER_COPY_F02,Medium,FALSE,Driving Licence pilot v0.1 independent synthetic seed; semantically reviewed; do not train before project-wide approval.,STANDARD,YES,YES,YES,YES,NO,LOW,YES,YES,YES,YES,YES,YES,YES,PASS,"Reviewed independent seed; natural wording, stable intent, correct metadata, and no mutable fact or private value."
DLQ_0019,learner licence download korar option kothay?,DRIVING_LICENCE,DRIVING_LICENCE_LEARNER,Learner Driving Licence,DRIVING_LICENCE_LEARNER_COPY,Learner Licence Copy or Download,Low,Mixed,FALSE,,SYNTHETIC,DRIVING_LICENCE_LEARNER_COPY_F03,Medium,FALSE,Driving Licence pilot v0.1 independent synthetic seed; semantically reviewed; do not train before project-wide approval.,STANDARD,YES,YES,YES,YES,NO,LOW,YES,YES,YES,YES,YES,YES,YES,PASS,"Reviewed independent seed; natural wording, stable intent, correct metadata, and no mutable fact or private value."
DLQ_0020,"application approve হয়েছে, এখন learner documentটা ফোনে নিতে চাই।",DRIVING_LICENCE,DRIVING_LICENCE_LEARNER,Learner Driving Licence,DRIVING_LICENCE_LEARNER_COPY,Learner Licence Copy or Download,Low,Mixed,FALSE,,SYNTHETIC,DRIVING_LICENCE_LEARNER_COPY_F04,Hard,FALSE,Driving Licence pilot v0.1 independent synthetic seed; semantically reviewed; do not train before project-wide approval.,BOUNDARY,YES,YES,YES,YES,NO,MEDIUM,YES,YES,YES,YES,YES,YES,YES,PASS,"Reviewed independent seed; natural wording, stable intent, correct metadata, and no mutable fact or private value."
DLQ_0021,নতুন পূর্ণাঙ্গ ড্রাইভিং লাইসেন্স পাওয়ার প্রক্রিয়াটি কী?,DRIVING_LICENCE,DRIVING_LICENCE_APPLICATION,New Driving Licence Application,DRIVING_LICENCE_NEW_PROCESS,New Driving Licence Application Process,Low,Formal,FALSE,,SYNTHETIC,DRIVING_LICENCE_NEW_PROCESS_F01,Easy,FALSE,Driving Licence pilot v0.1 independent synthetic seed; semantically reviewed; do not train before project-wide approval.,STANDARD,YES,YES,YES,YES,NO,LOW,YES,YES,YES,YES,YES,YES,YES,PASS,"Reviewed independent seed; natural wording, stable intent, correct metadata, and no mutable fact or private value."
DLQ_0022,"learner আছে, এখন main driving licence করতে কী হবে?",DRIVING_LICENCE,DRIVING_LICENCE_APPLICATION,New Driving Licence Application,DRIVING_LICENCE_NEW_PROCESS,New Driving Licence Application Process,Low,Informal,FALSE,,SYNTHETIC,DRIVING_LICENCE_NEW_PROCESS_F02,Medium,FALSE,Driving Licence pilot v0.1 independent synthetic seed; semantically reviewed; do not train before project-wide approval.,STANDARD,YES,YES,YES,YES,NO,LOW,YES,YES,YES,YES,YES,YES,YES,PASS,"Reviewed independent seed; natural wording, stable intent, correct metadata, and no mutable fact or private value."
DLQ_0023,new smart card driving licence process ta ki?,DRIVING_LICENCE,DRIVING_LICENCE_APPLICATION,New Driving Licence Application,DRIVING_LICENCE_NEW_PROCESS,New Driving Licence Application Process,Low,Mixed,FALSE,,SYNTHETIC,DRIVING_LICENCE_NEW_PROCESS_F03,Medium,FALSE,Driving Licence pilot v0.1 independent synthetic seed; semantically reviewed; do not train before project-wide approval.,STANDARD,YES,YES,YES,YES,NO,LOW,YES,YES,YES,YES,YES,YES,YES,PASS,"Reviewed independent seed; natural wording, stable intent, correct metadata, and no mutable fact or private value."
DLQ_0024,driving test-এর ধাপ পেরিয়ে licence issue করার application কীভাবে করব?,DRIVING_LICENCE,DRIVING_LICENCE_APPLICATION,New Driving Licence Application,DRIVING_LICENCE_NEW_PROCESS,New Driving Licence Application Process,Low,Mixed,FALSE,,SYNTHETIC,DRIVING_LICENCE_NEW_PROCESS_F04,Hard,FALSE,Driving Licence pilot v0.1 independent synthetic seed; semantically reviewed; do not train before project-wide approval.,BOUNDARY,YES,YES,YES,YES,NO,MEDIUM,YES,YES,YES,YES,YES,YES,YES,PASS,"Reviewed independent seed; natural wording, stable intent, correct metadata, and no mutable fact or private value."
DLQ_0025,বিআরটিএ সার্ভিস পোর্টালে ড্রাইভিং লাইসেন্সের আবেদন কীভাবে করব?,DRIVING_LICENCE,DRIVING_LICENCE_APPLICATION,New Driving Licence Application,DRIVING_LICENCE_ONLINE_APPLICATION,Online Driving Licence Application,Low,Formal,FALSE,,SYNTHETIC,DRIVING_LICENCE_ONLINE_APPLICATION_F01,Easy,FALSE,Driving Licence pilot v0.1 independent synthetic seed; semantically reviewed; do not train before project-wide approval.,STANDARD,YES,YES,YES,YES,NO,LOW,YES,YES,YES,YES,YES,YES,YES,PASS,"Reviewed independent seed; natural wording, stable intent, correct metadata, and no mutable fact or private value."
DLQ_0026,driving licence online apply করতে কোথায় যাব?,DRIVING_LICENCE,DRIVING_LICENCE_APPLICATION,New Driving Licence Application,DRIVING_LICENCE_ONLINE_APPLICATION,Online Driving Licence Application,Low,Informal,FALSE,,SYNTHETIC,DRIVING_LICENCE_ONLINE_APPLICATION_F02,Medium,FALSE,Driving Licence pilot v0.1 independent synthetic seed; semantically reviewed; do not train before project-wide approval.,STANDARD,YES,YES,YES,YES,NO,LOW,YES,YES,YES,YES,YES,YES,YES,PASS,"Reviewed independent seed; natural wording, stable intent, correct metadata, and no mutable fact or private value."
DLQ_0027,BSP diye licence application submit korbo kivabe?,DRIVING_LICENCE,DRIVING_LICENCE_APPLICATION,New Driving Licence Application,DRIVING_LICENCE_ONLINE_APPLICATION,Online Driving Licence Application,Low,Mixed,FALSE,,SYNTHETIC,DRIVING_LICENCE_ONLINE_APPLICATION_F03,Medium,FALSE,Driving Licence pilot v0.1 independent synthetic seed; semantically reviewed; do not train before project-wide approval.,STANDARD,YES,YES,YES,YES,NO,LOW,YES,YES,YES,YES,YES,YES,YES,PASS,"Reviewed independent seed; natural wording, stable intent, correct metadata, and no mutable fact or private value."
DLQ_0028,"portal account আছে, এখন new licence formটা online-এ শুরু করতে চাই।",DRIVING_LICENCE,DRIVING_LICENCE_APPLICATION,New Driving Licence Application,DRIVING_LICENCE_ONLINE_APPLICATION,Online Driving Licence Application,Low,Mixed,FALSE,,SYNTHETIC,DRIVING_LICENCE_ONLINE_APPLICATION_F04,Hard,FALSE,Driving Licence pilot v0.1 independent synthetic seed; semantically reviewed; do not train before project-wide approval.,BOUNDARY,YES,YES,YES,YES,NO,MEDIUM,YES,YES,YES,YES,YES,YES,YES,PASS,"Reviewed independent seed; natural wording, stable intent, correct metadata, and no mutable fact or private value."
DLQ_0029,পেশাদার ও অপেশাদার ড্রাইভিং লাইসেন্সের মধ্যে কোন ধরন নির্বাচন করব?,DRIVING_LICENCE,DRIVING_LICENCE_APPLICATION,New Driving Licence Application,DRIVING_LICENCE_TYPE_SELECTION,Professional or Non-Professional Licence Type,Low,Formal,FALSE,,SYNTHETIC,DRIVING_LICENCE_TYPE_SELECTION_F01,Easy,FALSE,Driving Licence pilot v0.1 independent synthetic seed; semantically reviewed; do not train before project-wide approval.,MANDATORY,YES,YES,YES,YES,NO,MEDIUM,YES,YES,YES,YES,YES,YES,YES,PASS,"Reviewed independent seed; natural wording, stable intent, correct metadata, and no mutable fact or private value."
DLQ_0030,professional licence আর non-professional-এর application type কীভাবে choose করব?,DRIVING_LICENCE,DRIVING_LICENCE_APPLICATION,New Driving Licence Application,DRIVING_LICENCE_TYPE_SELECTION,Professional or Non-Professional Licence Type,Low,Informal,FALSE,,SYNTHETIC,DRIVING_LICENCE_TYPE_SELECTION_F02,Medium,FALSE,Driving Licence pilot v0.1 independent synthetic seed; semantically reviewed; do not train before project-wide approval.,MANDATORY,YES,YES,YES,YES,NO,MEDIUM,YES,YES,YES,YES,YES,YES,YES,PASS,"Reviewed independent seed; natural wording, stable intent, correct metadata, and no mutable fact or private value."
DLQ_0031,driving licence type selection ta bujhbo kivabe?,DRIVING_LICENCE,DRIVING_LICENCE_APPLICATION,New Driving Licence Application,DRIVING_LICENCE_TYPE_SELECTION,Professional or Non-Professional Licence Type,Low,Mixed,FALSE,,SYNTHETIC,DRIVING_LICENCE_TYPE_SELECTION_F03,Medium,FALSE,Driving Licence pilot v0.1 independent synthetic seed; semantically reviewed; do not train before project-wide approval.,MANDATORY,YES,YES,YES,YES,NO,MEDIUM,YES,YES,YES,YES,YES,YES,YES,PASS,"Reviewed independent seed; natural wording, stable intent, correct metadata, and no mutable fact or private value."
DLQ_0032,নিজের গাড়ি আর পেশাগত driving-এর জন্য licence category আলাদা কি না guidance চাই।,DRIVING_LICENCE,DRIVING_LICENCE_APPLICATION,New Driving Licence Application,DRIVING_LICENCE_TYPE_SELECTION,Professional or Non-Professional Licence Type,Low,Mixed,FALSE,,SYNTHETIC,DRIVING_LICENCE_TYPE_SELECTION_F04,Hard,FALSE,Driving Licence pilot v0.1 independent synthetic seed; semantically reviewed; do not train before project-wide approval.,MANDATORY,YES,YES,YES,YES,NO,MEDIUM,YES,YES,YES,YES,YES,YES,YES,PASS,"Reviewed independent seed; natural wording, stable intent, correct metadata, and no mutable fact or private value."
DLQ_0033,ড্রাইভিং লাইসেন্স আবেদনে মোটরযানের শ্রেণি কীভাবে নির্বাচন করব?,DRIVING_LICENCE,DRIVING_LICENCE_APPLICATION,New Driving Licence Application,DRIVING_LICENCE_VEHICLE_CLASS,Driving Licence Vehicle Class Selection,Low,Formal,FALSE,,SYNTHETIC,DRIVING_LICENCE_VEHICLE_CLASS_F01,Easy,FALSE,Driving Licence pilot v0.1 independent synthetic seed; semantically reviewed; do not train before project-wide approval.,STANDARD,YES,YES,YES,YES,NO,LOW,YES,YES,YES,YES,YES,YES,YES,PASS,"Reviewed independent seed; natural wording, stable intent, correct metadata, and no mutable fact or private value."
DLQ_0034,motorcycle আর car-এর জন্য কোন class select হবে?,DRIVING_LICENCE,DRIVING_LICENCE_APPLICATION,New Driving Licence Application,DRIVING_LICENCE_VEHICLE_CLASS,Driving Licence Vehicle Class Selection,Low,Informal,FALSE,,SYNTHETIC,DRIVING_LICENCE_VEHICLE_CLASS_F02,Medium,FALSE,Driving Licence pilot v0.1 independent synthetic seed; semantically reviewed; do not train before project-wide approval.,STANDARD,YES,YES,YES,YES,NO,LOW,YES,YES,YES,YES,YES,YES,YES,PASS,"Reviewed independent seed; natural wording, stable intent, correct metadata, and no mutable fact or private value."
DLQ_0035,licence vehicle class choose korar niyom ki?,DRIVING_LICENCE,DRIVING_LICENCE_APPLICATION,New Driving Licence Application,DRIVING_LICENCE_VEHICLE_CLASS,Driving Licence Vehicle Class Selection,Low,Mixed,FALSE,,SYNTHETIC,DRIVING_LICENCE_VEHICLE_CLASS_F03,Medium,FALSE,Driving Licence pilot v0.1 independent synthetic seed; semantically reviewed; do not train before project-wide approval.,STANDARD,YES,YES,YES,YES,NO,LOW,YES,YES,YES,YES,YES,YES,YES,PASS,"Reviewed independent seed; natural wording, stable intent, correct metadata, and no mutable fact or private value."
DLQ_0036,একেবারে নতুন application-এ কোন vehicle category চাই সেটা form-এ কোথায় দেব?,DRIVING_LICENCE,DRIVING_LICENCE_APPLICATION,New Driving Licence Application,DRIVING_LICENCE_VEHICLE_CLASS,Driving Licence Vehicle Class Selection,Low,Mixed,FALSE,,SYNTHETIC,DRIVING_LICENCE_VEHICLE_CLASS_F04,Hard,FALSE,Driving Licence pilot v0.1 independent synthetic seed; semantically reviewed; do not train before project-wide approval.,BOUNDARY,YES,YES,YES,YES,NO,MEDIUM,YES,YES,YES,YES,YES,YES,YES,PASS,"Reviewed independent seed; natural wording, stable intent, correct metadata, and no mutable fact or private value."
DLQ_0037,ড্রাইভিং লাইসেন্সের যোগ্যতা পরীক্ষায় কী কী ধাপ থাকে?,DRIVING_LICENCE,DRIVING_LICENCE_TEST,Driving Competency Test,DRIVING_LICENCE_TEST_PROCESS,Driving Test Process,Low,Formal,FALSE,,SYNTHETIC,DRIVING_LICENCE_TEST_PROCESS_F01,Easy,FALSE,Driving Licence pilot v0.1 independent synthetic seed; semantically reviewed; do not train before project-wide approval.,STANDARD,YES,YES,YES,YES,NO,LOW,YES,YES,YES,YES,YES,YES,YES,PASS,"Reviewed independent seed; natural wording, stable intent, correct metadata, and no mutable fact or private value."
DLQ_0038,driving test দিতে গেলে processটা কী?,DRIVING_LICENCE,DRIVING_LICENCE_TEST,Driving Competency Test,DRIVING_LICENCE_TEST_PROCESS,Driving Test Process,Low,Informal,FALSE,,SYNTHETIC,DRIVING_LICENCE_TEST_PROCESS_F02,Medium,FALSE,Driving Licence pilot v0.1 independent synthetic seed; semantically reviewed; do not train before project-wide approval.,STANDARD,YES,YES,YES,YES,NO,LOW,YES,YES,YES,YES,YES,YES,YES,PASS,"Reviewed independent seed; natural wording, stable intent, correct metadata, and no mutable fact or private value."
DLQ_0039,DCTC test process ta kivabe hoy?,DRIVING_LICENCE,DRIVING_LICENCE_TEST,Driving Competency Test,DRIVING_LICENCE_TEST_PROCESS,Driving Test Process,Low,Mixed,FALSE,,SYNTHETIC,DRIVING_LICENCE_TEST_PROCESS_F03,Medium,FALSE,Driving Licence pilot v0.1 independent synthetic seed; semantically reviewed; do not train before project-wide approval.,STANDARD,YES,YES,YES,YES,NO,LOW,YES,YES,YES,YES,YES,YES,YES,PASS,"Reviewed independent seed; natural wording, stable intent, correct metadata, and no mutable fact or private value."
DLQ_0040,written আর practical অংশসহ পুরো পরীক্ষার flow জানতে চাই।,DRIVING_LICENCE,DRIVING_LICENCE_TEST,Driving Competency Test,DRIVING_LICENCE_TEST_PROCESS,Driving Test Process,Low,Mixed,FALSE,,SYNTHETIC,DRIVING_LICENCE_TEST_PROCESS_F04,Hard,FALSE,Driving Licence pilot v0.1 independent synthetic seed; semantically reviewed; do not train before project-wide approval.,BOUNDARY,YES,YES,YES,YES,NO,MEDIUM,YES,YES,YES,YES,YES,YES,YES,PASS,"Reviewed independent seed; natural wording, stable intent, correct metadata, and no mutable fact or private value."
DLQ_0041,ড্রাইভিং পরীক্ষার তারিখ কীভাবে নির্ধারণ বা দেখব?,DRIVING_LICENCE,DRIVING_LICENCE_TEST,Driving Competency Test,DRIVING_LICENCE_TEST_SCHEDULE,Driving Test Schedule or Appointment,Low,Formal,FALSE,,SYNTHETIC,DRIVING_LICENCE_TEST_SCHEDULE_F01,Easy,FALSE,Driving Licence pilot v0.1 independent synthetic seed; semantically reviewed; do not train before project-wide approval.,STANDARD,YES,YES,YES,YES,NO,LOW,YES,YES,YES,YES,YES,YES,YES,PASS,"Reviewed independent seed; natural wording, stable intent, correct metadata, and no mutable fact or private value."
DLQ_0042,"আমার driving test কবে, কোথায় check করব?",DRIVING_LICENCE,DRIVING_LICENCE_TEST,Driving Competency Test,DRIVING_LICENCE_TEST_SCHEDULE,Driving Test Schedule or Appointment,Low,Informal,FALSE,,SYNTHETIC,DRIVING_LICENCE_TEST_SCHEDULE_F02,Medium,FALSE,Driving Licence pilot v0.1 independent synthetic seed; semantically reviewed; do not train before project-wide approval.,STANDARD,YES,YES,YES,YES,NO,LOW,YES,YES,YES,YES,YES,YES,YES,PASS,"Reviewed independent seed; natural wording, stable intent, correct metadata, and no mutable fact or private value."
DLQ_0043,driving test schedule online e kivabe dekhbo?,DRIVING_LICENCE,DRIVING_LICENCE_TEST,Driving Competency Test,DRIVING_LICENCE_TEST_SCHEDULE,Driving Test Schedule or Appointment,Low,Mixed,FALSE,,SYNTHETIC,DRIVING_LICENCE_TEST_SCHEDULE_F03,Medium,FALSE,Driving Licence pilot v0.1 independent synthetic seed; semantically reviewed; do not train before project-wide approval.,STANDARD,YES,YES,YES,YES,NO,LOW,YES,YES,YES,YES,YES,YES,YES,PASS,"Reviewed independent seed; natural wording, stable intent, correct metadata, and no mutable fact or private value."
DLQ_0044,learner licence হয়ে গেছে—competency test-এর appointment কোন step-এ পাব?,DRIVING_LICENCE,DRIVING_LICENCE_TEST,Driving Competency Test,DRIVING_LICENCE_TEST_SCHEDULE,Driving Test Schedule or Appointment,Low,Mixed,FALSE,,SYNTHETIC,DRIVING_LICENCE_TEST_SCHEDULE_F04,Hard,FALSE,Driving Licence pilot v0.1 independent synthetic seed; semantically reviewed; do not train before project-wide approval.,BOUNDARY,YES,YES,YES,YES,NO,MEDIUM,YES,YES,YES,YES,YES,YES,YES,PASS,"Reviewed independent seed; natural wording, stable intent, correct metadata, and no mutable fact or private value."
DLQ_0045,ড্রাইভিং পরীক্ষার দিনে কী কী সঙ্গে নিতে হবে?,DRIVING_LICENCE,DRIVING_LICENCE_TEST,Driving Competency Test,DRIVING_LICENCE_TEST_REQUIREMENTS,Driving Test Requirements and Preparation,Low,Formal,FALSE,,SYNTHETIC,DRIVING_LICENCE_TEST_REQUIREMENTS_F01,Easy,FALSE,Driving Licence pilot v0.1 independent synthetic seed; semantically reviewed; do not train before project-wide approval.,STANDARD,YES,YES,YES,YES,NO,LOW,YES,YES,YES,YES,YES,YES,YES,PASS,"Reviewed independent seed; natural wording, stable intent, correct metadata, and no mutable fact or private value."
DLQ_0046,test attend করার আগে কী preparation দরকার?,DRIVING_LICENCE,DRIVING_LICENCE_TEST,Driving Competency Test,DRIVING_LICENCE_TEST_REQUIREMENTS,Driving Test Requirements and Preparation,Low,Informal,FALSE,,SYNTHETIC,DRIVING_LICENCE_TEST_REQUIREMENTS_F02,Medium,FALSE,Driving Licence pilot v0.1 independent synthetic seed; semantically reviewed; do not train before project-wide approval.,STANDARD,YES,YES,YES,YES,NO,LOW,YES,YES,YES,YES,YES,YES,YES,PASS,"Reviewed independent seed; natural wording, stable intent, correct metadata, and no mutable fact or private value."
DLQ_0047,driving test day er requirements ki ki?,DRIVING_LICENCE,DRIVING_LICENCE_TEST,Driving Competency Test,DRIVING_LICENCE_TEST_REQUIREMENTS,Driving Test Requirements and Preparation,Low,Mixed,FALSE,,SYNTHETIC,DRIVING_LICENCE_TEST_REQUIREMENTS_F03,Medium,FALSE,Driving Licence pilot v0.1 independent synthetic seed; semantically reviewed; do not train before project-wide approval.,STANDARD,YES,YES,YES,YES,NO,LOW,YES,YES,YES,YES,YES,YES,YES,PASS,"Reviewed independent seed; natural wording, stable intent, correct metadata, and no mutable fact or private value."
DLQ_0048,exam venue-তে যাওয়ার আগে documents আর vehicle নিয়ে কী প্রস্তুতি রাখব?,DRIVING_LICENCE,DRIVING_LICENCE_TEST,Driving Competency Test,DRIVING_LICENCE_TEST_REQUIREMENTS,Driving Test Requirements and Preparation,Low,Mixed,FALSE,,SYNTHETIC,DRIVING_LICENCE_TEST_REQUIREMENTS_F04,Hard,FALSE,Driving Licence pilot v0.1 independent synthetic seed; semantically reviewed; do not train before project-wide approval.,BOUNDARY,YES,YES,YES,YES,NO,MEDIUM,YES,YES,YES,YES,YES,YES,YES,PASS,"Reviewed independent seed; natural wording, stable intent, correct metadata, and no mutable fact or private value."
DLQ_0049,ড্রাইভিং কম্পিটেন্সি পরীক্ষার ফলাফল কীভাবে দেখব?,DRIVING_LICENCE,DRIVING_LICENCE_TEST,Driving Competency Test,DRIVING_LICENCE_TEST_RESULT,Driving Test Result,Low,Formal,FALSE,,SYNTHETIC,DRIVING_LICENCE_TEST_RESULT_F01,Easy,FALSE,Driving Licence pilot v0.1 independent synthetic seed; semantically reviewed; do not train before project-wide approval.,STANDARD,YES,YES,YES,YES,NO,LOW,YES,YES,YES,YES,YES,YES,YES,PASS,"Reviewed independent seed; natural wording, stable intent, correct metadata, and no mutable fact or private value."
DLQ_0050,driving test pass করেছি কিনা কোথায় check করব?,DRIVING_LICENCE,DRIVING_LICENCE_TEST,Driving Competency Test,DRIVING_LICENCE_TEST_RESULT,Driving Test Result,Low,Informal,FALSE,,SYNTHETIC,DRIVING_LICENCE_TEST_RESULT_F02,Medium,FALSE,Driving Licence pilot v0.1 independent synthetic seed; semantically reviewed; do not train before project-wide approval.,STANDARD,YES,YES,YES,YES,NO,LOW,YES,YES,YES,YES,YES,YES,YES,PASS,"Reviewed independent seed; natural wording, stable intent, correct metadata, and no mutable fact or private value."
DLQ_0051,DCTC result online e kivabe dekhbo?,DRIVING_LICENCE,DRIVING_LICENCE_TEST,Driving Competency Test,DRIVING_LICENCE_TEST_RESULT,Driving Test Result,Low,Mixed,FALSE,,SYNTHETIC,DRIVING_LICENCE_TEST_RESULT_F03,Medium,FALSE,Driving Licence pilot v0.1 independent synthetic seed; semantically reviewed; do not train before project-wide approval.,STANDARD,YES,YES,YES,YES,NO,LOW,YES,YES,YES,YES,YES,YES,YES,PASS,"Reviewed independent seed; natural wording, stable intent, correct metadata, and no mutable fact or private value."
DLQ_0052,"exam শেষ হয়েছে, এখন division-wise result list থেকে নিজের outcome জানতে চাই।",DRIVING_LICENCE,DRIVING_LICENCE_TEST,Driving Competency Test,DRIVING_LICENCE_TEST_RESULT,Driving Test Result,Low,Mixed,FALSE,,SYNTHETIC,DRIVING_LICENCE_TEST_RESULT_F04,Hard,FALSE,Driving Licence pilot v0.1 independent synthetic seed; semantically reviewed; do not train before project-wide approval.,BOUNDARY,YES,YES,YES,YES,NO,MEDIUM,YES,YES,YES,YES,YES,YES,YES,PASS,"Reviewed independent seed; natural wording, stable intent, correct metadata, and no mutable fact or private value."
DLQ_0053,ড্রাইভিং পরীক্ষায় উত্তীর্ণ না হলে পুনরায় পরীক্ষার প্রক্রিয়া কী?,DRIVING_LICENCE,DRIVING_LICENCE_TEST,Driving Competency Test,DRIVING_LICENCE_TEST_RETAKE,Driving Test Retake Guidance,Medium,Formal,FALSE,,SYNTHETIC,DRIVING_LICENCE_TEST_RETAKE_F01,Easy,FALSE,Driving Licence pilot v0.1 independent synthetic seed; semantically reviewed; do not train before project-wide approval.,MANDATORY,YES,YES,YES,YES,NO,MEDIUM,YES,YES,YES,YES,YES,YES,YES,PASS,"Reviewed independent seed; natural wording, stable intent, correct metadata, and no mutable fact or private value."
DLQ_0054,"test miss করেছি, next attempt কীভাবে পাব?",DRIVING_LICENCE,DRIVING_LICENCE_TEST,Driving Competency Test,DRIVING_LICENCE_TEST_RETAKE,Driving Test Retake Guidance,Medium,Informal,FALSE,,SYNTHETIC,DRIVING_LICENCE_TEST_RETAKE_F02,Medium,FALSE,Driving Licence pilot v0.1 independent synthetic seed; semantically reviewed; do not train before project-wide approval.,MANDATORY,YES,YES,YES,YES,NO,MEDIUM,YES,YES,YES,YES,YES,YES,YES,PASS,"Reviewed independent seed; natural wording, stable intent, correct metadata, and no mutable fact or private value."
DLQ_0055,driving test retake er jonno ki korte hobe?,DRIVING_LICENCE,DRIVING_LICENCE_TEST,Driving Competency Test,DRIVING_LICENCE_TEST_RETAKE,Driving Test Retake Guidance,Medium,Mixed,FALSE,,SYNTHETIC,DRIVING_LICENCE_TEST_RETAKE_F03,Medium,FALSE,Driving Licence pilot v0.1 independent synthetic seed; semantically reviewed; do not train before project-wide approval.,MANDATORY,YES,YES,YES,YES,NO,MEDIUM,YES,YES,YES,YES,YES,YES,YES,PASS,"Reviewed independent seed; natural wording, stable intent, correct metadata, and no mutable fact or private value."
DLQ_0056,result unsuccessful এসেছে—আবার competency test দেওয়ার official step জানতে চাই।,DRIVING_LICENCE,DRIVING_LICENCE_TEST,Driving Competency Test,DRIVING_LICENCE_TEST_RETAKE,Driving Test Retake Guidance,Medium,Mixed,FALSE,,SYNTHETIC,DRIVING_LICENCE_TEST_RETAKE_F04,Hard,FALSE,Driving Licence pilot v0.1 independent synthetic seed; semantically reviewed; do not train before project-wide approval.,MANDATORY,YES,YES,YES,YES,NO,MEDIUM,YES,YES,YES,YES,YES,YES,YES,PASS,"Reviewed independent seed; natural wording, stable intent, correct metadata, and no mutable fact or private value."
DLQ_0057,বিআরটিএ সার্ভিস পোর্টালে নতুন অ্যাকাউন্ট কীভাবে খুলব?,DRIVING_LICENCE,DRIVING_LICENCE_ONLINE_ACCOUNT,BRTA Service Portal Account,DRIVING_LICENCE_ACCOUNT_REGISTRATION,BRTA Portal Account Registration,Low,Formal,FALSE,,SYNTHETIC,DRIVING_LICENCE_ACCOUNT_REGISTRATION_F01,Easy,FALSE,Driving Licence pilot v0.1 independent synthetic seed; semantically reviewed; do not train before project-wide approval.,STANDARD,YES,YES,YES,YES,NO,LOW,YES,YES,YES,YES,YES,YES,YES,PASS,"Reviewed independent seed; natural wording, stable intent, correct metadata, and no mutable fact or private value."
DLQ_0058,BSP-তে driver হিসেবে register করতে চাই।,DRIVING_LICENCE,DRIVING_LICENCE_ONLINE_ACCOUNT,BRTA Service Portal Account,DRIVING_LICENCE_ACCOUNT_REGISTRATION,BRTA Portal Account Registration,Low,Informal,FALSE,,SYNTHETIC,DRIVING_LICENCE_ACCOUNT_REGISTRATION_F02,Medium,FALSE,Driving Licence pilot v0.1 independent synthetic seed; semantically reviewed; do not train before project-wide approval.,STANDARD,YES,YES,YES,YES,NO,LOW,YES,YES,YES,YES,YES,YES,YES,PASS,"Reviewed independent seed; natural wording, stable intent, correct metadata, and no mutable fact or private value."
DLQ_0059,BRTA portal account create korbo kivabe?,DRIVING_LICENCE,DRIVING_LICENCE_ONLINE_ACCOUNT,BRTA Service Portal Account,DRIVING_LICENCE_ACCOUNT_REGISTRATION,BRTA Portal Account Registration,Low,Mixed,FALSE,,SYNTHETIC,DRIVING_LICENCE_ACCOUNT_REGISTRATION_F03,Medium,FALSE,Driving Licence pilot v0.1 independent synthetic seed; semantically reviewed; do not train before project-wide approval.,STANDARD,YES,YES,YES,YES,NO,LOW,YES,YES,YES,YES,YES,YES,YES,PASS,"Reviewed independent seed; natural wording, stable intent, correct metadata, and no mutable fact or private value."
DLQ_0060,licence apply করার আগে service recipient profile বানানোর ধাপ কী?,DRIVING_LICENCE,DRIVING_LICENCE_ONLINE_ACCOUNT,BRTA Service Portal Account,DRIVING_LICENCE_ACCOUNT_REGISTRATION,BRTA Portal Account Registration,Low,Mixed,FALSE,,SYNTHETIC,DRIVING_LICENCE_ACCOUNT_REGISTRATION_F04,Hard,FALSE,Driving Licence pilot v0.1 independent synthetic seed; semantically reviewed; do not train before project-wide approval.,BOUNDARY,YES,YES,YES,YES,NO,MEDIUM,YES,YES,YES,YES,YES,YES,YES,PASS,"Reviewed independent seed; natural wording, stable intent, correct metadata, and no mutable fact or private value."
DLQ_0061,বিদ্যমান বিআরটিএ সার্ভিস পোর্টাল অ্যাকাউন্টে কীভাবে লগইন করব?,DRIVING_LICENCE,DRIVING_LICENCE_ONLINE_ACCOUNT,BRTA Service Portal Account,DRIVING_LICENCE_ACCOUNT_LOGIN,BRTA Portal Account Login,Low,Formal,FALSE,,SYNTHETIC,DRIVING_LICENCE_ACCOUNT_LOGIN_F01,Easy,FALSE,Driving Licence pilot v0.1 independent synthetic seed; semantically reviewed; do not train before project-wide approval.,STANDARD,YES,YES,YES,YES,NO,LOW,YES,YES,YES,YES,YES,YES,YES,PASS,"Reviewed independent seed; natural wording, stable intent, correct metadata, and no mutable fact or private value."
DLQ_0062,BSP login কোথা থেকে করব?,DRIVING_LICENCE,DRIVING_LICENCE_ONLINE_ACCOUNT,BRTA Service Portal Account,DRIVING_LICENCE_ACCOUNT_LOGIN,BRTA Portal Account Login,Low,Informal,FALSE,,SYNTHETIC,DRIVING_LICENCE_ACCOUNT_LOGIN_F02,Medium,FALSE,Driving Licence pilot v0.1 independent synthetic seed; semantically reviewed; do not train before project-wide approval.,STANDARD,YES,YES,YES,YES,NO,LOW,YES,YES,YES,YES,YES,YES,YES,PASS,"Reviewed independent seed; natural wording, stable intent, correct metadata, and no mutable fact or private value."
DLQ_0063,BRTA account e sign in korbo kivabe?,DRIVING_LICENCE,DRIVING_LICENCE_ONLINE_ACCOUNT,BRTA Service Portal Account,DRIVING_LICENCE_ACCOUNT_LOGIN,BRTA Portal Account Login,Low,Mixed,FALSE,,SYNTHETIC,DRIVING_LICENCE_ACCOUNT_LOGIN_F03,Medium,FALSE,Driving Licence pilot v0.1 independent synthetic seed; semantically reviewed; do not train before project-wide approval.,STANDARD,YES,YES,YES,YES,NO,LOW,YES,YES,YES,YES,YES,YES,YES,PASS,"Reviewed independent seed; natural wording, stable intent, correct metadata, and no mutable fact or private value."
DLQ_0064,"driver profile আগে বানানো আছে, এখন আবার portal-এ ঢোকার নিয়ম কী?",DRIVING_LICENCE,DRIVING_LICENCE_ONLINE_ACCOUNT,BRTA Service Portal Account,DRIVING_LICENCE_ACCOUNT_LOGIN,BRTA Portal Account Login,Low,Mixed,FALSE,,SYNTHETIC,DRIVING_LICENCE_ACCOUNT_LOGIN_F04,Hard,FALSE,Driving Licence pilot v0.1 independent synthetic seed; semantically reviewed; do not train before project-wide approval.,BOUNDARY,YES,YES,YES,YES,NO,MEDIUM,YES,YES,YES,YES,YES,YES,YES,PASS,"Reviewed independent seed; natural wording, stable intent, correct metadata, and no mutable fact or private value."
DLQ_0065,বিআরটিএ পোর্টালের পাসওয়ার্ড ভুলে গেলে কীভাবে রিসেট করব?,DRIVING_LICENCE,DRIVING_LICENCE_ONLINE_ACCOUNT,BRTA Service Portal Account,DRIVING_LICENCE_PASSWORD_RESET,BRTA Portal Password Reset,Medium,Formal,FALSE,,SYNTHETIC,DRIVING_LICENCE_PASSWORD_RESET_F01,Easy,FALSE,Driving Licence pilot v0.1 independent synthetic seed; semantically reviewed; do not train before project-wide approval.,STANDARD,YES,YES,YES,YES,NO,LOW,YES,YES,YES,YES,YES,YES,YES,PASS,"Reviewed independent seed; natural wording, stable intent, correct metadata, and no mutable fact or private value."
DLQ_0066,"BSP password মনে নেই, recover করতে চাই।",DRIVING_LICENCE,DRIVING_LICENCE_ONLINE_ACCOUNT,BRTA Service Portal Account,DRIVING_LICENCE_PASSWORD_RESET,BRTA Portal Password Reset,Medium,Informal,FALSE,,SYNTHETIC,DRIVING_LICENCE_PASSWORD_RESET_F02,Medium,FALSE,Driving Licence pilot v0.1 independent synthetic seed; semantically reviewed; do not train before project-wide approval.,STANDARD,YES,YES,YES,YES,NO,LOW,YES,YES,YES,YES,YES,YES,YES,PASS,"Reviewed independent seed; natural wording, stable intent, correct metadata, and no mutable fact or private value."
DLQ_0067,BRTA portal password reset korbo kivabe?,DRIVING_LICENCE,DRIVING_LICENCE_ONLINE_ACCOUNT,BRTA Service Portal Account,DRIVING_LICENCE_PASSWORD_RESET,BRTA Portal Password Reset,Medium,Mixed,FALSE,,SYNTHETIC,DRIVING_LICENCE_PASSWORD_RESET_F03,Medium,FALSE,Driving Licence pilot v0.1 independent synthetic seed; semantically reviewed; do not train before project-wide approval.,STANDARD,YES,YES,YES,YES,NO,LOW,YES,YES,YES,YES,YES,YES,YES,PASS,"Reviewed independent seed; natural wording, stable intent, correct metadata, and no mutable fact or private value."
DLQ_0068,account user information আছে কিন্তু password হারিয়েছি—নতুনটা সেট করতে চাই।,DRIVING_LICENCE,DRIVING_LICENCE_ONLINE_ACCOUNT,BRTA Service Portal Account,DRIVING_LICENCE_PASSWORD_RESET,BRTA Portal Password Reset,Medium,Mixed,FALSE,,SYNTHETIC,DRIVING_LICENCE_PASSWORD_RESET_F04,Hard,FALSE,Driving Licence pilot v0.1 independent synthetic seed; semantically reviewed; do not train before project-wide approval.,BOUNDARY,YES,YES,YES,YES,NO,MEDIUM,YES,YES,YES,YES,YES,YES,YES,PASS,"Reviewed independent seed; natural wording, stable intent, correct metadata, and no mutable fact or private value."
DLQ_0069,বিআরটিএ পোর্টালের ওটিপি না এলে কী করব?,DRIVING_LICENCE,DRIVING_LICENCE_ONLINE_ACCOUNT,BRTA Service Portal Account,DRIVING_LICENCE_ACCOUNT_OTP,BRTA Portal OTP Problem,Medium,Formal,FALSE,,SYNTHETIC,DRIVING_LICENCE_ACCOUNT_OTP_F01,Easy,FALSE,Driving Licence pilot v0.1 independent synthetic seed; semantically reviewed; do not train before project-wide approval.,MANDATORY,YES,YES,YES,YES,NO,MEDIUM,YES,YES,YES,YES,YES,YES,YES,PASS,"Reviewed independent seed; natural wording, stable intent, correct metadata, and no mutable fact or private value."
DLQ_0070,OTP code পেয়েছি কিন্তু BSP accept করছে না।,DRIVING_LICENCE,DRIVING_LICENCE_ONLINE_ACCOUNT,BRTA Service Portal Account,DRIVING_LICENCE_ACCOUNT_OTP,BRTA Portal OTP Problem,Medium,Informal,FALSE,,SYNTHETIC,DRIVING_LICENCE_ACCOUNT_OTP_F02,Medium,FALSE,Driving Licence pilot v0.1 independent synthetic seed; semantically reviewed; do not train before project-wide approval.,MANDATORY,YES,YES,YES,YES,NO,MEDIUM,YES,YES,YES,YES,YES,YES,YES,PASS,"Reviewed independent seed; natural wording, stable intent, correct metadata, and no mutable fact or private value."
DLQ_0071,BRTA verification code ashtese na.,DRIVING_LICENCE,DRIVING_LICENCE_ONLINE_ACCOUNT,BRTA Service Portal Account,DRIVING_LICENCE_ACCOUNT_OTP,BRTA Portal OTP Problem,Medium,Mixed,FALSE,,SYNTHETIC,DRIVING_LICENCE_ACCOUNT_OTP_F03,Medium,FALSE,Driving Licence pilot v0.1 independent synthetic seed; semantically reviewed; do not train before project-wide approval.,MANDATORY,YES,YES,YES,YES,NO,MEDIUM,YES,YES,YES,YES,YES,YES,YES,PASS,"Reviewed independent seed; natural wording, stable intent, correct metadata, and no mutable fact or private value."
DLQ_0072,account verify করার SMS দেরিতে এসে expired দেখাচ্ছে—কীভাবে complete করব?,DRIVING_LICENCE,DRIVING_LICENCE_ONLINE_ACCOUNT,BRTA Service Portal Account,DRIVING_LICENCE_ACCOUNT_OTP,BRTA Portal OTP Problem,Medium,Mixed,FALSE,,SYNTHETIC,DRIVING_LICENCE_ACCOUNT_OTP_F04,Hard,FALSE,Driving Licence pilot v0.1 independent synthetic seed; semantically reviewed; do not train before project-wide approval.,MANDATORY,YES,YES,YES,YES,NO,MEDIUM,YES,YES,YES,YES,YES,YES,YES,PASS,"Reviewed independent seed; natural wording, stable intent, correct metadata, and no mutable fact or private value."
DLQ_0073,সঠিক তথ্য দিয়েও বিআরটিএ পোর্টাল অ্যাকাউন্টে ঢুকতে পারছি না।,DRIVING_LICENCE,DRIVING_LICENCE_ONLINE_ACCOUNT,BRTA Service Portal Account,DRIVING_LICENCE_ACCOUNT_ACCESS_PROBLEM,General BRTA Portal Access Problem,Medium,Formal,FALSE,,SYNTHETIC,DRIVING_LICENCE_ACCOUNT_ACCESS_PROBLEM_F01,Easy,FALSE,Driving Licence pilot v0.1 independent synthetic seed; semantically reviewed; do not train before project-wide approval.,MANDATORY,YES,YES,YES,YES,NO,MEDIUM,YES,YES,YES,YES,YES,YES,YES,PASS,"Reviewed independent seed; natural wording, stable intent, correct metadata, and no mutable fact or private value."
DLQ_0074,"BSP account খুলছে না, error-এর কারণ বুঝছি না।",DRIVING_LICENCE,DRIVING_LICENCE_ONLINE_ACCOUNT,BRTA Service Portal Account,DRIVING_LICENCE_ACCOUNT_ACCESS_PROBLEM,General BRTA Portal Access Problem,Medium,Informal,FALSE,,SYNTHETIC,DRIVING_LICENCE_ACCOUNT_ACCESS_PROBLEM_F02,Medium,FALSE,Driving Licence pilot v0.1 independent synthetic seed; semantically reviewed; do not train before project-wide approval.,MANDATORY,YES,YES,YES,YES,NO,MEDIUM,YES,YES,YES,YES,YES,YES,YES,PASS,"Reviewed independent seed; natural wording, stable intent, correct metadata, and no mutable fact or private value."
DLQ_0075,"BRTA account access hocche na, ki korbo?",DRIVING_LICENCE,DRIVING_LICENCE_ONLINE_ACCOUNT,BRTA Service Portal Account,DRIVING_LICENCE_ACCOUNT_ACCESS_PROBLEM,General BRTA Portal Access Problem,Medium,Mixed,FALSE,,SYNTHETIC,DRIVING_LICENCE_ACCOUNT_ACCESS_PROBLEM_F03,Medium,FALSE,Driving Licence pilot v0.1 independent synthetic seed; semantically reviewed; do not train before project-wide approval.,MANDATORY,YES,YES,YES,YES,NO,MEDIUM,YES,YES,YES,YES,YES,YES,YES,PASS,"Reviewed independent seed; natural wording, stable intent, correct metadata, and no mutable fact or private value."
DLQ_0076,login দেওয়ার পর page আবার শুরুতে আসে—কোন specific messageও নেই।,DRIVING_LICENCE,DRIVING_LICENCE_ONLINE_ACCOUNT,BRTA Service Portal Account,DRIVING_LICENCE_ACCOUNT_ACCESS_PROBLEM,General BRTA Portal Access Problem,Medium,Mixed,FALSE,,SYNTHETIC,DRIVING_LICENCE_ACCOUNT_ACCESS_PROBLEM_F04,Hard,FALSE,Driving Licence pilot v0.1 independent synthetic seed; semantically reviewed; do not train before project-wide approval.,MANDATORY,YES,YES,YES,YES,NO,MEDIUM,YES,YES,YES,YES,YES,YES,YES,PASS,"Reviewed independent seed; natural wording, stable intent, correct metadata, and no mutable fact or private value."
DLQ_0077,ড্রাইভিং লাইসেন্স সেবার সরকারি ফি কীভাবে জানব?,DRIVING_LICENCE,DRIVING_LICENCE_PAYMENT,Driving Licence Fees and Payment,DRIVING_LICENCE_FEE_INFORMATION,Driving Licence Fee Information,Low,Formal,FALSE,,SYNTHETIC,DRIVING_LICENCE_FEE_INFORMATION_F01,Easy,FALSE,Driving Licence pilot v0.1 independent synthetic seed; semantically reviewed; do not train before project-wide approval.,STANDARD,YES,YES,YES,YES,NO,LOW,YES,YES,YES,YES,YES,YES,YES,PASS,"Reviewed independent seed; natural wording, stable intent, correct metadata, and no mutable fact or private value."
DLQ_0078,"learner বা renewal-এর fee কত, কোথায় check করব?",DRIVING_LICENCE,DRIVING_LICENCE_PAYMENT,Driving Licence Fees and Payment,DRIVING_LICENCE_FEE_INFORMATION,Driving Licence Fee Information,Low,Informal,FALSE,,SYNTHETIC,DRIVING_LICENCE_FEE_INFORMATION_F02,Medium,FALSE,Driving Licence pilot v0.1 independent synthetic seed; semantically reviewed; do not train before project-wide approval.,STANDARD,YES,YES,YES,YES,NO,LOW,YES,YES,YES,YES,YES,YES,YES,PASS,"Reviewed independent seed; natural wording, stable intent, correct metadata, and no mutable fact or private value."
DLQ_0079,driving licence fee calculator use korbo kivabe?,DRIVING_LICENCE,DRIVING_LICENCE_PAYMENT,Driving Licence Fees and Payment,DRIVING_LICENCE_FEE_INFORMATION,Driving Licence Fee Information,Low,Mixed,FALSE,,SYNTHETIC,DRIVING_LICENCE_FEE_INFORMATION_F03,Medium,FALSE,Driving Licence pilot v0.1 independent synthetic seed; semantically reviewed; do not train before project-wide approval.,STANDARD,YES,YES,YES,YES,NO,LOW,YES,YES,YES,YES,YES,YES,YES,PASS,"Reviewed independent seed; natural wording, stable intent, correct metadata, and no mutable fact or private value."
DLQ_0080,যে licence service select করেছি তার current charge portal-এ কোথায় দেখাবে?,DRIVING_LICENCE,DRIVING_LICENCE_PAYMENT,Driving Licence Fees and Payment,DRIVING_LICENCE_FEE_INFORMATION,Driving Licence Fee Information,Low,Mixed,FALSE,,SYNTHETIC,DRIVING_LICENCE_FEE_INFORMATION_F04,Hard,FALSE,Driving Licence pilot v0.1 independent synthetic seed; semantically reviewed; do not train before project-wide approval.,BOUNDARY,YES,YES,YES,YES,NO,MEDIUM,YES,YES,YES,YES,YES,YES,YES,PASS,"Reviewed independent seed; natural wording, stable intent, correct metadata, and no mutable fact or private value."
DLQ_0081,ড্রাইভিং লাইসেন্সের ফি কীভাবে পরিশোধ করব?,DRIVING_LICENCE,DRIVING_LICENCE_PAYMENT,Driving Licence Fees and Payment,DRIVING_LICENCE_PAYMENT_METHOD,Driving Licence Payment Method,Low,Formal,FALSE,,SYNTHETIC,DRIVING_LICENCE_PAYMENT_METHOD_F01,Easy,FALSE,Driving Licence pilot v0.1 independent synthetic seed; semantically reviewed; do not train before project-wide approval.,STANDARD,YES,YES,YES,YES,NO,LOW,YES,YES,YES,YES,YES,YES,YES,PASS,"Reviewed independent seed; natural wording, stable intent, correct metadata, and no mutable fact or private value."
DLQ_0082,BSP payment-এর available method কী?,DRIVING_LICENCE,DRIVING_LICENCE_PAYMENT,Driving Licence Fees and Payment,DRIVING_LICENCE_PAYMENT_METHOD,Driving Licence Payment Method,Low,Informal,FALSE,,SYNTHETIC,DRIVING_LICENCE_PAYMENT_METHOD_F02,Medium,FALSE,Driving Licence pilot v0.1 independent synthetic seed; semantically reviewed; do not train before project-wide approval.,STANDARD,YES,YES,YES,YES,NO,LOW,YES,YES,YES,YES,YES,YES,YES,PASS,"Reviewed independent seed; natural wording, stable intent, correct metadata, and no mutable fact or private value."
DLQ_0083,driving licence fee online e pay korbo kivabe?,DRIVING_LICENCE,DRIVING_LICENCE_PAYMENT,Driving Licence Fees and Payment,DRIVING_LICENCE_PAYMENT_METHOD,Driving Licence Payment Method,Low,Mixed,FALSE,,SYNTHETIC,DRIVING_LICENCE_PAYMENT_METHOD_F03,Medium,FALSE,Driving Licence pilot v0.1 independent synthetic seed; semantically reviewed; do not train before project-wide approval.,STANDARD,YES,YES,YES,YES,NO,LOW,YES,YES,YES,YES,YES,YES,YES,PASS,"Reviewed independent seed; natural wording, stable intent, correct metadata, and no mutable fact or private value."
DLQ_0084,"application তৈরি হয়েছে, এখন chargeটা কোন channel দিয়ে জমা দেব?",DRIVING_LICENCE,DRIVING_LICENCE_PAYMENT,Driving Licence Fees and Payment,DRIVING_LICENCE_PAYMENT_METHOD,Driving Licence Payment Method,Low,Mixed,FALSE,,SYNTHETIC,DRIVING_LICENCE_PAYMENT_METHOD_F04,Hard,FALSE,Driving Licence pilot v0.1 independent synthetic seed; semantically reviewed; do not train before project-wide approval.,BOUNDARY,YES,YES,YES,YES,NO,MEDIUM,YES,YES,YES,YES,YES,YES,YES,PASS,"Reviewed independent seed; natural wording, stable intent, correct metadata, and no mutable fact or private value."
DLQ_0085,ড্রাইভিং লাইসেন্সের payment সফল হয়েছে কি না কীভাবে যাচাই করব?,DRIVING_LICENCE,DRIVING_LICENCE_PAYMENT,Driving Licence Fees and Payment,DRIVING_LICENCE_PAYMENT_VERIFICATION,Driving Licence Payment Verification,Low,Formal,FALSE,,SYNTHETIC,DRIVING_LICENCE_PAYMENT_VERIFICATION_F01,Easy,FALSE,Driving Licence pilot v0.1 independent synthetic seed; semantically reviewed; do not train before project-wide approval.,STANDARD,YES,YES,YES,YES,NO,LOW,YES,YES,YES,YES,YES,YES,YES,PASS,"Reviewed independent seed; natural wording, stable intent, correct metadata, and no mutable fact or private value."
DLQ_0086,BSP-তে fee paid দেখাচ্ছে কিনা check করতে চাই।,DRIVING_LICENCE,DRIVING_LICENCE_PAYMENT,Driving Licence Fees and Payment,DRIVING_LICENCE_PAYMENT_VERIFICATION,Driving Licence Payment Verification,Low,Informal,FALSE,,SYNTHETIC,DRIVING_LICENCE_PAYMENT_VERIFICATION_F02,Medium,FALSE,Driving Licence pilot v0.1 independent synthetic seed; semantically reviewed; do not train before project-wide approval.,STANDARD,YES,YES,YES,YES,NO,LOW,YES,YES,YES,YES,YES,YES,YES,PASS,"Reviewed independent seed; natural wording, stable intent, correct metadata, and no mutable fact or private value."
DLQ_0087,licence payment verify korar option kothay?,DRIVING_LICENCE,DRIVING_LICENCE_PAYMENT,Driving Licence Fees and Payment,DRIVING_LICENCE_PAYMENT_VERIFICATION,Driving Licence Payment Verification,Low,Mixed,FALSE,,SYNTHETIC,DRIVING_LICENCE_PAYMENT_VERIFICATION_F03,Medium,FALSE,Driving Licence pilot v0.1 independent synthetic seed; semantically reviewed; do not train before project-wide approval.,STANDARD,YES,YES,YES,YES,NO,LOW,YES,YES,YES,YES,YES,YES,YES,PASS,"Reviewed independent seed; natural wording, stable intent, correct metadata, and no mutable fact or private value."
DLQ_0088,transaction শেষ করেছি—application-এর সঙ্গে টাকা record হয়েছে কি না জানতে চাই।,DRIVING_LICENCE,DRIVING_LICENCE_PAYMENT,Driving Licence Fees and Payment,DRIVING_LICENCE_PAYMENT_VERIFICATION,Driving Licence Payment Verification,Low,Mixed,FALSE,,SYNTHETIC,DRIVING_LICENCE_PAYMENT_VERIFICATION_F04,Hard,FALSE,Driving Licence pilot v0.1 independent synthetic seed; semantically reviewed; do not train before project-wide approval.,BOUNDARY,YES,YES,YES,YES,NO,MEDIUM,YES,YES,YES,YES,YES,YES,YES,PASS,"Reviewed independent seed; natural wording, stable intent, correct metadata, and no mutable fact or private value."
DLQ_0089,ড্রাইভিং লাইসেন্সের ফি পরিশোধ ব্যর্থ হলে কী করব?,DRIVING_LICENCE,DRIVING_LICENCE_PAYMENT,Driving Licence Fees and Payment,DRIVING_LICENCE_PAYMENT_FAILURE,Driving Licence Payment Failure,Medium,Formal,FALSE,,SYNTHETIC,DRIVING_LICENCE_PAYMENT_FAILURE_F01,Easy,FALSE,Driving Licence pilot v0.1 independent synthetic seed; semantically reviewed; do not train before project-wide approval.,STANDARD,YES,YES,YES,YES,NO,LOW,YES,YES,YES,YES,YES,YES,YES,PASS,"Reviewed independent seed; natural wording, stable intent, correct metadata, and no mutable fact or private value."
DLQ_0090,BSP payment বারবার fail করছে।,DRIVING_LICENCE,DRIVING_LICENCE_PAYMENT,Driving Licence Fees and Payment,DRIVING_LICENCE_PAYMENT_FAILURE,Driving Licence Payment Failure,Medium,Informal,FALSE,,SYNTHETIC,DRIVING_LICENCE_PAYMENT_FAILURE_F02,Medium,FALSE,Driving Licence pilot v0.1 independent synthetic seed; semantically reviewed; do not train before project-wide approval.,STANDARD,YES,YES,YES,YES,NO,LOW,YES,YES,YES,YES,YES,YES,YES,PASS,"Reviewed independent seed; natural wording, stable intent, correct metadata, and no mutable fact or private value."
DLQ_0091,licence fee transaction complete hocche na.,DRIVING_LICENCE,DRIVING_LICENCE_PAYMENT,Driving Licence Fees and Payment,DRIVING_LICENCE_PAYMENT_FAILURE,Driving Licence Payment Failure,Medium,Mixed,FALSE,,SYNTHETIC,DRIVING_LICENCE_PAYMENT_FAILURE_F03,Medium,FALSE,Driving Licence pilot v0.1 independent synthetic seed; semantically reviewed; do not train before project-wide approval.,STANDARD,YES,YES,YES,YES,NO,LOW,YES,YES,YES,YES,YES,YES,YES,PASS,"Reviewed independent seed; natural wording, stable intent, correct metadata, and no mutable fact or private value."
DLQ_0092,pay button দেওয়ার পর error আসে এবং application এগোয় না।,DRIVING_LICENCE,DRIVING_LICENCE_PAYMENT,Driving Licence Fees and Payment,DRIVING_LICENCE_PAYMENT_FAILURE,Driving Licence Payment Failure,Medium,Mixed,FALSE,,SYNTHETIC,DRIVING_LICENCE_PAYMENT_FAILURE_F04,Hard,FALSE,Driving Licence pilot v0.1 independent synthetic seed; semantically reviewed; do not train before project-wide approval.,BOUNDARY,YES,YES,YES,YES,NO,MEDIUM,YES,YES,YES,YES,YES,YES,YES,PASS,"Reviewed independent seed; natural wording, stable intent, correct metadata, and no mutable fact or private value."
DLQ_0093,ড্রাইভিং লাইসেন্স আবেদনের বর্তমান অবস্থা কীভাবে দেখব?,DRIVING_LICENCE,DRIVING_LICENCE_STATUS_DELIVERY,"Licence Status, Issuance and Delivery",DRIVING_LICENCE_APPLICATION_STATUS,Driving Licence Application Status,Low,Formal,FALSE,,SYNTHETIC,DRIVING_LICENCE_APPLICATION_STATUS_F01,Easy,FALSE,Driving Licence pilot v0.1 independent synthetic seed; semantically reviewed; do not train before project-wide approval.,STANDARD,YES,YES,YES,YES,NO,LOW,YES,YES,YES,YES,YES,YES,YES,PASS,"Reviewed independent seed; natural wording, stable intent, correct metadata, and no mutable fact or private value."
DLQ_0094,আমার licence application কোন stage-এ আছে?,DRIVING_LICENCE,DRIVING_LICENCE_STATUS_DELIVERY,"Licence Status, Issuance and Delivery",DRIVING_LICENCE_APPLICATION_STATUS,Driving Licence Application Status,Low,Informal,FALSE,,SYNTHETIC,DRIVING_LICENCE_APPLICATION_STATUS_F02,Medium,FALSE,Driving Licence pilot v0.1 independent synthetic seed; semantically reviewed; do not train before project-wide approval.,STANDARD,YES,YES,YES,YES,NO,LOW,YES,YES,YES,YES,YES,YES,YES,PASS,"Reviewed independent seed; natural wording, stable intent, correct metadata, and no mutable fact or private value."
DLQ_0095,driving licence status check korbo kivabe?,DRIVING_LICENCE,DRIVING_LICENCE_STATUS_DELIVERY,"Licence Status, Issuance and Delivery",DRIVING_LICENCE_APPLICATION_STATUS,Driving Licence Application Status,Low,Mixed,FALSE,,SYNTHETIC,DRIVING_LICENCE_APPLICATION_STATUS_F03,Medium,FALSE,Driving Licence pilot v0.1 independent synthetic seed; semantically reviewed; do not train before project-wide approval.,STANDARD,YES,YES,YES,YES,NO,LOW,YES,YES,YES,YES,YES,YES,YES,PASS,"Reviewed independent seed; natural wording, stable intent, correct metadata, and no mutable fact or private value."
DLQ_0096,payment আর submission শেষ—BRTA processing update কোথায় পাওয়া যাবে?,DRIVING_LICENCE,DRIVING_LICENCE_STATUS_DELIVERY,"Licence Status, Issuance and Delivery",DRIVING_LICENCE_APPLICATION_STATUS,Driving Licence Application Status,Low,Mixed,FALSE,,SYNTHETIC,DRIVING_LICENCE_APPLICATION_STATUS_F04,Hard,FALSE,Driving Licence pilot v0.1 independent synthetic seed; semantically reviewed; do not train before project-wide approval.,BOUNDARY,YES,YES,YES,YES,NO,MEDIUM,YES,YES,YES,YES,YES,YES,YES,PASS,"Reviewed independent seed; natural wording, stable intent, correct metadata, and no mutable fact or private value."
DLQ_0097,ড্রাইভিং লাইসেন্স আবেদন দীর্ঘদিন pending থাকলে কী করব?,DRIVING_LICENCE,DRIVING_LICENCE_STATUS_DELIVERY,"Licence Status, Issuance and Delivery",DRIVING_LICENCE_APPLICATION_DELAY,Driving Licence Application Delay,Medium,Formal,FALSE,,SYNTHETIC,DRIVING_LICENCE_APPLICATION_DELAY_F01,Easy,FALSE,Driving Licence pilot v0.1 independent synthetic seed; semantically reviewed; do not train before project-wide approval.,MANDATORY,YES,YES,YES,YES,NO,MEDIUM,YES,YES,YES,YES,YES,YES,YES,PASS,"Reviewed independent seed; natural wording, stable intent, correct metadata, and no mutable fact or private value."
DLQ_0098,"অনেক সময় হয়ে গেছে, licence-এর update আসছে না।",DRIVING_LICENCE,DRIVING_LICENCE_STATUS_DELIVERY,"Licence Status, Issuance and Delivery",DRIVING_LICENCE_APPLICATION_DELAY,Driving Licence Application Delay,Medium,Informal,FALSE,,SYNTHETIC,DRIVING_LICENCE_APPLICATION_DELAY_F02,Medium,FALSE,Driving Licence pilot v0.1 independent synthetic seed; semantically reviewed; do not train before project-wide approval.,MANDATORY,YES,YES,YES,YES,NO,MEDIUM,YES,YES,YES,YES,YES,YES,YES,PASS,"Reviewed independent seed; natural wording, stable intent, correct metadata, and no mutable fact or private value."
DLQ_0099,amar driving licence application atke ache.,DRIVING_LICENCE,DRIVING_LICENCE_STATUS_DELIVERY,"Licence Status, Issuance and Delivery",DRIVING_LICENCE_APPLICATION_DELAY,Driving Licence Application Delay,Medium,Mixed,FALSE,,SYNTHETIC,DRIVING_LICENCE_APPLICATION_DELAY_F03,Medium,FALSE,Driving Licence pilot v0.1 independent synthetic seed; semantically reviewed; do not train before project-wide approval.,MANDATORY,YES,YES,YES,YES,NO,MEDIUM,YES,YES,YES,YES,YES,YES,YES,PASS,"Reviewed independent seed; natural wording, stable intent, correct metadata, and no mutable fact or private value."
DLQ_0100,status বহুদিন একই জায়গায় আছে—follow-up কোথায় করব?,DRIVING_LICENCE,DRIVING_LICENCE_STATUS_DELIVERY,"Licence Status, Issuance and Delivery",DRIVING_LICENCE_APPLICATION_DELAY,Driving Licence Application Delay,Medium,Mixed,FALSE,,SYNTHETIC,DRIVING_LICENCE_APPLICATION_DELAY_F04,Hard,FALSE,Driving Licence pilot v0.1 independent synthetic seed; semantically reviewed; do not train before project-wide approval.,MANDATORY,YES,YES,YES,YES,NO,MEDIUM,YES,YES,YES,YES,YES,YES,YES,PASS,"Reviewed independent seed; natural wording, stable intent, correct metadata, and no mutable fact or private value."
DLQ_0101,ড্রাইভিং লাইসেন্স সংগ্রহের জন্য প্রস্তুত হয়েছে কি না কীভাবে জানব?,DRIVING_LICENCE,DRIVING_LICENCE_STATUS_DELIVERY,"Licence Status, Issuance and Delivery",DRIVING_LICENCE_READY,Driving Licence Ready for Collection,Low,Formal,FALSE,,SYNTHETIC,DRIVING_LICENCE_READY_F01,Easy,FALSE,Driving Licence pilot v0.1 independent synthetic seed; semantically reviewed; do not train before project-wide approval.,STANDARD,YES,YES,YES,YES,NO,LOW,YES,YES,YES,YES,YES,YES,YES,PASS,"Reviewed independent seed; natural wording, stable intent, correct metadata, and no mutable fact or private value."
DLQ_0102,smart card ready হয়েছে কিনা কোথায় check করব?,DRIVING_LICENCE,DRIVING_LICENCE_STATUS_DELIVERY,"Licence Status, Issuance and Delivery",DRIVING_LICENCE_READY,Driving Licence Ready for Collection,Low,Informal,FALSE,,SYNTHETIC,DRIVING_LICENCE_READY_F02,Medium,FALSE,Driving Licence pilot v0.1 independent synthetic seed; semantically reviewed; do not train before project-wide approval.,STANDARD,YES,YES,YES,YES,NO,LOW,YES,YES,YES,YES,YES,YES,YES,PASS,"Reviewed independent seed; natural wording, stable intent, correct metadata, and no mutable fact or private value."
DLQ_0103,licence collect korar jonno ready kina janbo kivabe?,DRIVING_LICENCE,DRIVING_LICENCE_STATUS_DELIVERY,"Licence Status, Issuance and Delivery",DRIVING_LICENCE_READY,Driving Licence Ready for Collection,Low,Mixed,FALSE,,SYNTHETIC,DRIVING_LICENCE_READY_F03,Medium,FALSE,Driving Licence pilot v0.1 independent synthetic seed; semantically reviewed; do not train before project-wide approval.,STANDARD,YES,YES,YES,YES,NO,LOW,YES,YES,YES,YES,YES,YES,YES,PASS,"Reviewed independent seed; natural wording, stable intent, correct metadata, and no mutable fact or private value."
DLQ_0104,application complete দেখাচ্ছে—physical card produced হয়েছে কি না জানতে চাই।,DRIVING_LICENCE,DRIVING_LICENCE_STATUS_DELIVERY,"Licence Status, Issuance and Delivery",DRIVING_LICENCE_READY,Driving Licence Ready for Collection,Low,Mixed,FALSE,,SYNTHETIC,DRIVING_LICENCE_READY_F04,Hard,FALSE,Driving Licence pilot v0.1 independent synthetic seed; semantically reviewed; do not train before project-wide approval.,BOUNDARY,YES,YES,YES,YES,NO,MEDIUM,YES,YES,YES,YES,YES,YES,YES,PASS,"Reviewed independent seed; natural wording, stable intent, correct metadata, and no mutable fact or private value."
DLQ_0105,প্রস্তুত ড্রাইভিং লাইসেন্স কীভাবে সংগ্রহ করব?,DRIVING_LICENCE,DRIVING_LICENCE_STATUS_DELIVERY,"Licence Status, Issuance and Delivery",DRIVING_LICENCE_COLLECTION_DELIVERY,Driving Licence Collection or Delivery,Low,Formal,FALSE,,SYNTHETIC,DRIVING_LICENCE_COLLECTION_DELIVERY_F01,Easy,FALSE,Driving Licence pilot v0.1 independent synthetic seed; semantically reviewed; do not train before project-wide approval.,STANDARD,YES,YES,YES,YES,NO,LOW,YES,YES,YES,YES,YES,YES,YES,PASS,"Reviewed independent seed; natural wording, stable intent, correct metadata, and no mutable fact or private value."
DLQ_0106,"smart card ready, এখন কোথা থেকে নেব?",DRIVING_LICENCE,DRIVING_LICENCE_STATUS_DELIVERY,"Licence Status, Issuance and Delivery",DRIVING_LICENCE_COLLECTION_DELIVERY,Driving Licence Collection or Delivery,Low,Informal,FALSE,,SYNTHETIC,DRIVING_LICENCE_COLLECTION_DELIVERY_F02,Medium,FALSE,Driving Licence pilot v0.1 independent synthetic seed; semantically reviewed; do not train before project-wide approval.,STANDARD,YES,YES,YES,YES,NO,LOW,YES,YES,YES,YES,YES,YES,YES,PASS,"Reviewed independent seed; natural wording, stable intent, correct metadata, and no mutable fact or private value."
DLQ_0107,driving licence collection process ta ki?,DRIVING_LICENCE,DRIVING_LICENCE_STATUS_DELIVERY,"Licence Status, Issuance and Delivery",DRIVING_LICENCE_COLLECTION_DELIVERY,Driving Licence Collection or Delivery,Low,Mixed,FALSE,,SYNTHETIC,DRIVING_LICENCE_COLLECTION_DELIVERY_F03,Medium,FALSE,Driving Licence pilot v0.1 independent synthetic seed; semantically reviewed; do not train before project-wide approval.,STANDARD,YES,YES,YES,YES,NO,LOW,YES,YES,YES,YES,YES,YES,YES,PASS,"Reviewed independent seed; natural wording, stable intent, correct metadata, and no mutable fact or private value."
DLQ_0108,card issue হয়েছে—delivery বা pickup-এর next step জানতে চাই।,DRIVING_LICENCE,DRIVING_LICENCE_STATUS_DELIVERY,"Licence Status, Issuance and Delivery",DRIVING_LICENCE_COLLECTION_DELIVERY,Driving Licence Collection or Delivery,Low,Mixed,FALSE,,SYNTHETIC,DRIVING_LICENCE_COLLECTION_DELIVERY_F04,Hard,FALSE,Driving Licence pilot v0.1 independent synthetic seed; semantically reviewed; do not train before project-wide approval.,BOUNDARY,YES,YES,YES,YES,NO,MEDIUM,YES,YES,YES,YES,YES,YES,YES,PASS,"Reviewed independent seed; natural wording, stable intent, correct metadata, and no mutable fact or private value."
DLQ_0109,বিদ্যমান ড্রাইভিং লাইসেন্স কীভাবে অনলাইনে যাচাই করব?,DRIVING_LICENCE,DRIVING_LICENCE_STATUS_DELIVERY,"Licence Status, Issuance and Delivery",DRIVING_LICENCE_VERIFICATION,Driving Licence Verification,Low,Formal,FALSE,,SYNTHETIC,DRIVING_LICENCE_VERIFICATION_F01,Easy,FALSE,Driving Licence pilot v0.1 independent synthetic seed; semantically reviewed; do not train before project-wide approval.,MANDATORY,YES,YES,YES,YES,NO,MEDIUM,YES,YES,YES,YES,YES,YES,YES,PASS,"Reviewed independent seed; natural wording, stable intent, correct metadata, and no mutable fact or private value."
DLQ_0110,e-license record verify করার option কোথায়?,DRIVING_LICENCE,DRIVING_LICENCE_STATUS_DELIVERY,"Licence Status, Issuance and Delivery",DRIVING_LICENCE_VERIFICATION,Driving Licence Verification,Low,Informal,FALSE,,SYNTHETIC,DRIVING_LICENCE_VERIFICATION_F02,Medium,FALSE,Driving Licence pilot v0.1 independent synthetic seed; semantically reviewed; do not train before project-wide approval.,MANDATORY,YES,YES,YES,YES,NO,MEDIUM,YES,YES,YES,YES,YES,YES,YES,PASS,"Reviewed independent seed; natural wording, stable intent, correct metadata, and no mutable fact or private value."
DLQ_0111,driving licence verification korbo kivabe?,DRIVING_LICENCE,DRIVING_LICENCE_STATUS_DELIVERY,"Licence Status, Issuance and Delivery",DRIVING_LICENCE_VERIFICATION,Driving Licence Verification,Low,Mixed,FALSE,,SYNTHETIC,DRIVING_LICENCE_VERIFICATION_F03,Medium,FALSE,Driving Licence pilot v0.1 independent synthetic seed; semantically reviewed; do not train before project-wide approval.,MANDATORY,YES,YES,YES,YES,NO,MEDIUM,YES,YES,YES,YES,YES,YES,YES,PASS,"Reviewed independent seed; natural wording, stable intent, correct metadata, and no mutable fact or private value."
DLQ_0112,লাইসেন্স নম্বর দিয়ে official record আছে কি না check করার service জানতে চাই।,DRIVING_LICENCE,DRIVING_LICENCE_STATUS_DELIVERY,"Licence Status, Issuance and Delivery",DRIVING_LICENCE_VERIFICATION,Driving Licence Verification,Low,Mixed,FALSE,,SYNTHETIC,DRIVING_LICENCE_VERIFICATION_F04,Hard,FALSE,Driving Licence pilot v0.1 independent synthetic seed; semantically reviewed; do not train before project-wide approval.,MANDATORY,YES,YES,YES,YES,NO,MEDIUM,YES,YES,YES,YES,YES,YES,YES,PASS,"Reviewed independent seed; natural wording, stable intent, correct metadata, and no mutable fact or private value."
DLQ_0113,ড্রাইভিং লাইসেন্স নবায়নের প্রক্রিয়াটি কী?,DRIVING_LICENCE,DRIVING_LICENCE_RENEWAL,Driving Licence Renewal,DRIVING_LICENCE_RENEWAL_PROCESS,Driving Licence Renewal Process,Low,Formal,FALSE,,SYNTHETIC,DRIVING_LICENCE_RENEWAL_PROCESS_F01,Easy,FALSE,Driving Licence pilot v0.1 independent synthetic seed; semantically reviewed; do not train before project-wide approval.,STANDARD,YES,YES,YES,YES,NO,LOW,YES,YES,YES,YES,YES,YES,YES,PASS,"Reviewed independent seed; natural wording, stable intent, correct metadata, and no mutable fact or private value."
DLQ_0114,"licence renew করতে চাই, কীভাবে apply করব?",DRIVING_LICENCE,DRIVING_LICENCE_RENEWAL,Driving Licence Renewal,DRIVING_LICENCE_RENEWAL_PROCESS,Driving Licence Renewal Process,Low,Informal,FALSE,,SYNTHETIC,DRIVING_LICENCE_RENEWAL_PROCESS_F02,Medium,FALSE,Driving Licence pilot v0.1 independent synthetic seed; semantically reviewed; do not train before project-wide approval.,STANDARD,YES,YES,YES,YES,NO,LOW,YES,YES,YES,YES,YES,YES,YES,PASS,"Reviewed independent seed; natural wording, stable intent, correct metadata, and no mutable fact or private value."
DLQ_0115,driving licence renewal process ta ki?,DRIVING_LICENCE,DRIVING_LICENCE_RENEWAL,Driving Licence Renewal,DRIVING_LICENCE_RENEWAL_PROCESS,Driving Licence Renewal Process,Low,Mixed,FALSE,,SYNTHETIC,DRIVING_LICENCE_RENEWAL_PROCESS_F03,Medium,FALSE,Driving Licence pilot v0.1 independent synthetic seed; semantically reviewed; do not train before project-wide approval.,STANDARD,YES,YES,YES,YES,NO,LOW,YES,YES,YES,YES,YES,YES,YES,PASS,"Reviewed independent seed; natural wording, stable intent, correct metadata, and no mutable fact or private value."
DLQ_0116,বর্তমান licence-এর মেয়াদ বাড়াতে BSP-তে কোন service select করব?,DRIVING_LICENCE,DRIVING_LICENCE_RENEWAL,Driving Licence Renewal,DRIVING_LICENCE_RENEWAL_PROCESS,Driving Licence Renewal Process,Low,Mixed,FALSE,,SYNTHETIC,DRIVING_LICENCE_RENEWAL_PROCESS_F04,Hard,FALSE,Driving Licence pilot v0.1 independent synthetic seed; semantically reviewed; do not train before project-wide approval.,BOUNDARY,YES,YES,YES,YES,NO,MEDIUM,YES,YES,YES,YES,YES,YES,YES,PASS,"Reviewed independent seed; natural wording, stable intent, correct metadata, and no mutable fact or private value."
DLQ_0117,ড্রাইভিং লাইসেন্স নবায়নে কী কী কাগজপত্র লাগে?,DRIVING_LICENCE,DRIVING_LICENCE_RENEWAL,Driving Licence Renewal,DRIVING_LICENCE_RENEWAL_DOCUMENTS,Driving Licence Renewal Documents,Low,Formal,FALSE,,SYNTHETIC,DRIVING_LICENCE_RENEWAL_DOCUMENTS_F01,Easy,FALSE,Driving Licence pilot v0.1 independent synthetic seed; semantically reviewed; do not train before project-wide approval.,STANDARD,YES,YES,YES,YES,NO,LOW,YES,YES,YES,YES,YES,YES,YES,PASS,"Reviewed independent seed; natural wording, stable intent, correct metadata, and no mutable fact or private value."
DLQ_0118,renewal application-এ old licence copy দিতে হবে?,DRIVING_LICENCE,DRIVING_LICENCE_RENEWAL,Driving Licence Renewal,DRIVING_LICENCE_RENEWAL_DOCUMENTS,Driving Licence Renewal Documents,Low,Informal,FALSE,,SYNTHETIC,DRIVING_LICENCE_RENEWAL_DOCUMENTS_F02,Medium,FALSE,Driving Licence pilot v0.1 independent synthetic seed; semantically reviewed; do not train before project-wide approval.,STANDARD,YES,YES,YES,YES,NO,LOW,YES,YES,YES,YES,YES,YES,YES,PASS,"Reviewed independent seed; natural wording, stable intent, correct metadata, and no mutable fact or private value."
DLQ_0119,licence renew er required documents ki ki?,DRIVING_LICENCE,DRIVING_LICENCE_RENEWAL,Driving Licence Renewal,DRIVING_LICENCE_RENEWAL_DOCUMENTS,Driving Licence Renewal Documents,Low,Mixed,FALSE,,SYNTHETIC,DRIVING_LICENCE_RENEWAL_DOCUMENTS_F03,Medium,FALSE,Driving Licence pilot v0.1 independent synthetic seed; semantically reviewed; do not train before project-wide approval.,STANDARD,YES,YES,YES,YES,NO,LOW,YES,YES,YES,YES,YES,YES,YES,PASS,"Reviewed independent seed; natural wording, stable intent, correct metadata, and no mutable fact or private value."
DLQ_0120,মেয়াদ বাড়ানোর form জমা দেওয়ার আগে কোন supporting papers ready রাখব?,DRIVING_LICENCE,DRIVING_LICENCE_RENEWAL,Driving Licence Renewal,DRIVING_LICENCE_RENEWAL_DOCUMENTS,Driving Licence Renewal Documents,Low,Mixed,FALSE,,SYNTHETIC,DRIVING_LICENCE_RENEWAL_DOCUMENTS_F04,Hard,FALSE,Driving Licence pilot v0.1 independent synthetic seed; semantically reviewed; do not train before project-wide approval.,BOUNDARY,YES,YES,YES,YES,NO,MEDIUM,YES,YES,YES,YES,YES,YES,YES,PASS,"Reviewed independent seed; natural wording, stable intent, correct metadata, and no mutable fact or private value."
DLQ_0121,মেয়াদ শেষ হওয়া ড্রাইভিং লাইসেন্স কীভাবে নবায়ন করব?,DRIVING_LICENCE,DRIVING_LICENCE_RENEWAL,Driving Licence Renewal,DRIVING_LICENCE_EXPIRED_RENEWAL,Expired Driving Licence Renewal,Medium,Formal,FALSE,,SYNTHETIC,DRIVING_LICENCE_EXPIRED_RENEWAL_F01,Easy,FALSE,Driving Licence pilot v0.1 independent synthetic seed; semantically reviewed; do not train before project-wide approval.,MANDATORY,YES,YES,YES,YES,NO,MEDIUM,YES,YES,YES,YES,YES,YES,YES,PASS,"Reviewed independent seed; natural wording, stable intent, correct metadata, and no mutable fact or private value."
DLQ_0122,"licence already expired, এখন renewal কীভাবে হবে?",DRIVING_LICENCE,DRIVING_LICENCE_RENEWAL,Driving Licence Renewal,DRIVING_LICENCE_EXPIRED_RENEWAL,Expired Driving Licence Renewal,Medium,Informal,FALSE,,SYNTHETIC,DRIVING_LICENCE_EXPIRED_RENEWAL_F02,Medium,FALSE,Driving Licence pilot v0.1 independent synthetic seed; semantically reviewed; do not train before project-wide approval.,MANDATORY,YES,YES,YES,YES,NO,MEDIUM,YES,YES,YES,YES,YES,YES,YES,PASS,"Reviewed independent seed; natural wording, stable intent, correct metadata, and no mutable fact or private value."
DLQ_0123,expired driving licence renew korbo kivabe?,DRIVING_LICENCE,DRIVING_LICENCE_RENEWAL,Driving Licence Renewal,DRIVING_LICENCE_EXPIRED_RENEWAL,Expired Driving Licence Renewal,Medium,Mixed,FALSE,,SYNTHETIC,DRIVING_LICENCE_EXPIRED_RENEWAL_F03,Medium,FALSE,Driving Licence pilot v0.1 independent synthetic seed; semantically reviewed; do not train before project-wide approval.,MANDATORY,YES,YES,YES,YES,NO,MEDIUM,YES,YES,YES,YES,YES,YES,YES,PASS,"Reviewed independent seed; natural wording, stable intent, correct metadata, and no mutable fact or private value."
DLQ_0124,অনেক আগে validity শেষ হয়েছে—existing licence-এর renewal route জানতে চাই।,DRIVING_LICENCE,DRIVING_LICENCE_RENEWAL,Driving Licence Renewal,DRIVING_LICENCE_EXPIRED_RENEWAL,Expired Driving Licence Renewal,Medium,Mixed,FALSE,,SYNTHETIC,DRIVING_LICENCE_EXPIRED_RENEWAL_F04,Hard,FALSE,Driving Licence pilot v0.1 independent synthetic seed; semantically reviewed; do not train before project-wide approval.,MANDATORY,YES,YES,YES,YES,NO,MEDIUM,YES,YES,YES,YES,YES,YES,YES,PASS,"Reviewed independent seed; natural wording, stable intent, correct metadata, and no mutable fact or private value."
DLQ_0125,ডুপ্লিকেট ড্রাইভিং লাইসেন্সের আবেদন কীভাবে করব?,DRIVING_LICENCE,DRIVING_LICENCE_REPLACEMENT,Duplicate or Replacement Driving Licence,DRIVING_LICENCE_DUPLICATE_PROCESS,Duplicate Driving Licence Process,Low,Formal,FALSE,,SYNTHETIC,DRIVING_LICENCE_DUPLICATE_PROCESS_F01,Easy,FALSE,Driving Licence pilot v0.1 independent synthetic seed; semantically reviewed; do not train before project-wide approval.,STANDARD,YES,YES,YES,YES,NO,LOW,YES,YES,YES,YES,YES,YES,YES,PASS,"Reviewed independent seed; natural wording, stable intent, correct metadata, and no mutable fact or private value."
DLQ_0126,replacement licence করতে কী process?,DRIVING_LICENCE,DRIVING_LICENCE_REPLACEMENT,Duplicate or Replacement Driving Licence,DRIVING_LICENCE_DUPLICATE_PROCESS,Duplicate Driving Licence Process,Low,Informal,FALSE,,SYNTHETIC,DRIVING_LICENCE_DUPLICATE_PROCESS_F02,Medium,FALSE,Driving Licence pilot v0.1 independent synthetic seed; semantically reviewed; do not train before project-wide approval.,STANDARD,YES,YES,YES,YES,NO,LOW,YES,YES,YES,YES,YES,YES,YES,PASS,"Reviewed independent seed; natural wording, stable intent, correct metadata, and no mutable fact or private value."
DLQ_0127,duplicate driving licence application ta ki?,DRIVING_LICENCE,DRIVING_LICENCE_REPLACEMENT,Duplicate or Replacement Driving Licence,DRIVING_LICENCE_DUPLICATE_PROCESS,Duplicate Driving Licence Process,Low,Mixed,FALSE,,SYNTHETIC,DRIVING_LICENCE_DUPLICATE_PROCESS_F03,Medium,FALSE,Driving Licence pilot v0.1 independent synthetic seed; semantically reviewed; do not train before project-wide approval.,STANDARD,YES,YES,YES,YES,NO,LOW,YES,YES,YES,YES,YES,YES,YES,PASS,"Reviewed independent seed; natural wording, stable intent, correct metadata, and no mutable fact or private value."
DLQ_0128,existing licence-এর আরেকটি official copy নিতে কোন BRTA service ব্যবহার করব?,DRIVING_LICENCE,DRIVING_LICENCE_REPLACEMENT,Duplicate or Replacement Driving Licence,DRIVING_LICENCE_DUPLICATE_PROCESS,Duplicate Driving Licence Process,Low,Mixed,FALSE,,SYNTHETIC,DRIVING_LICENCE_DUPLICATE_PROCESS_F04,Hard,FALSE,Driving Licence pilot v0.1 independent synthetic seed; semantically reviewed; do not train before project-wide approval.,BOUNDARY,YES,YES,YES,YES,NO,MEDIUM,YES,YES,YES,YES,YES,YES,YES,PASS,"Reviewed independent seed; natural wording, stable intent, correct metadata, and no mutable fact or private value."
DLQ_0129,ড্রাইভিং লাইসেন্স হারিয়ে গেলে replacement কীভাবে পাব?,DRIVING_LICENCE,DRIVING_LICENCE_REPLACEMENT,Duplicate or Replacement Driving Licence,DRIVING_LICENCE_LOST_REPLACEMENT,Lost Driving Licence Replacement,Medium,Formal,FALSE,,SYNTHETIC,DRIVING_LICENCE_LOST_REPLACEMENT_F01,Easy,FALSE,Driving Licence pilot v0.1 independent synthetic seed; semantically reviewed; do not train before project-wide approval.,STANDARD,YES,YES,YES,YES,NO,LOW,YES,YES,YES,YES,YES,YES,YES,PASS,"Reviewed independent seed; natural wording, stable intent, correct metadata, and no mutable fact or private value."
DLQ_0130,"licence হারিয়ে গেছে, duplicate করতে চাই।",DRIVING_LICENCE,DRIVING_LICENCE_REPLACEMENT,Duplicate or Replacement Driving Licence,DRIVING_LICENCE_LOST_REPLACEMENT,Lost Driving Licence Replacement,Medium,Informal,FALSE,,SYNTHETIC,DRIVING_LICENCE_LOST_REPLACEMENT_F02,Medium,FALSE,Driving Licence pilot v0.1 independent synthetic seed; semantically reviewed; do not train before project-wide approval.,STANDARD,YES,YES,YES,YES,NO,LOW,YES,YES,YES,YES,YES,YES,YES,PASS,"Reviewed independent seed; natural wording, stable intent, correct metadata, and no mutable fact or private value."
DLQ_0131,lost driving licence reissue korbo kivabe?,DRIVING_LICENCE,DRIVING_LICENCE_REPLACEMENT,Duplicate or Replacement Driving Licence,DRIVING_LICENCE_LOST_REPLACEMENT,Lost Driving Licence Replacement,Medium,Mixed,FALSE,,SYNTHETIC,DRIVING_LICENCE_LOST_REPLACEMENT_F03,Medium,FALSE,Driving Licence pilot v0.1 independent synthetic seed; semantically reviewed; do not train before project-wide approval.,STANDARD,YES,YES,YES,YES,NO,LOW,YES,YES,YES,YES,YES,YES,YES,PASS,"Reviewed independent seed; natural wording, stable intent, correct metadata, and no mutable fact or private value."
DLQ_0132,smart cardটা পথে হারিয়েছে—নতুন copy পাওয়ার application কোনটি?,DRIVING_LICENCE,DRIVING_LICENCE_REPLACEMENT,Duplicate or Replacement Driving Licence,DRIVING_LICENCE_LOST_REPLACEMENT,Lost Driving Licence Replacement,Medium,Mixed,FALSE,,SYNTHETIC,DRIVING_LICENCE_LOST_REPLACEMENT_F04,Hard,FALSE,Driving Licence pilot v0.1 independent synthetic seed; semantically reviewed; do not train before project-wide approval.,BOUNDARY,YES,YES,YES,YES,NO,MEDIUM,YES,YES,YES,YES,YES,YES,YES,PASS,"Reviewed independent seed; natural wording, stable intent, correct metadata, and no mutable fact or private value."
DLQ_0133,নষ্ট ড্রাইভিং লাইসেন্সের replacement কীভাবে করব?,DRIVING_LICENCE,DRIVING_LICENCE_REPLACEMENT,Duplicate or Replacement Driving Licence,DRIVING_LICENCE_DAMAGED_REPLACEMENT,Damaged Driving Licence Replacement,Medium,Formal,FALSE,,SYNTHETIC,DRIVING_LICENCE_DAMAGED_REPLACEMENT_F01,Easy,FALSE,Driving Licence pilot v0.1 independent synthetic seed; semantically reviewed; do not train before project-wide approval.,STANDARD,YES,YES,YES,YES,NO,LOW,YES,YES,YES,YES,YES,YES,YES,PASS,"Reviewed independent seed; natural wording, stable intent, correct metadata, and no mutable fact or private value."
DLQ_0134,"licence card ভেঙে গেছে, duplicate লাগবে।",DRIVING_LICENCE,DRIVING_LICENCE_REPLACEMENT,Duplicate or Replacement Driving Licence,DRIVING_LICENCE_DAMAGED_REPLACEMENT,Damaged Driving Licence Replacement,Medium,Informal,FALSE,,SYNTHETIC,DRIVING_LICENCE_DAMAGED_REPLACEMENT_F02,Medium,FALSE,Driving Licence pilot v0.1 independent synthetic seed; semantically reviewed; do not train before project-wide approval.,STANDARD,YES,YES,YES,YES,NO,LOW,YES,YES,YES,YES,YES,YES,YES,PASS,"Reviewed independent seed; natural wording, stable intent, correct metadata, and no mutable fact or private value."
DLQ_0135,damaged driving licence replace korbo kivabe?,DRIVING_LICENCE,DRIVING_LICENCE_REPLACEMENT,Duplicate or Replacement Driving Licence,DRIVING_LICENCE_DAMAGED_REPLACEMENT,Damaged Driving Licence Replacement,Medium,Mixed,FALSE,,SYNTHETIC,DRIVING_LICENCE_DAMAGED_REPLACEMENT_F03,Medium,FALSE,Driving Licence pilot v0.1 independent synthetic seed; semantically reviewed; do not train before project-wide approval.,STANDARD,YES,YES,YES,YES,NO,LOW,YES,YES,YES,YES,YES,YES,YES,PASS,"Reviewed independent seed; natural wording, stable intent, correct metadata, and no mutable fact or private value."
DLQ_0136,smart card-এর লেখা পড়া যাচ্ছে না—usable copy পাওয়ার process কী?,DRIVING_LICENCE,DRIVING_LICENCE_REPLACEMENT,Duplicate or Replacement Driving Licence,DRIVING_LICENCE_DAMAGED_REPLACEMENT,Damaged Driving Licence Replacement,Medium,Mixed,FALSE,,SYNTHETIC,DRIVING_LICENCE_DAMAGED_REPLACEMENT_F04,Hard,FALSE,Driving Licence pilot v0.1 independent synthetic seed; semantically reviewed; do not train before project-wide approval.,BOUNDARY,YES,YES,YES,YES,NO,MEDIUM,YES,YES,YES,YES,YES,YES,YES,PASS,"Reviewed independent seed; natural wording, stable intent, correct metadata, and no mutable fact or private value."
DLQ_0137,ড্রাইভিং লাইসেন্সে ভুল ব্যক্তিগত তথ্য কীভাবে সংশোধন করব?,DRIVING_LICENCE,DRIVING_LICENCE_CHANGES,Driving Licence Information and Class Changes,DRIVING_LICENCE_INFORMATION_CORRECTION,Driving Licence Information Correction,Medium,Formal,FALSE,,SYNTHETIC,DRIVING_LICENCE_INFORMATION_CORRECTION_F01,Easy,FALSE,Driving Licence pilot v0.1 independent synthetic seed; semantically reviewed; do not train before project-wide approval.,STANDARD,YES,YES,YES,YES,NO,LOW,YES,YES,YES,YES,YES,YES,YES,PASS,"Reviewed independent seed; natural wording, stable intent, correct metadata, and no mutable fact or private value."
DLQ_0138,"licence-এ নামের spelling ভুল, update করতে চাই।",DRIVING_LICENCE,DRIVING_LICENCE_CHANGES,Driving Licence Information and Class Changes,DRIVING_LICENCE_INFORMATION_CORRECTION,Driving Licence Information Correction,Medium,Informal,FALSE,,SYNTHETIC,DRIVING_LICENCE_INFORMATION_CORRECTION_F02,Medium,FALSE,Driving Licence pilot v0.1 independent synthetic seed; semantically reviewed; do not train before project-wide approval.,STANDARD,YES,YES,YES,YES,NO,LOW,YES,YES,YES,YES,YES,YES,YES,PASS,"Reviewed independent seed; natural wording, stable intent, correct metadata, and no mutable fact or private value."
DLQ_0139,driving licence information correction er process ki?,DRIVING_LICENCE,DRIVING_LICENCE_CHANGES,Driving Licence Information and Class Changes,DRIVING_LICENCE_INFORMATION_CORRECTION,Driving Licence Information Correction,Medium,Mixed,FALSE,,SYNTHETIC,DRIVING_LICENCE_INFORMATION_CORRECTION_F03,Medium,FALSE,Driving Licence pilot v0.1 independent synthetic seed; semantically reviewed; do not train before project-wide approval.,STANDARD,YES,YES,YES,YES,NO,LOW,YES,YES,YES,YES,YES,YES,YES,PASS,"Reviewed independent seed; natural wording, stable intent, correct metadata, and no mutable fact or private value."
DLQ_0140,existing card-এ জন্মতারিখ ভুল দেখাচ্ছে—official correction service কোনটি?,DRIVING_LICENCE,DRIVING_LICENCE_CHANGES,Driving Licence Information and Class Changes,DRIVING_LICENCE_INFORMATION_CORRECTION,Driving Licence Information Correction,Medium,Mixed,FALSE,,SYNTHETIC,DRIVING_LICENCE_INFORMATION_CORRECTION_F04,Hard,FALSE,Driving Licence pilot v0.1 independent synthetic seed; semantically reviewed; do not train before project-wide approval.,BOUNDARY,YES,YES,YES,YES,NO,MEDIUM,YES,YES,YES,YES,YES,YES,YES,PASS,"Reviewed independent seed; natural wording, stable intent, correct metadata, and no mutable fact or private value."
DLQ_0141,ড্রাইভিং লাইসেন্সের ঠিকানা কীভাবে পরিবর্তন করব?,DRIVING_LICENCE,DRIVING_LICENCE_CHANGES,Driving Licence Information and Class Changes,DRIVING_LICENCE_ADDRESS_CHANGE,Driving Licence Address Change,Low,Formal,FALSE,,SYNTHETIC,DRIVING_LICENCE_ADDRESS_CHANGE_F01,Easy,FALSE,Driving Licence pilot v0.1 independent synthetic seed; semantically reviewed; do not train before project-wide approval.,STANDARD,YES,YES,YES,YES,NO,LOW,YES,YES,YES,YES,YES,YES,YES,PASS,"Reviewed independent seed; natural wording, stable intent, correct metadata, and no mutable fact or private value."
DLQ_0142,"বাসা বদলেছি, licence address update করতে চাই।",DRIVING_LICENCE,DRIVING_LICENCE_CHANGES,Driving Licence Information and Class Changes,DRIVING_LICENCE_ADDRESS_CHANGE,Driving Licence Address Change,Low,Informal,FALSE,,SYNTHETIC,DRIVING_LICENCE_ADDRESS_CHANGE_F02,Medium,FALSE,Driving Licence pilot v0.1 independent synthetic seed; semantically reviewed; do not train before project-wide approval.,STANDARD,YES,YES,YES,YES,NO,LOW,YES,YES,YES,YES,YES,YES,YES,PASS,"Reviewed independent seed; natural wording, stable intent, correct metadata, and no mutable fact or private value."
DLQ_0143,driving licence address change korbo kivabe?,DRIVING_LICENCE,DRIVING_LICENCE_CHANGES,Driving Licence Information and Class Changes,DRIVING_LICENCE_ADDRESS_CHANGE,Driving Licence Address Change,Low,Mixed,FALSE,,SYNTHETIC,DRIVING_LICENCE_ADDRESS_CHANGE_F03,Medium,FALSE,Driving Licence pilot v0.1 independent synthetic seed; semantically reviewed; do not train before project-wide approval.,STANDARD,YES,YES,YES,YES,NO,LOW,YES,YES,YES,YES,YES,YES,YES,PASS,"Reviewed independent seed; natural wording, stable intent, correct metadata, and no mutable fact or private value."
DLQ_0144,existing smart card record-এ নতুন ঠিকানা যোগ করার application কোথায়?,DRIVING_LICENCE,DRIVING_LICENCE_CHANGES,Driving Licence Information and Class Changes,DRIVING_LICENCE_ADDRESS_CHANGE,Driving Licence Address Change,Low,Mixed,FALSE,,SYNTHETIC,DRIVING_LICENCE_ADDRESS_CHANGE_F04,Hard,FALSE,Driving Licence pilot v0.1 independent synthetic seed; semantically reviewed; do not train before project-wide approval.,BOUNDARY,YES,YES,YES,YES,NO,MEDIUM,YES,YES,YES,YES,YES,YES,YES,PASS,"Reviewed independent seed; natural wording, stable intent, correct metadata, and no mutable fact or private value."
DLQ_0145,বিদ্যমান লাইসেন্সে নতুন মোটরযান শ্রেণি কীভাবে যোগ করব?,DRIVING_LICENCE,DRIVING_LICENCE_CHANGES,Driving Licence Information and Class Changes,DRIVING_LICENCE_VEHICLE_CLASS_CHANGE,Vehicle Class Addition or Change,Low,Formal,FALSE,,SYNTHETIC,DRIVING_LICENCE_VEHICLE_CLASS_CHANGE_F01,Easy,FALSE,Driving Licence pilot v0.1 independent synthetic seed; semantically reviewed; do not train before project-wide approval.,MANDATORY,YES,YES,YES,YES,NO,MEDIUM,YES,YES,YES,YES,YES,YES,YES,PASS,"Reviewed independent seed; natural wording, stable intent, correct metadata, and no mutable fact or private value."
DLQ_0146,licence-এ motorcycle class add করতে চাই।,DRIVING_LICENCE,DRIVING_LICENCE_CHANGES,Driving Licence Information and Class Changes,DRIVING_LICENCE_VEHICLE_CLASS_CHANGE,Vehicle Class Addition or Change,Low,Informal,FALSE,,SYNTHETIC,DRIVING_LICENCE_VEHICLE_CLASS_CHANGE_F02,Medium,FALSE,Driving Licence pilot v0.1 independent synthetic seed; semantically reviewed; do not train before project-wide approval.,MANDATORY,YES,YES,YES,YES,NO,MEDIUM,YES,YES,YES,YES,YES,YES,YES,PASS,"Reviewed independent seed; natural wording, stable intent, correct metadata, and no mutable fact or private value."
DLQ_0147,driving licence vehicle class change korbo kivabe?,DRIVING_LICENCE,DRIVING_LICENCE_CHANGES,Driving Licence Information and Class Changes,DRIVING_LICENCE_VEHICLE_CLASS_CHANGE,Vehicle Class Addition or Change,Low,Mixed,FALSE,,SYNTHETIC,DRIVING_LICENCE_VEHICLE_CLASS_CHANGE_F03,Medium,FALSE,Driving Licence pilot v0.1 independent synthetic seed; semantically reviewed; do not train before project-wide approval.,MANDATORY,YES,YES,YES,YES,NO,MEDIUM,YES,YES,YES,YES,YES,YES,YES,PASS,"Reviewed independent seed; natural wording, stable intent, correct metadata, and no mutable fact or private value."
DLQ_0148,আগের card-এ এক ধরনের vehicle আছে—আরেকটি category সংযোজনের process কী?,DRIVING_LICENCE,DRIVING_LICENCE_CHANGES,Driving Licence Information and Class Changes,DRIVING_LICENCE_VEHICLE_CLASS_CHANGE,Vehicle Class Addition or Change,Low,Mixed,FALSE,,SYNTHETIC,DRIVING_LICENCE_VEHICLE_CLASS_CHANGE_F04,Hard,FALSE,Driving Licence pilot v0.1 independent synthetic seed; semantically reviewed; do not train before project-wide approval.,MANDATORY,YES,YES,YES,YES,NO,MEDIUM,YES,YES,YES,YES,YES,YES,YES,PASS,"Reviewed independent seed; natural wording, stable intent, correct metadata, and no mutable fact or private value."
DLQ_0149,বিদ্যমান ড্রাইভিং লাইসেন্সের ধরন কীভাবে পরিবর্তন করব?,DRIVING_LICENCE,DRIVING_LICENCE_CHANGES,Driving Licence Information and Class Changes,DRIVING_LICENCE_TYPE_CHANGE,Professional/Non-Professional Licence Type Change,Low,Formal,FALSE,,SYNTHETIC,DRIVING_LICENCE_TYPE_CHANGE_F01,Easy,FALSE,Driving Licence pilot v0.1 independent synthetic seed; semantically reviewed; do not train before project-wide approval.,MANDATORY,YES,YES,YES,YES,NO,MEDIUM,YES,YES,YES,YES,YES,YES,YES,PASS,"Reviewed independent seed; natural wording, stable intent, correct metadata, and no mutable fact or private value."
DLQ_0150,non-professional থেকে professional type change করতে চাই।,DRIVING_LICENCE,DRIVING_LICENCE_CHANGES,Driving Licence Information and Class Changes,DRIVING_LICENCE_TYPE_CHANGE,Professional/Non-Professional Licence Type Change,Low,Informal,FALSE,,SYNTHETIC,DRIVING_LICENCE_TYPE_CHANGE_F02,Medium,FALSE,Driving Licence pilot v0.1 independent synthetic seed; semantically reviewed; do not train before project-wide approval.,MANDATORY,YES,YES,YES,YES,NO,MEDIUM,YES,YES,YES,YES,YES,YES,YES,PASS,"Reviewed independent seed; natural wording, stable intent, correct metadata, and no mutable fact or private value."
DLQ_0151,licence type conversion process ta ki?,DRIVING_LICENCE,DRIVING_LICENCE_CHANGES,Driving Licence Information and Class Changes,DRIVING_LICENCE_TYPE_CHANGE,Professional/Non-Professional Licence Type Change,Low,Mixed,FALSE,,SYNTHETIC,DRIVING_LICENCE_TYPE_CHANGE_F03,Medium,FALSE,Driving Licence pilot v0.1 independent synthetic seed; semantically reviewed; do not train before project-wide approval.,MANDATORY,YES,YES,YES,YES,NO,MEDIUM,YES,YES,YES,YES,YES,YES,YES,PASS,"Reviewed independent seed; natural wording, stable intent, correct metadata, and no mutable fact or private value."
DLQ_0152,existing licence-এর applicant category বদলানোর official application কোনটি?,DRIVING_LICENCE,DRIVING_LICENCE_CHANGES,Driving Licence Information and Class Changes,DRIVING_LICENCE_TYPE_CHANGE,Professional/Non-Professional Licence Type Change,Low,Mixed,FALSE,,SYNTHETIC,DRIVING_LICENCE_TYPE_CHANGE_F04,Hard,FALSE,Driving Licence pilot v0.1 independent synthetic seed; semantically reviewed; do not train before project-wide approval.,MANDATORY,YES,YES,YES,YES,NO,MEDIUM,YES,YES,YES,YES,YES,YES,YES,PASS,"Reviewed independent seed; natural wording, stable intent, correct metadata, and no mutable fact or private value."
DLQ_0153,ড্রাইভিং লাইসেন্স সংক্রান্ত কী কী সেবা পাওয়া যায়?,DRIVING_LICENCE,DRIVING_LICENCE_GENERAL,General Driving Licence Information,DRIVING_LICENCE_GENERAL_GUIDANCE,General Driving Licence Service Guidance,Low,Formal,FALSE,,SYNTHETIC,DRIVING_LICENCE_GENERAL_GUIDANCE_F01,Easy,FALSE,Driving Licence pilot v0.1 independent synthetic seed; semantically reviewed; do not train before project-wide approval.,MANDATORY,YES,YES,YES,YES,NO,MEDIUM,YES,YES,YES,YES,YES,YES,YES,PASS,"Reviewed independent seed; natural wording, stable intent, correct metadata, and no mutable fact or private value."
DLQ_0154,licence নিয়ে কোন কাজের জন্য কোন BRTA option ব্যবহার করব?,DRIVING_LICENCE,DRIVING_LICENCE_GENERAL,General Driving Licence Information,DRIVING_LICENCE_GENERAL_GUIDANCE,General Driving Licence Service Guidance,Low,Informal,FALSE,,SYNTHETIC,DRIVING_LICENCE_GENERAL_GUIDANCE_F02,Medium,FALSE,Driving Licence pilot v0.1 independent synthetic seed; semantically reviewed; do not train before project-wide approval.,MANDATORY,YES,YES,YES,YES,NO,MEDIUM,YES,YES,YES,YES,YES,YES,YES,PASS,"Reviewed independent seed; natural wording, stable intent, correct metadata, and no mutable fact or private value."
DLQ_0155,driving licence services somporke general guidance chai.,DRIVING_LICENCE,DRIVING_LICENCE_GENERAL,General Driving Licence Information,DRIVING_LICENCE_GENERAL_GUIDANCE,General Driving Licence Service Guidance,Low,Mixed,FALSE,,SYNTHETIC,DRIVING_LICENCE_GENERAL_GUIDANCE_F03,Medium,FALSE,Driving Licence pilot v0.1 independent synthetic seed; semantically reviewed; do not train before project-wide approval.,MANDATORY,YES,YES,YES,YES,NO,MEDIUM,YES,YES,YES,YES,YES,YES,YES,PASS,"Reviewed independent seed; natural wording, stable intent, correct metadata, and no mutable fact or private value."
DLQ_0156,"learner, renewal আর duplicate-এর মধ্যে আমার প্রয়োজনের service কীভাবে চিনব?",DRIVING_LICENCE,DRIVING_LICENCE_GENERAL,General Driving Licence Information,DRIVING_LICENCE_GENERAL_GUIDANCE,General Driving Licence Service Guidance,Low,Mixed,FALSE,,SYNTHETIC,DRIVING_LICENCE_GENERAL_GUIDANCE_F04,Hard,FALSE,Driving Licence pilot v0.1 independent synthetic seed; semantically reviewed; do not train before project-wide approval.,MANDATORY,YES,YES,YES,YES,NO,MEDIUM,YES,YES,YES,YES,YES,YES,YES,PASS,"Reviewed independent seed; natural wording, stable intent, correct metadata, and no mutable fact or private value."
DLQ_0157,বিআরটিএ সার্ভিস পোর্টাল না খুললে কী করব?,DRIVING_LICENCE,DRIVING_LICENCE_GENERAL,General Driving Licence Information,DRIVING_LICENCE_PORTAL_UNAVAILABLE,BRTA Service Portal Unavailable,Medium,Formal,FALSE,,SYNTHETIC,DRIVING_LICENCE_PORTAL_UNAVAILABLE_F01,Easy,FALSE,Driving Licence pilot v0.1 independent synthetic seed; semantically reviewed; do not train before project-wide approval.,STANDARD,YES,YES,YES,YES,NO,LOW,YES,YES,YES,YES,YES,YES,YES,PASS,"Reviewed independent seed; natural wording, stable intent, correct metadata, and no mutable fact or private value."
DLQ_0158,BSP website load হচ্ছে না।,DRIVING_LICENCE,DRIVING_LICENCE_GENERAL,General Driving Licence Information,DRIVING_LICENCE_PORTAL_UNAVAILABLE,BRTA Service Portal Unavailable,Medium,Informal,FALSE,,SYNTHETIC,DRIVING_LICENCE_PORTAL_UNAVAILABLE_F02,Medium,FALSE,Driving Licence pilot v0.1 independent synthetic seed; semantically reviewed; do not train before project-wide approval.,STANDARD,YES,YES,YES,YES,NO,LOW,YES,YES,YES,YES,YES,YES,YES,PASS,"Reviewed independent seed; natural wording, stable intent, correct metadata, and no mutable fact or private value."
DLQ_0159,BRTA portal down dekhacche.,DRIVING_LICENCE,DRIVING_LICENCE_GENERAL,General Driving Licence Information,DRIVING_LICENCE_PORTAL_UNAVAILABLE,BRTA Service Portal Unavailable,Medium,Mixed,FALSE,,SYNTHETIC,DRIVING_LICENCE_PORTAL_UNAVAILABLE_F03,Medium,FALSE,Driving Licence pilot v0.1 independent synthetic seed; semantically reviewed; do not train before project-wide approval.,STANDARD,YES,YES,YES,YES,NO,LOW,YES,YES,YES,YES,YES,YES,YES,PASS,"Reviewed independent seed; natural wording, stable intent, correct metadata, and no mutable fact or private value."
DLQ_0160,বিভিন্ন device দিয়ে চেষ্টা করেও service portal-এর কোনো page open হচ্ছে না।,DRIVING_LICENCE,DRIVING_LICENCE_GENERAL,General Driving Licence Information,DRIVING_LICENCE_PORTAL_UNAVAILABLE,BRTA Service Portal Unavailable,Medium,Mixed,FALSE,,SYNTHETIC,DRIVING_LICENCE_PORTAL_UNAVAILABLE_F04,Hard,FALSE,Driving Licence pilot v0.1 independent synthetic seed; semantically reviewed; do not train before project-wide approval.,BOUNDARY,YES,YES,YES,YES,NO,MEDIUM,YES,YES,YES,YES,YES,YES,YES,PASS,"Reviewed independent seed; natural wording, stable intent, correct metadata, and no mutable fact or private value."
