id,text,service,parent_topic_id,parent_topic,query_topic_id,query_topic,priority,language_style,privacy_present,privacy_types,source_type,parent_query_id,difficulty,is_ood,annotation_notes,review_priority,natural_query,passport_context_clear,parent_label_correct,query_topic_correct,more_specific_leaf_available,neighbor_confusion_risk,language_style_correct,priority_correct,difficulty_correct,independent_seed,mutable_fact_safe,privacy_safe,retain_leaf,review_decision,review_notes
PASSQ_0001,নতুন ই-পাসপোর্টের জন্য আবেদন করার পুরো প্রক্রিয়াটি কী?,PASSPORT,PASSPORT_APPLICATION,New Passport Application,PASSPORT_APPLICATION_PROCESS,New Passport Application Process,Low,Formal,FALSE,,SYNTHETIC,PASSPORT_APPLICATION_PROCESS_F01,Easy,FALSE,Passport pilot v0.1 synthetic independent seed; human semantic review required before training.,STANDARD,,,,,,,,,,,,,,,
PASSQ_0002,"প্রথমবার passport করতে চাই, শুরুটা কীভাবে করব?",PASSPORT,PASSPORT_APPLICATION,New Passport Application,PASSPORT_APPLICATION_PROCESS,New Passport Application Process,Low,Informal,FALSE,,SYNTHETIC,PASSPORT_APPLICATION_PROCESS_F02,Medium,FALSE,Passport pilot v0.1 synthetic independent seed; human semantic review required before training.,STANDARD,,,,,,,,,,,,,,,
PASSQ_0003,new e-passport apply korar process ta ki?,PASSPORT,PASSPORT_APPLICATION,New Passport Application,PASSPORT_APPLICATION_PROCESS,New Passport Application Process,Low,Mixed,FALSE,,SYNTHETIC,PASSPORT_APPLICATION_PROCESS_F03,Medium,FALSE,Passport pilot v0.1 synthetic independent seed; human semantic review required before training.,STANDARD,,,,,,,,,,,,,,,
PASSQ_0004,আগে কখনো passport করিনি—কোন step থেকে application শুরু করব?,PASSPORT,PASSPORT_APPLICATION,New Passport Application,PASSPORT_APPLICATION_PROCESS,New Passport Application Process,Low,Mixed,FALSE,,SYNTHETIC,PASSPORT_APPLICATION_PROCESS_F04,Hard,FALSE,Passport pilot v0.1 synthetic independent seed; human semantic review required before training.,BOUNDARY,,,,,,,,,,,,,,,
PASSQ_0005,অনলাইনে ই-পাসপোর্টের আবেদন কীভাবে জমা দেব?,PASSPORT,PASSPORT_APPLICATION,New Passport Application,PASSPORT_APPLICATION_ONLINE,Online Passport Application,Low,Formal,FALSE,,SYNTHETIC,PASSPORT_APPLICATION_ONLINE_F01,Easy,FALSE,Passport pilot v0.1 synthetic independent seed; human semantic review required before training.,STANDARD,,,,,,,,,,,,,,,
PASSQ_0006,passport application online এ fill up করে submit করব কীভাবে?,PASSPORT,PASSPORT_APPLICATION,New Passport Application,PASSPORT_APPLICATION_ONLINE,Online Passport Application,Low,Informal,FALSE,,SYNTHETIC,PASSPORT_APPLICATION_ONLINE_F02,Medium,FALSE,Passport pilot v0.1 synthetic independent seed; human semantic review required before training.,STANDARD,,,,,,,,,,,,,,,
PASSQ_0007,e-passport er online application kothay korte hoy?,PASSPORT,PASSPORT_APPLICATION,New Passport Application,PASSPORT_APPLICATION_ONLINE,Online Passport Application,Low,Mixed,FALSE,,SYNTHETIC,PASSPORT_APPLICATION_ONLINE_F03,Medium,FALSE,Passport pilot v0.1 synthetic independent seed; human semantic review required before training.,STANDARD,,,,,,,,,,,,,,,
PASSQ_0008,"portal account আছে, এখন online passport applicationটা complete করব কীভাবে?",PASSPORT,PASSPORT_APPLICATION,New Passport Application,PASSPORT_APPLICATION_ONLINE,Online Passport Application,Low,Mixed,FALSE,,SYNTHETIC,PASSPORT_APPLICATION_ONLINE_F04,Hard,FALSE,Passport pilot v0.1 synthetic independent seed; human semantic review required before training.,BOUNDARY,,,,,,,,,,,,,,,
PASSQ_0009,ই-পাসপোর্টের আবেদন করার সময় কোন পাসপোর্ট অফিস নির্বাচন করব?,PASSPORT,PASSPORT_APPLICATION,New Passport Application,PASSPORT_APPLICATION_OFFICE_SELECTION,Passport Office Selection,Low,Formal,FALSE,,SYNTHETIC,PASSPORT_APPLICATION_OFFICE_SELECTION_F01,Easy,FALSE,Passport pilot v0.1 synthetic independent seed; human semantic review required before training.,STANDARD,,,,,,,,,,,,,,,
PASSQ_0010,আমার এলাকার জন্য কোন passport office select করতে হবে বুঝছি না।,PASSPORT,PASSPORT_APPLICATION,New Passport Application,PASSPORT_APPLICATION_OFFICE_SELECTION,Passport Office Selection,Low,Informal,FALSE,,SYNTHETIC,PASSPORT_APPLICATION_OFFICE_SELECTION_F02,Medium,FALSE,Passport pilot v0.1 synthetic independent seed; human semantic review required before training.,STANDARD,,,,,,,,,,,,,,,
PASSQ_0011,amar address onujayi kon passport office select korbo?,PASSPORT,PASSPORT_APPLICATION,New Passport Application,PASSPORT_APPLICATION_OFFICE_SELECTION,Passport Office Selection,Low,Mixed,FALSE,,SYNTHETIC,PASSPORT_APPLICATION_OFFICE_SELECTION_F03,Medium,FALSE,Passport pilot v0.1 synthetic independent seed; human semantic review required before training.,STANDARD,,,,,,,,,,,,,,,
PASSQ_0012,application submit করার আগে responsible passport officeটা কীভাবে নির্ধারণ করব?,PASSPORT,PASSPORT_APPLICATION,New Passport Application,PASSPORT_APPLICATION_OFFICE_SELECTION,Passport Office Selection,Low,Mixed,FALSE,,SYNTHETIC,PASSPORT_APPLICATION_OFFICE_SELECTION_F04,Hard,FALSE,Passport pilot v0.1 synthetic independent seed; human semantic review required before training.,BOUNDARY,,,,,,,,,,,,,,,
PASSQ_0013,ই-পাসপোর্ট আবেদনপত্রে কী কী ব্যক্তিগত তথ্য দিতে হয়?,PASSPORT,PASSPORT_APPLICATION,New Passport Application,PASSPORT_APPLICATION_INFORMATION,Passport Application Information,Low,Formal,FALSE,,SYNTHETIC,PASSPORT_APPLICATION_INFORMATION_F01,Easy,FALSE,Passport pilot v0.1 synthetic independent seed; human semantic review required before training.,STANDARD,,,,,,,,,,,,,,,
PASSQ_0014,passport form fill up করতে কোন কোন information লাগবে?,PASSPORT,PASSPORT_APPLICATION,New Passport Application,PASSPORT_APPLICATION_INFORMATION,Passport Application Information,Low,Informal,FALSE,,SYNTHETIC,PASSPORT_APPLICATION_INFORMATION_F02,Medium,FALSE,Passport pilot v0.1 synthetic independent seed; human semantic review required before training.,STANDARD,,,,,,,,,,,,,,,
PASSQ_0015,e-passport application e ki ki info dite hoy?,PASSPORT,PASSPORT_APPLICATION,New Passport Application,PASSPORT_APPLICATION_INFORMATION,Passport Application Information,Low,Mixed,FALSE,,SYNTHETIC,PASSPORT_APPLICATION_INFORMATION_F03,Medium,FALSE,Passport pilot v0.1 synthetic independent seed; human semantic review required before training.,STANDARD,,,,,,,,,,,,,,,
PASSQ_0016,"documents না, form-এর ভেতরে কোন details লিখতে হবে সেটা জানতে চাই।",PASSPORT,PASSPORT_APPLICATION,New Passport Application,PASSPORT_APPLICATION_INFORMATION,Passport Application Information,Low,Mixed,FALSE,,SYNTHETIC,PASSPORT_APPLICATION_INFORMATION_F04,Hard,FALSE,Passport pilot v0.1 synthetic independent seed; human semantic review required before training.,BOUNDARY,,,,,,,,,,,,,,,
PASSQ_0017,ই-পাসপোর্ট আবেদনে কী কী মেয়াদ ও পৃষ্ঠাসংখ্যার অপশন পাওয়া যায়?,PASSPORT,PASSPORT_APPLICATION,New Passport Application,PASSPORT_APPLICATION_PASSPORT_OPTIONS,"Passport Type, Validity and Page Options",Low,Formal,FALSE,,SYNTHETIC,PASSPORT_APPLICATION_PASSPORT_OPTIONS_F01,Easy,FALSE,Passport pilot v0.1 synthetic independent seed; human semantic review required before training.,STANDARD,,,,,,,,,,,,,,,
PASSQ_0018,passport apply করার সময় validity আর page option কীভাবে choose করব?,PASSPORT,PASSPORT_APPLICATION,New Passport Application,PASSPORT_APPLICATION_PASSPORT_OPTIONS,"Passport Type, Validity and Page Options",Low,Informal,FALSE,,SYNTHETIC,PASSPORT_APPLICATION_PASSPORT_OPTIONS_F02,Medium,FALSE,Passport pilot v0.1 synthetic independent seed; human semantic review required before training.,STANDARD,,,,,,,,,,,,,,,
PASSQ_0019,passport er validity o page option gulo ki?,PASSPORT,PASSPORT_APPLICATION,New Passport Application,PASSPORT_APPLICATION_PASSPORT_OPTIONS,"Passport Type, Validity and Page Options",Low,Mixed,FALSE,,SYNTHETIC,PASSPORT_APPLICATION_PASSPORT_OPTIONS_F03,Medium,FALSE,Passport pilot v0.1 synthetic independent seed; human semantic review required before training.,STANDARD,,,,,,,,,,,,,,,
PASSQ_0020,"fee না, application-এর সময় কোন passport option select করা যায় সেটা জানতে চাই।",PASSPORT,PASSPORT_APPLICATION,New Passport Application,PASSPORT_APPLICATION_PASSPORT_OPTIONS,"Passport Type, Validity and Page Options",Low,Mixed,FALSE,,SYNTHETIC,PASSPORT_APPLICATION_PASSPORT_OPTIONS_F04,Hard,FALSE,Passport pilot v0.1 synthetic independent seed; human semantic review required before training.,BOUNDARY,,,,,,,,,,,,,,,
PASSQ_0021,বিদেশে অবস্থান করে নতুন বাংলাদেশি ই-পাসপোর্টের আবেদন কীভাবে করব?,PASSPORT,PASSPORT_APPLICATION,New Passport Application,PASSPORT_APPLICATION_OVERSEAS,New Passport Application From Abroad,Low,Formal,FALSE,,SYNTHETIC,PASSPORT_APPLICATION_OVERSEAS_F01,Easy,FALSE,Passport pilot v0.1 synthetic independent seed; human semantic review required before training.,STANDARD,,,,,,,,,,,,,,,
PASSQ_0022,"আমি abroad থাকি, first passport embassy দিয়ে করতে পারব?",PASSPORT,PASSPORT_APPLICATION,New Passport Application,PASSPORT_APPLICATION_OVERSEAS,New Passport Application From Abroad,Low,Informal,FALSE,,SYNTHETIC,PASSPORT_APPLICATION_OVERSEAS_F02,Medium,FALSE,Passport pilot v0.1 synthetic independent seed; human semantic review required before training.,STANDARD,,,,,,,,,,,,,,,
PASSQ_0023,bidesh theke new Bangladesh passport apply korbo kivabe?,PASSPORT,PASSPORT_APPLICATION,New Passport Application,PASSPORT_APPLICATION_OVERSEAS,New Passport Application From Abroad,Low,Mixed,FALSE,,SYNTHETIC,PASSPORT_APPLICATION_OVERSEAS_F03,Medium,FALSE,Passport pilot v0.1 synthetic independent seed; human semantic review required before training.,STANDARD,,,,,,,,,,,,,,,
PASSQ_0024,আগে passport ছিল না; overseas থেকে new application কোন mission-এর মাধ্যমে করব?,PASSPORT,PASSPORT_APPLICATION,New Passport Application,PASSPORT_APPLICATION_OVERSEAS,New Passport Application From Abroad,Low,Mixed,FALSE,,SYNTHETIC,PASSPORT_APPLICATION_OVERSEAS_F04,Hard,FALSE,Passport pilot v0.1 synthetic independent seed; human semantic review required before training.,BOUNDARY,,,,,,,,,,,,,,,
PASSQ_0025,অফিশিয়াল বা ডিপ্লোম্যাটিক পাসপোর্টের জন্য আবেদন প্রক্রিয়া কী?,PASSPORT,PASSPORT_APPLICATION,New Passport Application,PASSPORT_APPLICATION_OFFICIAL_DIPLOMATIC,Official or Diplomatic Passport Application,Low,Formal,FALSE,,SYNTHETIC,PASSPORT_APPLICATION_OFFICIAL_DIPLOMATIC_F01,Easy,FALSE,Passport pilot v0.1 synthetic independent seed; human semantic review required before training. Mandatory pilot-review leaf.,MANDATORY,,,,,,,,,,,,,,,
PASSQ_0026,government employee হিসেবে official passport apply করব কীভাবে?,PASSPORT,PASSPORT_APPLICATION,New Passport Application,PASSPORT_APPLICATION_OFFICIAL_DIPLOMATIC,Official or Diplomatic Passport Application,Low,Informal,FALSE,,SYNTHETIC,PASSPORT_APPLICATION_OFFICIAL_DIPLOMATIC_F02,Medium,FALSE,Passport pilot v0.1 synthetic independent seed; human semantic review required before training. Mandatory pilot-review leaf.,MANDATORY,,,,,,,,,,,,,,,
PASSQ_0027,diplomatic passport application process ta ki?,PASSPORT,PASSPORT_APPLICATION,New Passport Application,PASSPORT_APPLICATION_OFFICIAL_DIPLOMATIC,Official or Diplomatic Passport Application,Low,Mixed,FALSE,,SYNTHETIC,PASSPORT_APPLICATION_OFFICIAL_DIPLOMATIC_F03,Medium,FALSE,Passport pilot v0.1 synthetic independent seed; human semantic review required before training. Mandatory pilot-review leaf.,MANDATORY,,,,,,,,,,,,,,,
PASSQ_0028,"GO বা NOC-এর list না, official passport-এর application workflow জানতে চাই।",PASSPORT,PASSPORT_APPLICATION,New Passport Application,PASSPORT_APPLICATION_OFFICIAL_DIPLOMATIC,Official or Diplomatic Passport Application,Low,Mixed,FALSE,,SYNTHETIC,PASSPORT_APPLICATION_OFFICIAL_DIPLOMATIC_F04,Hard,FALSE,Passport pilot v0.1 synthetic independent seed; human semantic review required before training. Mandatory pilot-review leaf.,MANDATORY,,,,,,,,,,,,,,,
PASSQ_0029,ই-পাসপোর্ট আবেদনের জন্য সাধারণভাবে কী কী কাগজপত্র প্রয়োজন?,PASSPORT,PASSPORT_DOCUMENTS,Passport Documents and Requirements,PASSPORT_DOCUMENTS_REQUIRED,General Passport Required Documents,Low,Formal,FALSE,,SYNTHETIC,PASSPORT_DOCUMENTS_REQUIRED_F01,Easy,FALSE,Passport pilot v0.1 synthetic independent seed; human semantic review required before training.,STANDARD,,,,,,,,,,,,,,,
PASSQ_0030,passport করতে overall কোন documents লাগবে?,PASSPORT,PASSPORT_DOCUMENTS,Passport Documents and Requirements,PASSPORT_DOCUMENTS_REQUIRED,General Passport Required Documents,Low,Informal,FALSE,,SYNTHETIC,PASSPORT_DOCUMENTS_REQUIRED_F02,Medium,FALSE,Passport pilot v0.1 synthetic independent seed; human semantic review required before training.,STANDARD,,,,,,,,,,,,,,,
PASSQ_0031,passport application er required documents ki ki?,PASSPORT,PASSPORT_DOCUMENTS,Passport Documents and Requirements,PASSPORT_DOCUMENTS_REQUIRED,General Passport Required Documents,Low,Mixed,FALSE,,SYNTHETIC,PASSPORT_DOCUMENTS_REQUIRED_F03,Medium,FALSE,Passport pilot v0.1 synthetic independent seed; human semantic review required before training.,STANDARD,,,,,,,,,,,,,,,
PASSQ_0032,NID নিয়ে আলাদা প্রশ্ন না—পুরো document checklistটা জানতে চাই।,PASSPORT,PASSPORT_DOCUMENTS,Passport Documents and Requirements,PASSPORT_DOCUMENTS_REQUIRED,General Passport Required Documents,Low,Mixed,FALSE,,SYNTHETIC,PASSPORT_DOCUMENTS_REQUIRED_F04,Hard,FALSE,Passport pilot v0.1 synthetic independent seed; human semantic review required before training.,BOUNDARY,,,,,,,,,,,,,,,
PASSQ_0033,ই-পাসপোর্ট করতে জাতীয় পরিচয়পত্র প্রয়োজন কি?,PASSPORT,PASSPORT_DOCUMENTS,Passport Documents and Requirements,PASSPORT_DOCUMENTS_NID_REQUIREMENT,NID Requirement for Passport,Low,Formal,FALSE,,SYNTHETIC,PASSPORT_DOCUMENTS_NID_REQUIREMENT_F01,Easy,FALSE,Passport pilot v0.1 synthetic independent seed; human semantic review required before training.,STANDARD,,,,,,,,,,,,,,,
PASSQ_0034,passport application-এর জন্য NID mandatory নাকি?,PASSPORT,PASSPORT_DOCUMENTS,Passport Documents and Requirements,PASSPORT_DOCUMENTS_NID_REQUIREMENT,NID Requirement for Passport,Low,Informal,FALSE,,SYNTHETIC,PASSPORT_DOCUMENTS_NID_REQUIREMENT_F02,Medium,FALSE,Passport pilot v0.1 synthetic independent seed; human semantic review required before training.,STANDARD,,,,,,,,,,,,,,,
PASSQ_0035,passport korte NID lagbe ki?,PASSPORT,PASSPORT_DOCUMENTS,Passport Documents and Requirements,PASSPORT_DOCUMENTS_NID_REQUIREMENT,NID Requirement for Passport,Low,Mixed,FALSE,,SYNTHETIC,PASSPORT_DOCUMENTS_NID_REQUIREMENT_F03,Medium,FALSE,Passport pilot v0.1 synthetic independent seed; human semantic review required before training.,STANDARD,,,,,,,,,,,,,,,
PASSQ_0036,"general documents না, specifically NID লাগবে কিনা জানতে চাই।",PASSPORT,PASSPORT_DOCUMENTS,Passport Documents and Requirements,PASSPORT_DOCUMENTS_NID_REQUIREMENT,NID Requirement for Passport,Low,Mixed,FALSE,,SYNTHETIC,PASSPORT_DOCUMENTS_NID_REQUIREMENT_F04,Hard,FALSE,Passport pilot v0.1 synthetic independent seed; human semantic review required before training.,BOUNDARY,,,,,,,,,,,,,,,
PASSQ_0037,ই-পাসপোর্ট আবেদনে জন্মনিবন্ধন সনদ ব্যবহার করা যায় কি?,PASSPORT,PASSPORT_DOCUMENTS,Passport Documents and Requirements,PASSPORT_DOCUMENTS_BIRTH_REGISTRATION_REQUIREMENT,Birth Registration Requirement for Passport,Low,Formal,FALSE,,SYNTHETIC,PASSPORT_DOCUMENTS_BIRTH_REGISTRATION_REQUIREMENT_F01,Easy,FALSE,Passport pilot v0.1 synthetic independent seed; human semantic review required before training.,STANDARD,,,,,,,,,,,,,,,
PASSQ_0038,passport করতে birth registration লাগবে?,PASSPORT,PASSPORT_DOCUMENTS,Passport Documents and Requirements,PASSPORT_DOCUMENTS_BIRTH_REGISTRATION_REQUIREMENT,Birth Registration Requirement for Passport,Low,Informal,FALSE,,SYNTHETIC,PASSPORT_DOCUMENTS_BIRTH_REGISTRATION_REQUIREMENT_F02,Medium,FALSE,Passport pilot v0.1 synthetic independent seed; human semantic review required before training.,STANDARD,,,,,,,,,,,,,,,
PASSQ_0039,birth certificate diye passport apply kora jabe?,PASSPORT,PASSPORT_DOCUMENTS,Passport Documents and Requirements,PASSPORT_DOCUMENTS_BIRTH_REGISTRATION_REQUIREMENT,Birth Registration Requirement for Passport,Low,Mixed,FALSE,,SYNTHETIC,PASSPORT_DOCUMENTS_BIRTH_REGISTRATION_REQUIREMENT_F03,Medium,FALSE,Passport pilot v0.1 synthetic independent seed; human semantic review required before training.,STANDARD,,,,,,,,,,,,,,,
PASSQ_0040,NID না থাকলে passport-এর জন্য Birth Registration গ্রহণ করা হয় কি?,PASSPORT,PASSPORT_DOCUMENTS,Passport Documents and Requirements,PASSPORT_DOCUMENTS_BIRTH_REGISTRATION_REQUIREMENT,Birth Registration Requirement for Passport,Low,Mixed,FALSE,,SYNTHETIC,PASSPORT_DOCUMENTS_BIRTH_REGISTRATION_REQUIREMENT_F04,Hard,FALSE,Passport pilot v0.1 synthetic independent seed; human semantic review required before training.,BOUNDARY,,,,,,,,,,,,,,,
PASSQ_0041,পাসপোর্ট পুনরায় ইস্যুর সময় আগের পাসপোর্টটি কি সঙ্গে দিতে হবে?,PASSPORT,PASSPORT_DOCUMENTS,Passport Documents and Requirements,PASSPORT_DOCUMENTS_PREVIOUS_PASSPORT,Previous Passport Document Requirement,Low,Formal,FALSE,,SYNTHETIC,PASSPORT_DOCUMENTS_PREVIOUS_PASSPORT_F01,Easy,FALSE,Passport pilot v0.1 synthetic independent seed; human semantic review required before training.,STANDARD,,,,,,,,,,,,,,,
PASSQ_0042,reissue করতে old passport নিয়ে যেতে হবে?,PASSPORT,PASSPORT_DOCUMENTS,Passport Documents and Requirements,PASSPORT_DOCUMENTS_PREVIOUS_PASSPORT,Previous Passport Document Requirement,Low,Informal,FALSE,,SYNTHETIC,PASSPORT_DOCUMENTS_PREVIOUS_PASSPORT_F02,Medium,FALSE,Passport pilot v0.1 synthetic independent seed; human semantic review required before training.,STANDARD,,,,,,,,,,,,,,,
PASSQ_0043,previous passport document hisebe lagbe ki?,PASSPORT,PASSPORT_DOCUMENTS,Passport Documents and Requirements,PASSPORT_DOCUMENTS_PREVIOUS_PASSPORT,Previous Passport Document Requirement,Low,Mixed,FALSE,,SYNTHETIC,PASSPORT_DOCUMENTS_PREVIOUS_PASSPORT_F03,Medium,FALSE,Passport pilot v0.1 synthetic independent seed; human semantic review required before training.,STANDARD,,,,,,,,,,,,,,,
PASSQ_0044,"reissue process না, existing passportটা supporting document হিসেবে প্রয়োজন কিনা জানতে চাই।",PASSPORT,PASSPORT_DOCUMENTS,Passport Documents and Requirements,PASSPORT_DOCUMENTS_PREVIOUS_PASSPORT,Previous Passport Document Requirement,Low,Mixed,FALSE,,SYNTHETIC,PASSPORT_DOCUMENTS_PREVIOUS_PASSPORT_F04,Hard,FALSE,Passport pilot v0.1 synthetic independent seed; human semantic review required before training.,BOUNDARY,,,,,,,,,,,,,,,
PASSQ_0045,অপ্রাপ্তবয়স্ক শিশুর পাসপোর্টের জন্য কী কী কাগজপত্র লাগে?,PASSPORT,PASSPORT_DOCUMENTS,Passport Documents and Requirements,PASSPORT_DOCUMENTS_MINOR_APPLICANT,Documents for Minor Passport Applicant,Low,Formal,FALSE,,SYNTHETIC,PASSPORT_DOCUMENTS_MINOR_APPLICANT_F01,Easy,FALSE,Passport pilot v0.1 synthetic independent seed; human semantic review required before training.,STANDARD,,,,,,,,,,,,,,,
PASSQ_0046,আমার বাচ্চার passport করতে কোন documents লাগবে?,PASSPORT,PASSPORT_DOCUMENTS,Passport Documents and Requirements,PASSPORT_DOCUMENTS_MINOR_APPLICANT,Documents for Minor Passport Applicant,Low,Informal,FALSE,,SYNTHETIC,PASSPORT_DOCUMENTS_MINOR_APPLICANT_F02,Medium,FALSE,Passport pilot v0.1 synthetic independent seed; human semantic review required before training.,STANDARD,,,,,,,,,,,,,,,
PASSQ_0047,minor applicant er passport documents ki ki?,PASSPORT,PASSPORT_DOCUMENTS,Passport Documents and Requirements,PASSPORT_DOCUMENTS_MINOR_APPLICANT,Documents for Minor Passport Applicant,Low,Mixed,FALSE,,SYNTHETIC,PASSPORT_DOCUMENTS_MINOR_APPLICANT_F03,Medium,FALSE,Passport pilot v0.1 synthetic independent seed; human semantic review required before training.,STANDARD,,,,,,,,,,,,,,,
PASSQ_0048,adult applicant না—child passport-এর supporting papers জানতে চাই।,PASSPORT,PASSPORT_DOCUMENTS,Passport Documents and Requirements,PASSPORT_DOCUMENTS_MINOR_APPLICANT,Documents for Minor Passport Applicant,Low,Mixed,FALSE,,SYNTHETIC,PASSPORT_DOCUMENTS_MINOR_APPLICANT_F04,Hard,FALSE,Passport pilot v0.1 synthetic independent seed; human semantic review required before training.,BOUNDARY,,,,,,,,,,,,,,,
PASSQ_0049,ই-পাসপোর্ট এনরোলমেন্টের দিনে কোন কোন কাগজপত্র সঙ্গে নিতে হবে?,PASSPORT,PASSPORT_DOCUMENTS,Passport Documents and Requirements,PASSPORT_DOCUMENTS_ENROLMENT,Documents Required for Passport Enrolment,Low,Formal,FALSE,,SYNTHETIC,PASSPORT_DOCUMENTS_ENROLMENT_F01,Easy,FALSE,Passport pilot v0.1 synthetic independent seed; human semantic review required before training.,STANDARD,,,,,,,,,,,,,,,
PASSQ_0050,biometric দিতে গেলে কী documents নিয়ে যাব?,PASSPORT,PASSPORT_DOCUMENTS,Passport Documents and Requirements,PASSPORT_DOCUMENTS_ENROLMENT,Documents Required for Passport Enrolment,Low,Informal,FALSE,,SYNTHETIC,PASSPORT_DOCUMENTS_ENROLMENT_F02,Medium,FALSE,Passport pilot v0.1 synthetic independent seed; human semantic review required before training.,STANDARD,,,,,,,,,,,,,,,
PASSQ_0051,passport enrolment er din kon papers carry korte hoy?,PASSPORT,PASSPORT_DOCUMENTS,Passport Documents and Requirements,PASSPORT_DOCUMENTS_ENROLMENT,Documents Required for Passport Enrolment,Low,Mixed,FALSE,,SYNTHETIC,PASSPORT_DOCUMENTS_ENROLMENT_F03,Medium,FALSE,Passport pilot v0.1 synthetic independent seed; human semantic review required before training.,STANDARD,,,,,,,,,,,,,,,
PASSQ_0052,"appointment preparation না, specifically enrolment day-এর document list চাই।",PASSPORT,PASSPORT_DOCUMENTS,Passport Documents and Requirements,PASSPORT_DOCUMENTS_ENROLMENT,Documents Required for Passport Enrolment,Low,Mixed,FALSE,,SYNTHETIC,PASSPORT_DOCUMENTS_ENROLMENT_F04,Hard,FALSE,Passport pilot v0.1 synthetic independent seed; human semantic review required before training.,BOUNDARY,,,,,,,,,,,,,,,
PASSQ_0053,পাসপোর্ট আবেদনের প্রয়োজনীয় একটি কাগজ আমার কাছে নেই; কী করব?,PASSPORT,PASSPORT_DOCUMENTS,Passport Documents and Requirements,PASSPORT_DOCUMENTS_MISSING,Missing or Unavailable Passport Document,Medium,Formal,FALSE,,SYNTHETIC,PASSPORT_DOCUMENTS_MISSING_F01,Easy,FALSE,Passport pilot v0.1 synthetic independent seed; human semantic review required before training. Mandatory pilot-review leaf.,MANDATORY,,,,,,,,,,,,,,,
PASSQ_0054,"required passport document একটা missing, এখন application কীভাবে এগোব?",PASSPORT,PASSPORT_DOCUMENTS,Passport Documents and Requirements,PASSPORT_DOCUMENTS_MISSING,Missing or Unavailable Passport Document,Medium,Informal,FALSE,,SYNTHETIC,PASSPORT_DOCUMENTS_MISSING_F02,Medium,FALSE,Passport pilot v0.1 synthetic independent seed; human semantic review required before training. Mandatory pilot-review leaf.,MANDATORY,,,,,,,,,,,,,,,
PASSQ_0055,"passport er ekta dorkarer document nai, ki korbo?",PASSPORT,PASSPORT_DOCUMENTS,Passport Documents and Requirements,PASSPORT_DOCUMENTS_MISSING,Missing or Unavailable Passport Document,Medium,Mixed,FALSE,,SYNTHETIC,PASSPORT_DOCUMENTS_MISSING_F03,Medium,FALSE,Passport pilot v0.1 synthetic independent seed; human semantic review required before training. Mandatory pilot-review leaf.,MANDATORY,,,,,,,,,,,,,,,
PASSQ_0056,passport হারায়নি—supporting document unavailable হলে কী করতে হবে?,PASSPORT,PASSPORT_DOCUMENTS,Passport Documents and Requirements,PASSPORT_DOCUMENTS_MISSING,Missing or Unavailable Passport Document,Medium,Mixed,FALSE,,SYNTHETIC,PASSPORT_DOCUMENTS_MISSING_F04,Hard,FALSE,Passport pilot v0.1 synthetic independent seed; human semantic review required before training. Mandatory pilot-review leaf.,MANDATORY,,,,,,,,,,,,,,,
PASSQ_0057,অফিশিয়াল বা ডিপ্লোম্যাটিক পাসপোর্টের জন্য কী কী সহায়ক কাগজপত্র লাগে?,PASSPORT,PASSPORT_DOCUMENTS,Passport Documents and Requirements,PASSPORT_DOCUMENTS_OFFICIAL_DIPLOMATIC,Official or Diplomatic Passport Documents,Low,Formal,FALSE,,SYNTHETIC,PASSPORT_DOCUMENTS_OFFICIAL_DIPLOMATIC_F01,Easy,FALSE,Passport pilot v0.1 synthetic independent seed; human semantic review required before training. Mandatory pilot-review leaf.,MANDATORY,,,,,,,,,,,,,,,
PASSQ_0058,official passport-এর জন্য GO বা NOC লাগবে কিনা জানতে চাই।,PASSPORT,PASSPORT_DOCUMENTS,Passport Documents and Requirements,PASSPORT_DOCUMENTS_OFFICIAL_DIPLOMATIC,Official or Diplomatic Passport Documents,Low,Informal,FALSE,,SYNTHETIC,PASSPORT_DOCUMENTS_OFFICIAL_DIPLOMATIC_F02,Medium,FALSE,Passport pilot v0.1 synthetic independent seed; human semantic review required before training. Mandatory pilot-review leaf.,MANDATORY,,,,,,,,,,,,,,,
PASSQ_0059,diplomatic passport er supporting documents ki?,PASSPORT,PASSPORT_DOCUMENTS,Passport Documents and Requirements,PASSPORT_DOCUMENTS_OFFICIAL_DIPLOMATIC,Official or Diplomatic Passport Documents,Low,Mixed,FALSE,,SYNTHETIC,PASSPORT_DOCUMENTS_OFFICIAL_DIPLOMATIC_F03,Medium,FALSE,Passport pilot v0.1 synthetic independent seed; human semantic review required before training. Mandatory pilot-review leaf.,MANDATORY,,,,,,,,,,,,,,,
PASSQ_0060,application process না—official passport-এর required administrative papers জানতে চাই।,PASSPORT,PASSPORT_DOCUMENTS,Passport Documents and Requirements,PASSPORT_DOCUMENTS_OFFICIAL_DIPLOMATIC,Official or Diplomatic Passport Documents,Low,Mixed,FALSE,,SYNTHETIC,PASSPORT_DOCUMENTS_OFFICIAL_DIPLOMATIC_F04,Hard,FALSE,Passport pilot v0.1 synthetic independent seed; human semantic review required before training. Mandatory pilot-review leaf.,MANDATORY,,,,,,,,,,,,,,,
PASSQ_0061,ই-পাসপোর্ট অনলাইন সেবার জন্য নতুন অ্যাকাউন্ট কীভাবে তৈরি করব?,PASSPORT,PASSPORT_ONLINE_ACCOUNT,Passport Online Account,PASSPORT_ONLINE_ACCOUNT_REGISTRATION,Passport Online Account Registration,Low,Formal,FALSE,,SYNTHETIC,PASSPORT_ONLINE_ACCOUNT_REGISTRATION_F01,Easy,FALSE,Passport pilot v0.1 synthetic independent seed; human semantic review required before training.,STANDARD,,,,,,,,,,,,,,,
PASSQ_0062,"passport portal-এ account খুলতে চাই, কী করতে হবে?",PASSPORT,PASSPORT_ONLINE_ACCOUNT,Passport Online Account,PASSPORT_ONLINE_ACCOUNT_REGISTRATION,Passport Online Account Registration,Low,Informal,FALSE,,SYNTHETIC,PASSPORT_ONLINE_ACCOUNT_REGISTRATION_F02,Medium,FALSE,Passport pilot v0.1 synthetic independent seed; human semantic review required before training.,STANDARD,,,,,,,,,,,,,,,
PASSQ_0063,e-passport account register korbo kivabe?,PASSPORT,PASSPORT_ONLINE_ACCOUNT,Passport Online Account,PASSPORT_ONLINE_ACCOUNT_REGISTRATION,Passport Online Account Registration,Low,Mixed,FALSE,,SYNTHETIC,PASSPORT_ONLINE_ACCOUNT_REGISTRATION_F03,Medium,FALSE,Passport pilot v0.1 synthetic independent seed; human semantic review required before training.,STANDARD,,,,,,,,,,,,,,,
PASSQ_0064,application submit না—আগে portal account create করতে চাই।,PASSPORT,PASSPORT_ONLINE_ACCOUNT,Passport Online Account,PASSPORT_ONLINE_ACCOUNT_REGISTRATION,Passport Online Account Registration,Low,Mixed,FALSE,,SYNTHETIC,PASSPORT_ONLINE_ACCOUNT_REGISTRATION_F04,Hard,FALSE,Passport pilot v0.1 synthetic independent seed; human semantic review required before training.,BOUNDARY,,,,,,,,,,,,,,,
PASSQ_0065,আমার বিদ্যমান ই-পাসপোর্ট অ্যাকাউন্টে কীভাবে লগইন করব?,PASSPORT,PASSPORT_ONLINE_ACCOUNT,Passport Online Account,PASSPORT_ONLINE_ACCOUNT_LOGIN,Passport Online Account Login,Low,Formal,FALSE,,SYNTHETIC,PASSPORT_ONLINE_ACCOUNT_LOGIN_F01,Easy,FALSE,Passport pilot v0.1 synthetic independent seed; human semantic review required before training.,STANDARD,,,,,,,,,,,,,,,
PASSQ_0066,passport portal login কোথা থেকে করব?,PASSPORT,PASSPORT_ONLINE_ACCOUNT,Passport Online Account,PASSPORT_ONLINE_ACCOUNT_LOGIN,Passport Online Account Login,Low,Informal,FALSE,,SYNTHETIC,PASSPORT_ONLINE_ACCOUNT_LOGIN_F02,Medium,FALSE,Passport pilot v0.1 synthetic independent seed; human semantic review required before training.,STANDARD,,,,,,,,,,,,,,,
PASSQ_0067,e-passport account e sign in korbo kivabe?,PASSPORT,PASSPORT_ONLINE_ACCOUNT,Passport Online Account,PASSPORT_ONLINE_ACCOUNT_LOGIN,Passport Online Account Login,Low,Mixed,FALSE,,SYNTHETIC,PASSPORT_ONLINE_ACCOUNT_LOGIN_F03,Medium,FALSE,Passport pilot v0.1 synthetic independent seed; human semantic review required before training.,STANDARD,,,,,,,,,,,,,,,
PASSQ_0068,password ভুলিনি; শুধু existing account-এ login করার নিয়ম জানতে চাই।,PASSPORT,PASSPORT_ONLINE_ACCOUNT,Passport Online Account,PASSPORT_ONLINE_ACCOUNT_LOGIN,Passport Online Account Login,Low,Mixed,FALSE,,SYNTHETIC,PASSPORT_ONLINE_ACCOUNT_LOGIN_F04,Hard,FALSE,Passport pilot v0.1 synthetic independent seed; human semantic review required before training.,BOUNDARY,,,,,,,,,,,,,,,
PASSQ_0069,ই-পাসপোর্ট অ্যাকাউন্টের পাসওয়ার্ড ভুলে গেলে কীভাবে রিসেট করব?,PASSPORT,PASSPORT_ONLINE_ACCOUNT,Passport Online Account,PASSPORT_ONLINE_ACCOUNT_PASSWORD_RESET,Forgotten Password and Password Reset,Low,Formal,FALSE,,SYNTHETIC,PASSPORT_ONLINE_ACCOUNT_PASSWORD_RESET_F01,Easy,FALSE,Passport pilot v0.1 synthetic independent seed; human semantic review required before training.,STANDARD,,,,,,,,,,,,,,,
PASSQ_0070,"passport portal-এর password মনে নেই, recover করব কীভাবে?",PASSPORT,PASSPORT_ONLINE_ACCOUNT,Passport Online Account,PASSPORT_ONLINE_ACCOUNT_PASSWORD_RESET,Forgotten Password and Password Reset,Low,Informal,FALSE,,SYNTHETIC,PASSPORT_ONLINE_ACCOUNT_PASSWORD_RESET_F02,Medium,FALSE,Passport pilot v0.1 synthetic independent seed; human semantic review required before training.,STANDARD,,,,,,,,,,,,,,,
PASSQ_0071,e-passport password reset korar niyom ki?,PASSPORT,PASSPORT_ONLINE_ACCOUNT,Passport Online Account,PASSPORT_ONLINE_ACCOUNT_PASSWORD_RESET,Forgotten Password and Password Reset,Low,Mixed,FALSE,,SYNTHETIC,PASSPORT_ONLINE_ACCOUNT_PASSWORD_RESET_F03,Medium,FALSE,Passport pilot v0.1 synthetic independent seed; human semantic review required before training.,STANDARD,,,,,,,,,,,,,,,
PASSQ_0072,account আছে কিন্তু password ভুলে গেছি—access ফেরত পেতে কী করব?,PASSPORT,PASSPORT_ONLINE_ACCOUNT,Passport Online Account,PASSPORT_ONLINE_ACCOUNT_PASSWORD_RESET,Forgotten Password and Password Reset,Low,Mixed,FALSE,,SYNTHETIC,PASSPORT_ONLINE_ACCOUNT_PASSWORD_RESET_F04,Hard,FALSE,Passport pilot v0.1 synthetic independent seed; human semantic review required before training.,BOUNDARY,,,,,,,,,,,,,,,
PASSQ_0073,নতুন ই-পাসপোর্ট অ্যাকাউন্ট কীভাবে সক্রিয় করব?,PASSPORT,PASSPORT_ONLINE_ACCOUNT,Passport Online Account,PASSPORT_ONLINE_ACCOUNT_ACTIVATION,Passport Account Activation,Low,Formal,FALSE,,SYNTHETIC,PASSPORT_ONLINE_ACCOUNT_ACTIVATION_F01,Easy,FALSE,Passport pilot v0.1 synthetic independent seed; human semantic review required before training.,STANDARD,,,,,,,,,,,,,,,
PASSQ_0074,"passport account create করেছি, activate করব কীভাবে?",PASSPORT,PASSPORT_ONLINE_ACCOUNT,Passport Online Account,PASSPORT_ONLINE_ACCOUNT_ACTIVATION,Passport Account Activation,Low,Informal,FALSE,,SYNTHETIC,PASSPORT_ONLINE_ACCOUNT_ACTIVATION_F02,Medium,FALSE,Passport pilot v0.1 synthetic independent seed; human semantic review required before training.,STANDARD,,,,,,,,,,,,,,,
PASSQ_0075,e-passport account activation process ta ki?,PASSPORT,PASSPORT_ONLINE_ACCOUNT,Passport Online Account,PASSPORT_ONLINE_ACCOUNT_ACTIVATION,Passport Account Activation,Low,Mixed,FALSE,,SYNTHETIC,PASSPORT_ONLINE_ACCOUNT_ACTIVATION_F03,Medium,FALSE,Passport pilot v0.1 synthetic independent seed; human semantic review required before training.,STANDARD,,,,,,,,,,,,,,,
PASSQ_0076,activation email পেয়েছি; এখন account activate করার next step কী?,PASSPORT,PASSPORT_ONLINE_ACCOUNT,Passport Online Account,PASSPORT_ONLINE_ACCOUNT_ACTIVATION,Passport Account Activation,Low,Mixed,FALSE,,SYNTHETIC,PASSPORT_ONLINE_ACCOUNT_ACTIVATION_F04,Hard,FALSE,Passport pilot v0.1 synthetic independent seed; human semantic review required before training.,BOUNDARY,,,,,,,,,,,,,,,
PASSQ_0077,ই-পাসপোর্ট অ্যাকাউন্ট খোলার পর activation email পাইনি; কী করব?,PASSPORT,PASSPORT_ONLINE_ACCOUNT,Passport Online Account,PASSPORT_ONLINE_ACCOUNT_ACTIVATION_EMAIL_NOT_RECEIVED,Passport Account Activation Email Not Received,Medium,Formal,FALSE,,SYNTHETIC,PASSPORT_ONLINE_ACCOUNT_ACTIVATION_EMAIL_NOT_RECEIVED_F01,Easy,FALSE,Passport pilot v0.1 synthetic independent seed; human semantic review required before training.,STANDARD,,,,,,,,,,,,,,,
PASSQ_0078,passport portal-এ register করেছি কিন্তু verification mail আসেনি।,PASSPORT,PASSPORT_ONLINE_ACCOUNT,Passport Online Account,PASSPORT_ONLINE_ACCOUNT_ACTIVATION_EMAIL_NOT_RECEIVED,Passport Account Activation Email Not Received,Medium,Informal,FALSE,,SYNTHETIC,PASSPORT_ONLINE_ACCOUNT_ACTIVATION_EMAIL_NOT_RECEIVED_F02,Medium,FALSE,Passport pilot v0.1 synthetic independent seed; human semantic review required before training.,STANDARD,,,,,,,,,,,,,,,
PASSQ_0079,"account khulsi but activation email paini, ki korbo?",PASSPORT,PASSPORT_ONLINE_ACCOUNT,Passport Online Account,PASSPORT_ONLINE_ACCOUNT_ACTIVATION_EMAIL_NOT_RECEIVED,Passport Account Activation Email Not Received,Medium,Mixed,FALSE,,SYNTHETIC,PASSPORT_ONLINE_ACCOUNT_ACTIVATION_EMAIL_NOT_RECEIVED_F03,Medium,FALSE,Passport pilot v0.1 synthetic independent seed; human semantic review required before training.,STANDARD,,,,,,,,,,,,,,,
PASSQ_0080,password reset না—new account-এর activation link-টাই email-এ আসছে না।,PASSPORT,PASSPORT_ONLINE_ACCOUNT,Passport Online Account,PASSPORT_ONLINE_ACCOUNT_ACTIVATION_EMAIL_NOT_RECEIVED,Passport Account Activation Email Not Received,Medium,Mixed,FALSE,,SYNTHETIC,PASSPORT_ONLINE_ACCOUNT_ACTIVATION_EMAIL_NOT_RECEIVED_F04,Hard,FALSE,Passport pilot v0.1 synthetic independent seed; human semantic review required before training.,BOUNDARY,,,,,,,,,,,,,,,
PASSQ_0081,ই-পাসপোর্ট অ্যাকাউন্টে নিবন্ধিত ইমেইল ঠিকানা কীভাবে পরিবর্তন করব?,PASSPORT,PASSPORT_ONLINE_ACCOUNT,Passport Online Account,PASSPORT_ONLINE_ACCOUNT_EMAIL_CHANGE,Change Registered Passport Account Email,Low,Formal,FALSE,,SYNTHETIC,PASSPORT_ONLINE_ACCOUNT_EMAIL_CHANGE_F01,Easy,FALSE,Passport pilot v0.1 synthetic independent seed; human semantic review required before training.,STANDARD,,,,,,,,,,,,,,,
PASSQ_0082,passport account-এর old email change করতে চাই।,PASSPORT,PASSPORT_ONLINE_ACCOUNT,Passport Online Account,PASSPORT_ONLINE_ACCOUNT_EMAIL_CHANGE,Change Registered Passport Account Email,Low,Informal,FALSE,,SYNTHETIC,PASSPORT_ONLINE_ACCOUNT_EMAIL_CHANGE_F02,Medium,FALSE,Passport pilot v0.1 synthetic independent seed; human semantic review required before training.,STANDARD,,,,,,,,,,,,,,,
PASSQ_0083,registered email update korbo kivabe passport portal e?,PASSPORT,PASSPORT_ONLINE_ACCOUNT,Passport Online Account,PASSPORT_ONLINE_ACCOUNT_EMAIL_CHANGE,Change Registered Passport Account Email,Low,Mixed,FALSE,,SYNTHETIC,PASSPORT_ONLINE_ACCOUNT_EMAIL_CHANGE_F03,Medium,FALSE,Passport pilot v0.1 synthetic independent seed; human semantic review required before training.,STANDARD,,,,,,,,,,,,,,,
PASSQ_0084,activation mail issue না—account-এর linked emailটাই replace করতে চাই।,PASSPORT,PASSPORT_ONLINE_ACCOUNT,Passport Online Account,PASSPORT_ONLINE_ACCOUNT_EMAIL_CHANGE,Change Registered Passport Account Email,Low,Mixed,FALSE,,SYNTHETIC,PASSPORT_ONLINE_ACCOUNT_EMAIL_CHANGE_F04,Hard,FALSE,Passport pilot v0.1 synthetic independent seed; human semantic review required before training.,BOUNDARY,,,,,,,,,,,,,,,
PASSQ_0085,ই-পাসপোর্ট অ্যাকাউন্টে নিবন্ধিত মোবাইল নম্বর কীভাবে পরিবর্তন করব?,PASSPORT,PASSPORT_ONLINE_ACCOUNT,Passport Online Account,PASSPORT_ONLINE_ACCOUNT_MOBILE_CHANGE,Change Registered Passport Account Mobile Number,Low,Formal,FALSE,,SYNTHETIC,PASSPORT_ONLINE_ACCOUNT_MOBILE_CHANGE_F01,Easy,FALSE,Passport pilot v0.1 synthetic independent seed; human semantic review required before training.,STANDARD,,,,,,,,,,,,,,,
PASSQ_0086,passport portal-এ পুরোনো phone number বদলাতে চাই।,PASSPORT,PASSPORT_ONLINE_ACCOUNT,Passport Online Account,PASSPORT_ONLINE_ACCOUNT_MOBILE_CHANGE,Change Registered Passport Account Mobile Number,Low,Informal,FALSE,,SYNTHETIC,PASSPORT_ONLINE_ACCOUNT_MOBILE_CHANGE_F02,Medium,FALSE,Passport pilot v0.1 synthetic independent seed; human semantic review required before training.,STANDARD,,,,,,,,,,,,,,,
PASSQ_0087,passport account er registered mobile change korbo kivabe?,PASSPORT,PASSPORT_ONLINE_ACCOUNT,Passport Online Account,PASSPORT_ONLINE_ACCOUNT_MOBILE_CHANGE,Change Registered Passport Account Mobile Number,Low,Mixed,FALSE,,SYNTHETIC,PASSPORT_ONLINE_ACCOUNT_MOBILE_CHANGE_F03,Medium,FALSE,Passport pilot v0.1 synthetic independent seed; human semantic review required before training.,STANDARD,,,,,,,,,,,,,,,
PASSQ_0088,application form-এর number না—account-এর linked mobile update করতে চাই।,PASSPORT,PASSPORT_ONLINE_ACCOUNT,Passport Online Account,PASSPORT_ONLINE_ACCOUNT_MOBILE_CHANGE,Change Registered Passport Account Mobile Number,Low,Mixed,FALSE,,SYNTHETIC,PASSPORT_ONLINE_ACCOUNT_MOBILE_CHANGE_F04,Hard,FALSE,Passport pilot v0.1 synthetic independent seed; human semantic review required before training.,BOUNDARY,,,,,,,,,,,,,,,
PASSQ_0089,আমার বিদ্যমান ই-পাসপোর্ট অ্যাকাউন্টে প্রবেশ করতে পারছি না; কী করব?,PASSPORT,PASSPORT_ONLINE_ACCOUNT,Passport Online Account,PASSPORT_ONLINE_ACCOUNT_ACCESS_PROBLEM,Passport Online Account Access Problem,Medium,Formal,FALSE,,SYNTHETIC,PASSPORT_ONLINE_ACCOUNT_ACCESS_PROBLEM_F01,Easy,FALSE,Passport pilot v0.1 synthetic independent seed; human semantic review required before training. Mandatory pilot-review leaf.,MANDATORY,,,,,,,,,,,,,,,
PASSQ_0090,passport account আছে কিন্তু portal-এ ঢুকতে পারছি না।,PASSPORT,PASSPORT_ONLINE_ACCOUNT,Passport Online Account,PASSPORT_ONLINE_ACCOUNT_ACCESS_PROBLEM,Passport Online Account Access Problem,Medium,Informal,FALSE,,SYNTHETIC,PASSPORT_ONLINE_ACCOUNT_ACCESS_PROBLEM_F02,Medium,FALSE,Passport pilot v0.1 synthetic independent seed; human semantic review required before training. Mandatory pilot-review leaf.,MANDATORY,,,,,,,,,,,,,,,
PASSQ_0091,"existing e-passport account access hocche na, ki korbo?",PASSPORT,PASSPORT_ONLINE_ACCOUNT,Passport Online Account,PASSPORT_ONLINE_ACCOUNT_ACCESS_PROBLEM,Passport Online Account Access Problem,Medium,Mixed,FALSE,,SYNTHETIC,PASSPORT_ONLINE_ACCOUNT_ACCESS_PROBLEM_F03,Medium,FALSE,Passport pilot v0.1 synthetic independent seed; human semantic review required before training. Mandatory pilot-review leaf.,MANDATORY,,,,,,,,,,,,,,,
PASSQ_0092,password ভুলে যাইনি বা activation issue নেই—তবুও account open হচ্ছে না।,PASSPORT,PASSPORT_ONLINE_ACCOUNT,Passport Online Account,PASSPORT_ONLINE_ACCOUNT_ACCESS_PROBLEM,Passport Online Account Access Problem,Medium,Mixed,FALSE,,SYNTHETIC,PASSPORT_ONLINE_ACCOUNT_ACCESS_PROBLEM_F04,Hard,FALSE,Passport pilot v0.1 synthetic independent seed; human semantic review required before training. Mandatory pilot-review leaf.,MANDATORY,,,,,,,,,,,,,,,
PASSQ_0093,ই-পাসপোর্ট এনরোলমেন্টের জন্য অ্যাপয়েন্টমেন্ট কীভাবে নির্ধারণ করব?,PASSPORT,PASSPORT_APPOINTMENT_AND_ENROLMENT,Passport Appointment and Enrolment,PASSPORT_APPOINTMENT_SCHEDULING,Passport Appointment Scheduling,Low,Formal,FALSE,,SYNTHETIC,PASSPORT_APPOINTMENT_SCHEDULING_F01,Easy,FALSE,Passport pilot v0.1 synthetic independent seed; human semantic review required before training.,STANDARD,,,,,,,,,,,,,,,
PASSQ_0094,passport appointment book করব কীভাবে?,PASSPORT,PASSPORT_APPOINTMENT_AND_ENROLMENT,Passport Appointment and Enrolment,PASSPORT_APPOINTMENT_SCHEDULING,Passport Appointment Scheduling,Low,Informal,FALSE,,SYNTHETIC,PASSPORT_APPOINTMENT_SCHEDULING_F02,Medium,FALSE,Passport pilot v0.1 synthetic independent seed; human semantic review required before training.,STANDARD,,,,,,,,,,,,,,,
PASSQ_0095,e-passport appointment schedule korbo kivabe?,PASSPORT,PASSPORT_APPOINTMENT_AND_ENROLMENT,Passport Appointment and Enrolment,PASSPORT_APPOINTMENT_SCHEDULING,Passport Appointment Scheduling,Low,Mixed,FALSE,,SYNTHETIC,PASSPORT_APPOINTMENT_SCHEDULING_F03,Medium,FALSE,Passport pilot v0.1 synthetic independent seed; human semantic review required before training.,STANDARD,,,,,,,,,,,,,,,
PASSQ_0096,date already assigned না—নতুন appointment obtain করার নিয়ম জানতে চাই।,PASSPORT,PASSPORT_APPOINTMENT_AND_ENROLMENT,Passport Appointment and Enrolment,PASSPORT_APPOINTMENT_SCHEDULING,Passport Appointment Scheduling,Low,Mixed,FALSE,,SYNTHETIC,PASSPORT_APPOINTMENT_SCHEDULING_F04,Hard,FALSE,Passport pilot v0.1 synthetic independent seed; human semantic review required before training.,BOUNDARY,,,,,,,,,,,,,,,
PASSQ_0097,আমার ই-পাসপোর্ট অ্যাপয়েন্টমেন্টের তারিখ কীভাবে দেখব?,PASSPORT,PASSPORT_APPOINTMENT_AND_ENROLMENT,Passport Appointment and Enrolment,PASSPORT_APPOINTMENT_DATE,Passport Appointment Date,Low,Formal,FALSE,,SYNTHETIC,PASSPORT_APPOINTMENT_DATE_F01,Easy,FALSE,Passport pilot v0.1 synthetic independent seed; human semantic review required before training.,STANDARD,,,,,,,,,,,,,,,
PASSQ_0098,passport appointment কবে সেটা কোথায় check করব?,PASSPORT,PASSPORT_APPOINTMENT_AND_ENROLMENT,Passport Appointment and Enrolment,PASSPORT_APPOINTMENT_DATE,Passport Appointment Date,Low,Informal,FALSE,,SYNTHETIC,PASSPORT_APPOINTMENT_DATE_F02,Medium,FALSE,Passport pilot v0.1 synthetic independent seed; human semantic review required before training.,STANDARD,,,,,,,,,,,,,,,
PASSQ_0099,amar passport appointment date kothay dekhbo?,PASSPORT,PASSPORT_APPOINTMENT_AND_ENROLMENT,Passport Appointment and Enrolment,PASSPORT_APPOINTMENT_DATE,Passport Appointment Date,Low,Mixed,FALSE,,SYNTHETIC,PASSPORT_APPOINTMENT_DATE_F03,Medium,FALSE,Passport pilot v0.1 synthetic independent seed; human semantic review required before training.,STANDARD,,,,,,,,,,,,,,,
PASSQ_0100,নতুন appointment book করতে চাই না—already scheduled dateটা জানতে চাই।,PASSPORT,PASSPORT_APPOINTMENT_AND_ENROLMENT,Passport Appointment and Enrolment,PASSPORT_APPOINTMENT_DATE,Passport Appointment Date,Low,Mixed,FALSE,,SYNTHETIC,PASSPORT_APPOINTMENT_DATE_F04,Hard,FALSE,Passport pilot v0.1 synthetic independent seed; human semantic review required before training.,BOUNDARY,,,,,,,,,,,,,,,
PASSQ_0101,ই-পাসপোর্ট অ্যাপয়েন্টমেন্ট ধাপে সমস্যা হচ্ছে; কী করব?,PASSPORT,PASSPORT_APPOINTMENT_AND_ENROLMENT,Passport Appointment and Enrolment,PASSPORT_APPOINTMENT_PROBLEM,Passport Appointment Problem,Medium,Formal,FALSE,,SYNTHETIC,PASSPORT_APPOINTMENT_PROBLEM_F01,Easy,FALSE,Passport pilot v0.1 synthetic independent seed; human semantic review required before training. Mandatory pilot-review leaf.,MANDATORY,,,,,,,,,,,,,,,
PASSQ_0102,আমার passport appointment ঠিকমতো কাজ করছে না।,PASSPORT,PASSPORT_APPOINTMENT_AND_ENROLMENT,Passport Appointment and Enrolment,PASSPORT_APPOINTMENT_PROBLEM,Passport Appointment Problem,Medium,Informal,FALSE,,SYNTHETIC,PASSPORT_APPOINTMENT_PROBLEM_F02,Medium,FALSE,Passport pilot v0.1 synthetic independent seed; human semantic review required before training. Mandatory pilot-review leaf.,MANDATORY,,,,,,,,,,,,,,,
PASSQ_0103,"passport appointment niye problem hocche, ki korbo?",PASSPORT,PASSPORT_APPOINTMENT_AND_ENROLMENT,Passport Appointment and Enrolment,PASSPORT_APPOINTMENT_PROBLEM,Passport Appointment Problem,Medium,Mixed,FALSE,,SYNTHETIC,PASSPORT_APPOINTMENT_PROBLEM_F03,Medium,FALSE,Passport pilot v0.1 synthetic independent seed; human semantic review required before training. Mandatory pilot-review leaf.,MANDATORY,,,,,,,,,,,,,,,
PASSQ_0104,"login ঠিক আছে এবং date-ও জানি, কিন্তু appointment step complete হচ্ছে না।",PASSPORT,PASSPORT_APPOINTMENT_AND_ENROLMENT,Passport Appointment and Enrolment,PASSPORT_APPOINTMENT_PROBLEM,Passport Appointment Problem,Medium,Mixed,FALSE,,SYNTHETIC,PASSPORT_APPOINTMENT_PROBLEM_F04,Hard,FALSE,Passport pilot v0.1 synthetic independent seed; human semantic review required before training. Mandatory pilot-review leaf.,MANDATORY,,,,,,,,,,,,,,,
PASSQ_0105,পাসপোর্ট অ্যাপয়েন্টমেন্টে যাওয়ার আগে কী কী প্রস্তুতি নিতে হবে?,PASSPORT,PASSPORT_APPOINTMENT_AND_ENROLMENT,Passport Appointment and Enrolment,PASSPORT_APPOINTMENT_REQUIREMENTS,Passport Appointment Attendance Requirements,Low,Formal,FALSE,,SYNTHETIC,PASSPORT_APPOINTMENT_REQUIREMENTS_F01,Easy,FALSE,Passport pilot v0.1 synthetic independent seed; human semantic review required before training.,STANDARD,,,,,,,,,,,,,,,
PASSQ_0106,passport appointment attend করার আগে কী করতে হবে?,PASSPORT,PASSPORT_APPOINTMENT_AND_ENROLMENT,Passport Appointment and Enrolment,PASSPORT_APPOINTMENT_REQUIREMENTS,Passport Appointment Attendance Requirements,Low,Informal,FALSE,,SYNTHETIC,PASSPORT_APPOINTMENT_REQUIREMENTS_F02,Medium,FALSE,Passport pilot v0.1 synthetic independent seed; human semantic review required before training.,STANDARD,,,,,,,,,,,,,,,
PASSQ_0107,appointment e jawar age ki preparation lagbe?,PASSPORT,PASSPORT_APPOINTMENT_AND_ENROLMENT,Passport Appointment and Enrolment,PASSPORT_APPOINTMENT_REQUIREMENTS,Passport Appointment Attendance Requirements,Low,Mixed,FALSE,,SYNTHETIC,PASSPORT_APPOINTMENT_REQUIREMENTS_F03,Medium,FALSE,Passport pilot v0.1 synthetic independent seed; human semantic review required before training.,STANDARD,,,,,,,,,,,,,,,
PASSQ_0108,documents list না—appointment attend করার general requirements জানতে চাই।,PASSPORT,PASSPORT_APPOINTMENT_AND_ENROLMENT,Passport Appointment and Enrolment,PASSPORT_APPOINTMENT_REQUIREMENTS,Passport Appointment Attendance Requirements,Low,Mixed,FALSE,,SYNTHETIC,PASSPORT_APPOINTMENT_REQUIREMENTS_F04,Hard,FALSE,Passport pilot v0.1 synthetic independent seed; human semantic review required before training.,BOUNDARY,,,,,,,,,,,,,,,
PASSQ_0109,ই-পাসপোর্টের শারীরিক এনরোলমেন্ট প্রক্রিয়ায় কী কী হয়?,PASSPORT,PASSPORT_APPOINTMENT_AND_ENROLMENT,Passport Appointment and Enrolment,PASSPORT_ENROLMENT_PROCESS,Passport Enrolment Process,Low,Formal,FALSE,,SYNTHETIC,PASSPORT_ENROLMENT_PROCESS_F01,Easy,FALSE,Passport pilot v0.1 synthetic independent seed; human semantic review required before training.,STANDARD,,,,,,,,,,,,,,,
PASSQ_0110,passport office-এ enrolment করতে গেলে কী process হয়?,PASSPORT,PASSPORT_APPOINTMENT_AND_ENROLMENT,Passport Appointment and Enrolment,PASSPORT_ENROLMENT_PROCESS,Passport Enrolment Process,Low,Informal,FALSE,,SYNTHETIC,PASSPORT_ENROLMENT_PROCESS_F02,Medium,FALSE,Passport pilot v0.1 synthetic independent seed; human semantic review required before training.,STANDARD,,,,,,,,,,,,,,,
PASSQ_0111,e-passport enrolment process ta kivabe hoy?,PASSPORT,PASSPORT_APPOINTMENT_AND_ENROLMENT,Passport Appointment and Enrolment,PASSPORT_ENROLMENT_PROCESS,Passport Enrolment Process,Low,Mixed,FALSE,,SYNTHETIC,PASSPORT_ENROLMENT_PROCESS_F03,Medium,FALSE,Passport pilot v0.1 synthetic independent seed; human semantic review required before training.,STANDARD,,,,,,,,,,,,,,,
PASSQ_0112,biometric-এর specific details না—পুরো physical enrolment stageটা জানতে চাই।,PASSPORT,PASSPORT_APPOINTMENT_AND_ENROLMENT,Passport Appointment and Enrolment,PASSPORT_ENROLMENT_PROCESS,Passport Enrolment Process,Low,Mixed,FALSE,,SYNTHETIC,PASSPORT_ENROLMENT_PROCESS_F04,Hard,FALSE,Passport pilot v0.1 synthetic independent seed; human semantic review required before training.,BOUNDARY,,,,,,,,,,,,,,,
PASSQ_0113,ই-পাসপোর্টের শারীরিক এনরোলমেন্ট কোথায় সম্পন্ন করতে হবে?,PASSPORT,PASSPORT_APPOINTMENT_AND_ENROLMENT,Passport Appointment and Enrolment,PASSPORT_ENROLMENT_LOCATION,Passport Enrolment Location,Low,Formal,FALSE,,SYNTHETIC,PASSPORT_ENROLMENT_LOCATION_F01,Easy,FALSE,Passport pilot v0.1 synthetic independent seed; human semantic review required before training.,STANDARD,,,,,,,,,,,,,,,
PASSQ_0114,passport biometric দিতে কোন জায়গায় যেতে হবে?,PASSPORT,PASSPORT_APPOINTMENT_AND_ENROLMENT,Passport Appointment and Enrolment,PASSPORT_ENROLMENT_LOCATION,Passport Enrolment Location,Low,Informal,FALSE,,SYNTHETIC,PASSPORT_ENROLMENT_LOCATION_F02,Medium,FALSE,Passport pilot v0.1 synthetic independent seed; human semantic review required before training.,STANDARD,,,,,,,,,,,,,,,
PASSQ_0115,passport enrolment location kothay hobe?,PASSPORT,PASSPORT_APPOINTMENT_AND_ENROLMENT,Passport Appointment and Enrolment,PASSPORT_ENROLMENT_LOCATION,Passport Enrolment Location,Low,Mixed,FALSE,,SYNTHETIC,PASSPORT_ENROLMENT_LOCATION_F03,Medium,FALSE,Passport pilot v0.1 synthetic independent seed; human semantic review required before training.,STANDARD,,,,,,,,,,,,,,,
PASSQ_0116,application-এর office select না—এখন physical enrolment-এর জন্য কোথায় যাব জানতে চাই।,PASSPORT,PASSPORT_APPOINTMENT_AND_ENROLMENT,Passport Appointment and Enrolment,PASSPORT_ENROLMENT_LOCATION,Passport Enrolment Location,Low,Mixed,FALSE,,SYNTHETIC,PASSPORT_ENROLMENT_LOCATION_F04,Hard,FALSE,Passport pilot v0.1 synthetic independent seed; human semantic review required before training.,BOUNDARY,,,,,,,,,,,,,,,
PASSQ_0117,ই-পাসপোর্ট বায়োমেট্রিক এনরোলমেন্টে কী কী তথ্য নেওয়া হয়?,PASSPORT,PASSPORT_APPOINTMENT_AND_ENROLMENT,Passport Appointment and Enrolment,PASSPORT_ENROLMENT_BIOMETRICS,Passport Biometric Enrolment,Low,Formal,FALSE,,SYNTHETIC,PASSPORT_ENROLMENT_BIOMETRICS_F01,Easy,FALSE,Passport pilot v0.1 synthetic independent seed; human semantic review required before training.,STANDARD,,,,,,,,,,,,,,,
PASSQ_0118,passport biometric দিতে গেলে আসলে কী হয়?,PASSPORT,PASSPORT_APPOINTMENT_AND_ENROLMENT,Passport Appointment and Enrolment,PASSPORT_ENROLMENT_BIOMETRICS,Passport Biometric Enrolment,Low,Informal,FALSE,,SYNTHETIC,PASSPORT_ENROLMENT_BIOMETRICS_F02,Medium,FALSE,Passport pilot v0.1 synthetic independent seed; human semantic review required before training.,STANDARD,,,,,,,,,,,,,,,
PASSQ_0119,e-passport biometric capture e ki ki ney?,PASSPORT,PASSPORT_APPOINTMENT_AND_ENROLMENT,Passport Appointment and Enrolment,PASSPORT_ENROLMENT_BIOMETRICS,Passport Biometric Enrolment,Low,Mixed,FALSE,,SYNTHETIC,PASSPORT_ENROLMENT_BIOMETRICS_F03,Medium,FALSE,Passport pilot v0.1 synthetic independent seed; human semantic review required before training.,STANDARD,,,,,,,,,,,,,,,
PASSQ_0120,general enrolment না—specifically biometric stage সম্পর্কে জানতে চাই।,PASSPORT,PASSPORT_APPOINTMENT_AND_ENROLMENT,Passport Appointment and Enrolment,PASSPORT_ENROLMENT_BIOMETRICS,Passport Biometric Enrolment,Low,Mixed,FALSE,,SYNTHETIC,PASSPORT_ENROLMENT_BIOMETRICS_F04,Hard,FALSE,Passport pilot v0.1 synthetic independent seed; human semantic review required before training.,BOUNDARY,,,,,,,,,,,,,,,
PASSQ_0121,আগে পাসপোর্ট ছিল; এখন সাধারণভাবে পুনরায় ইস্যু করতে কী করতে হবে?,PASSPORT,PASSPORT_REISSUE,Passport Re-Issue and Replacement,PASSPORT_REISSUE_PROCESS,General Passport Re-Issue Process,Low,Formal,FALSE,,SYNTHETIC,PASSPORT_REISSUE_PROCESS_F01,Easy,FALSE,Passport pilot v0.1 synthetic independent seed; human semantic review required before training.,STANDARD,,,,,,,,,,,,,,,
PASSQ_0122,"passport reissue করতে চাই, processটা কী?",PASSPORT,PASSPORT_REISSUE,Passport Re-Issue and Replacement,PASSPORT_REISSUE_PROCESS,General Passport Re-Issue Process,Low,Informal,FALSE,,SYNTHETIC,PASSPORT_REISSUE_PROCESS_F02,Medium,FALSE,Passport pilot v0.1 synthetic independent seed; human semantic review required before training.,STANDARD,,,,,,,,,,,,,,,
PASSQ_0123,passport reissue korar niyom ki?,PASSPORT,PASSPORT_REISSUE,Passport Re-Issue and Replacement,PASSPORT_REISSUE_PROCESS,General Passport Re-Issue Process,Low,Mixed,FALSE,,SYNTHETIC,PASSPORT_REISSUE_PROCESS_F03,Medium,FALSE,Passport pilot v0.1 synthetic independent seed; human semantic review required before training.,STANDARD,,,,,,,,,,,,,,,
PASSQ_0124,"হারায়নি, নষ্ট হয়নি, expiry বা info change বলছি না—general reissue process জানতে চাই।",PASSPORT,PASSPORT_REISSUE,Passport Re-Issue and Replacement,PASSPORT_REISSUE_PROCESS,General Passport Re-Issue Process,Low,Mixed,FALSE,,SYNTHETIC,PASSPORT_REISSUE_PROCESS_F04,Hard,FALSE,Passport pilot v0.1 synthetic independent seed; human semantic review required before training.,BOUNDARY,,,,,,,,,,,,,,,
PASSQ_0125,আমার পাসপোর্টের মেয়াদ শেষ হয়ে গেছে; পুনরায় ইস্যু কীভাবে করব?,PASSPORT,PASSPORT_REISSUE,Passport Re-Issue and Replacement,PASSPORT_REISSUE_EXPIRY,Expired or Expiring Passport Re-Issue,Low,Formal,FALSE,,SYNTHETIC,PASSPORT_REISSUE_EXPIRY_F01,Easy,FALSE,Passport pilot v0.1 synthetic independent seed; human semantic review required before training.,STANDARD,,,,,,,,,,,,,,,
PASSQ_0126,"passport expire হতে যাচ্ছে, renew/reissue করতে কী হবে?",PASSPORT,PASSPORT_REISSUE,Passport Re-Issue and Replacement,PASSPORT_REISSUE_EXPIRY,Expired or Expiring Passport Re-Issue,Low,Informal,FALSE,,SYNTHETIC,PASSPORT_REISSUE_EXPIRY_F02,Medium,FALSE,Passport pilot v0.1 synthetic independent seed; human semantic review required before training.,STANDARD,,,,,,,,,,,,,,,
PASSQ_0127,expired passport reissue korbo kivabe?,PASSPORT,PASSPORT_REISSUE,Passport Re-Issue and Replacement,PASSPORT_REISSUE_EXPIRY,Expired or Expiring Passport Re-Issue,Low,Mixed,FALSE,,SYNTHETIC,PASSPORT_REISSUE_EXPIRY_F03,Medium,FALSE,Passport pilot v0.1 synthetic independent seed; human semantic review required before training.,STANDARD,,,,,,,,,,,,,,,
PASSQ_0128,passport হারায়নি—শুধু মেয়াদ শেষ হওয়ায় নতুনটা নিতে চাই।,PASSPORT,PASSPORT_REISSUE,Passport Re-Issue and Replacement,PASSPORT_REISSUE_EXPIRY,Expired or Expiring Passport Re-Issue,Low,Mixed,FALSE,,SYNTHETIC,PASSPORT_REISSUE_EXPIRY_F04,Hard,FALSE,Passport pilot v0.1 synthetic independent seed; human semantic review required before training.,BOUNDARY,,,,,,,,,,,,,,,
PASSQ_0129,তথ্য পরিবর্তনসহ পাসপোর্ট পুনরায় ইস্যু করতে কী করতে হবে?,PASSPORT,PASSPORT_REISSUE,Passport Re-Issue and Replacement,PASSPORT_REISSUE_WITH_INFORMATION_CHANGE,Passport Re-Issue With Information Change,Medium,Formal,FALSE,,SYNTHETIC,PASSPORT_REISSUE_WITH_INFORMATION_CHANGE_F01,Easy,FALSE,Passport pilot v0.1 synthetic independent seed; human semantic review required before training.,STANDARD,,,,,,,,,,,,,,,
PASSQ_0130,passport reissue-এর সময় personal information change করতে চাই।,PASSPORT,PASSPORT_REISSUE,Passport Re-Issue and Replacement,PASSPORT_REISSUE_WITH_INFORMATION_CHANGE,Passport Re-Issue With Information Change,Medium,Informal,FALSE,,SYNTHETIC,PASSPORT_REISSUE_WITH_INFORMATION_CHANGE_F02,Medium,FALSE,Passport pilot v0.1 synthetic independent seed; human semantic review required before training.,STANDARD,,,,,,,,,,,,,,,
PASSQ_0131,information change kore passport reissue korbo kivabe?,PASSPORT,PASSPORT_REISSUE,Passport Re-Issue and Replacement,PASSPORT_REISSUE_WITH_INFORMATION_CHANGE,Passport Re-Issue With Information Change,Medium,Mixed,FALSE,,SYNTHETIC,PASSPORT_REISSUE_WITH_INFORMATION_CHANGE_F03,Medium,FALSE,Passport pilot v0.1 synthetic independent seed; human semantic review required before training.,STANDARD,,,,,,,,,,,,,,,
PASSQ_0132,same information না—reissue-এর সঙ্গে passport details update করতে চাই।,PASSPORT,PASSPORT_REISSUE,Passport Re-Issue and Replacement,PASSPORT_REISSUE_WITH_INFORMATION_CHANGE,Passport Re-Issue With Information Change,Medium,Mixed,FALSE,,SYNTHETIC,PASSPORT_REISSUE_WITH_INFORMATION_CHANGE_F04,Hard,FALSE,Passport pilot v0.1 synthetic independent seed; human semantic review required before training.,BOUNDARY,,,,,,,,,,,,,,,
PASSQ_0133,আমার পাসপোর্ট হারিয়ে গেছে; পুনরায় ইস্যু বা replacement কীভাবে পাব?,PASSPORT,PASSPORT_REISSUE,Passport Re-Issue and Replacement,PASSPORT_REISSUE_LOST,Lost Passport Re-Issue,Medium,Formal,FALSE,,SYNTHETIC,PASSPORT_REISSUE_LOST_F01,Easy,FALSE,Passport pilot v0.1 synthetic independent seed; human semantic review required before training.,STANDARD,,,,,,,,,,,,,,,
PASSQ_0134,"passport খুঁজে পাচ্ছি না, নতুনটা করতে কী হবে?",PASSPORT,PASSPORT_REISSUE,Passport Re-Issue and Replacement,PASSPORT_REISSUE_LOST,Lost Passport Re-Issue,Medium,Informal,FALSE,,SYNTHETIC,PASSPORT_REISSUE_LOST_F02,Medium,FALSE,Passport pilot v0.1 synthetic independent seed; human semantic review required before training.,STANDARD,,,,,,,,,,,,,,,
PASSQ_0135,"passport hariye geche, reissue korbo kivabe?",PASSPORT,PASSPORT_REISSUE,Passport Re-Issue and Replacement,PASSPORT_REISSUE_LOST,Lost Passport Re-Issue,Medium,Mixed,FALSE,,SYNTHETIC,PASSPORT_REISSUE_LOST_F03,Medium,FALSE,Passport pilot v0.1 synthetic independent seed; human semantic review required before training.,STANDARD,,,,,,,,,,,,,,,
PASSQ_0136,"delivery slip না—passportটিই missing, replacement দরকার।",PASSPORT,PASSPORT_REISSUE,Passport Re-Issue and Replacement,PASSPORT_REISSUE_LOST,Lost Passport Re-Issue,Medium,Mixed,FALSE,,SYNTHETIC,PASSPORT_REISSUE_LOST_F04,Hard,FALSE,Passport pilot v0.1 synthetic independent seed; human semantic review required before training.,BOUNDARY,,,,,,,,,,,,,,,
PASSQ_0137,আমার পাসপোর্ট চুরি হয়েছে; replacement পেতে কী করতে হবে?,PASSPORT,PASSPORT_REISSUE,Passport Re-Issue and Replacement,PASSPORT_REISSUE_STOLEN,Stolen Passport Re-Issue,Medium,Formal,FALSE,,SYNTHETIC,PASSPORT_REISSUE_STOLEN_F01,Easy,FALSE,Passport pilot v0.1 synthetic independent seed; human semantic review required before training.,STANDARD,,,,,,,,,,,,,,,
PASSQ_0138,"passport stolen হয়েছে, এখন reissue করব কীভাবে?",PASSPORT,PASSPORT_REISSUE,Passport Re-Issue and Replacement,PASSPORT_REISSUE_STOLEN,Stolen Passport Re-Issue,Medium,Informal,FALSE,,SYNTHETIC,PASSPORT_REISSUE_STOLEN_F02,Medium,FALSE,Passport pilot v0.1 synthetic independent seed; human semantic review required before training.,STANDARD,,,,,,,,,,,,,,,
PASSQ_0139,"passport churi hoye geche, notun ta kivabe pabo?",PASSPORT,PASSPORT_REISSUE,Passport Re-Issue and Replacement,PASSPORT_REISSUE_STOLEN,Stolen Passport Re-Issue,Medium,Mixed,FALSE,,SYNTHETIC,PASSPORT_REISSUE_STOLEN_F03,Medium,FALSE,Passport pilot v0.1 synthetic independent seed; human semantic review required before training.,STANDARD,,,,,,,,,,,,,,,
PASSQ_0140,হারিয়ে ফেলিনি—passportটা stolen হয়েছে এবং replacement চাই।,PASSPORT,PASSPORT_REISSUE,Passport Re-Issue and Replacement,PASSPORT_REISSUE_STOLEN,Stolen Passport Re-Issue,Medium,Mixed,FALSE,,SYNTHETIC,PASSPORT_REISSUE_STOLEN_F04,Hard,FALSE,Passport pilot v0.1 synthetic independent seed; human semantic review required before training.,BOUNDARY,,,,,,,,,,,,,,,
PASSQ_0141,আমার পাসপোর্ট নষ্ট হয়ে গেছে; পুনরায় ইস্যু কীভাবে করব?,PASSPORT,PASSPORT_REISSUE,Passport Re-Issue and Replacement,PASSPORT_REISSUE_DAMAGED,Damaged Passport Re-Issue,Medium,Formal,FALSE,,SYNTHETIC,PASSPORT_REISSUE_DAMAGED_F01,Easy,FALSE,Passport pilot v0.1 synthetic independent seed; human semantic review required before training.,STANDARD,,,,,,,,,,,,,,,
PASSQ_0142,"passport ছিঁড়ে গেছে, replacement পেতে কী করতে হবে?",PASSPORT,PASSPORT_REISSUE,Passport Re-Issue and Replacement,PASSPORT_REISSUE_DAMAGED,Damaged Passport Re-Issue,Medium,Informal,FALSE,,SYNTHETIC,PASSPORT_REISSUE_DAMAGED_F02,Medium,FALSE,Passport pilot v0.1 synthetic independent seed; human semantic review required before training.,STANDARD,,,,,,,,,,,,,,,
PASSQ_0143,damaged passport reissue korbo kivabe?,PASSPORT,PASSPORT_REISSUE,Passport Re-Issue and Replacement,PASSPORT_REISSUE_DAMAGED,Damaged Passport Re-Issue,Medium,Mixed,FALSE,,SYNTHETIC,PASSPORT_REISSUE_DAMAGED_F03,Medium,FALSE,Passport pilot v0.1 synthetic independent seed; human semantic review required before training.,STANDARD,,,,,,,,,,,,,,,
PASSQ_0144,passport আছে কিন্তু usable না—damage-এর কারণে নতুনটা দরকার।,PASSPORT,PASSPORT_REISSUE,Passport Re-Issue and Replacement,PASSPORT_REISSUE_DAMAGED,Damaged Passport Re-Issue,Medium,Mixed,FALSE,,SYNTHETIC,PASSPORT_REISSUE_DAMAGED_F04,Hard,FALSE,Passport pilot v0.1 synthetic independent seed; human semantic review required before training.,BOUNDARY,,,,,,,,,,,,,,,
PASSQ_0145,কোনো তথ্য পরিবর্তন না করে পাসপোর্ট পুনরায় ইস্যু কীভাবে করব?,PASSPORT,PASSPORT_REISSUE,Passport Re-Issue and Replacement,PASSPORT_REISSUE_WITHOUT_INFORMATION_CHANGE,Passport Re-Issue Without Information Change,Low,Formal,FALSE,,SYNTHETIC,PASSPORT_REISSUE_WITHOUT_INFORMATION_CHANGE_F01,Easy,FALSE,Passport pilot v0.1 synthetic independent seed; human semantic review required before training.,STANDARD,,,,,,,,,,,,,,,
PASSQ_0146,"সব details same থাকবে, শুধু passport reissue করতে চাই।",PASSPORT,PASSPORT_REISSUE,Passport Re-Issue and Replacement,PASSPORT_REISSUE_WITHOUT_INFORMATION_CHANGE,Passport Re-Issue Without Information Change,Low,Informal,FALSE,,SYNTHETIC,PASSPORT_REISSUE_WITHOUT_INFORMATION_CHANGE_F02,Medium,FALSE,Passport pilot v0.1 synthetic independent seed; human semantic review required before training.,STANDARD,,,,,,,,,,,,,,,
PASSQ_0147,same information diye passport reissue korbo kivabe?,PASSPORT,PASSPORT_REISSUE,Passport Re-Issue and Replacement,PASSPORT_REISSUE_WITHOUT_INFORMATION_CHANGE,Passport Re-Issue Without Information Change,Low,Mixed,FALSE,,SYNTHETIC,PASSPORT_REISSUE_WITHOUT_INFORMATION_CHANGE_F03,Medium,FALSE,Passport pilot v0.1 synthetic independent seed; human semantic review required before training.,STANDARD,,,,,,,,,,,,,,,
PASSQ_0148,personal info change করব না—existing details রেখেই reissue চাই।,PASSPORT,PASSPORT_REISSUE,Passport Re-Issue and Replacement,PASSPORT_REISSUE_WITHOUT_INFORMATION_CHANGE,Passport Re-Issue Without Information Change,Low,Mixed,FALSE,,SYNTHETIC,PASSPORT_REISSUE_WITHOUT_INFORMATION_CHANGE_F04,Hard,FALSE,Passport pilot v0.1 synthetic independent seed; human semantic review required before training.,BOUNDARY,,,,,,,,,,,,,,,
PASSQ_0149,বিদেশে অবস্থান করে আমার বর্তমান বাংলাদেশি পাসপোর্ট পুনরায় ইস্যু কীভাবে করব?,PASSPORT,PASSPORT_REISSUE,Passport Re-Issue and Replacement,PASSPORT_REISSUE_OVERSEAS,Passport Re-Issue From Abroad,Low,Formal,FALSE,,SYNTHETIC,PASSPORT_REISSUE_OVERSEAS_F01,Easy,FALSE,Passport pilot v0.1 synthetic independent seed; human semantic review required before training.,STANDARD,,,,,,,,,,,,,,,
PASSQ_0150,abroad থেকে existing passport renew/reissue করতে চাই।,PASSPORT,PASSPORT_REISSUE,Passport Re-Issue and Replacement,PASSPORT_REISSUE_OVERSEAS,Passport Re-Issue From Abroad,Low,Informal,FALSE,,SYNTHETIC,PASSPORT_REISSUE_OVERSEAS_F02,Medium,FALSE,Passport pilot v0.1 synthetic independent seed; human semantic review required before training.,STANDARD,,,,,,,,,,,,,,,
PASSQ_0151,bidesh theke Bangladesh passport reissue korbo kivabe?,PASSPORT,PASSPORT_REISSUE,Passport Re-Issue and Replacement,PASSPORT_REISSUE_OVERSEAS,Passport Re-Issue From Abroad,Low,Mixed,FALSE,,SYNTHETIC,PASSPORT_REISSUE_OVERSEAS_F03,Medium,FALSE,Passport pilot v0.1 synthetic independent seed; human semantic review required before training.,STANDARD,,,,,,,,,,,,,,,
PASSQ_0152,"first passport না—আগের passport আছে, overseas থেকে reissue দরকার।",PASSPORT,PASSPORT_REISSUE,Passport Re-Issue and Replacement,PASSPORT_REISSUE_OVERSEAS,Passport Re-Issue From Abroad,Low,Mixed,FALSE,,SYNTHETIC,PASSPORT_REISSUE_OVERSEAS_F04,Hard,FALSE,Passport pilot v0.1 synthetic independent seed; human semantic review required before training.,BOUNDARY,,,,,,,,,,,,,,,
PASSQ_0153,বাংলাদেশ ই-পাসপোর্টের সাধারণ ফি কত?,PASSPORT,PASSPORT_FEES_AND_PAYMENT,Passport Fees and Payment,PASSPORT_FEES_INFORMATION,Passport Fee Information,Low,Formal,FALSE,,SYNTHETIC,PASSPORT_FEES_INFORMATION_F01,Easy,FALSE,Passport pilot v0.1 synthetic independent seed; human semantic review required before training.,STANDARD,,,,,,,,,,,,,,,
PASSQ_0154,passport করতে মোট fee কত লাগে?,PASSPORT,PASSPORT_FEES_AND_PAYMENT,Passport Fees and Payment,PASSPORT_FEES_INFORMATION,Passport Fee Information,Low,Informal,FALSE,,SYNTHETIC,PASSPORT_FEES_INFORMATION_F02,Medium,FALSE,Passport pilot v0.1 synthetic independent seed; human semantic review required before training.,STANDARD,,,,,,,,,,,,,,,
PASSQ_0155,e-passport er fee koto?,PASSPORT,PASSPORT_FEES_AND_PAYMENT,Passport Fees and Payment,PASSPORT_FEES_INFORMATION,Passport Fee Information,Low,Mixed,FALSE,,SYNTHETIC,PASSPORT_FEES_INFORMATION_F03,Medium,FALSE,Passport pilot v0.1 synthetic independent seed; human semantic review required before training.,STANDARD,,,,,,,,,,,,,,,
PASSQ_0156,payment method না—passport service-এর charge কত সেটা জানতে চাই।,PASSPORT,PASSPORT_FEES_AND_PAYMENT,Passport Fees and Payment,PASSPORT_FEES_INFORMATION,Passport Fee Information,Low,Mixed,FALSE,,SYNTHETIC,PASSPORT_FEES_INFORMATION_F04,Hard,FALSE,Passport pilot v0.1 synthetic independent seed; human semantic review required before training.,BOUNDARY,,,,,,,,,,,,,,,
PASSQ_0157,ই-পাসপোর্টের ফি কীভাবে পরিশোধ করা যায়?,PASSPORT,PASSPORT_FEES_AND_PAYMENT,Passport Fees and Payment,PASSPORT_PAYMENT_METHOD,Passport Payment Method,Low,Formal,FALSE,,SYNTHETIC,PASSPORT_PAYMENT_METHOD_F01,Easy,FALSE,Passport pilot v0.1 synthetic independent seed; human semantic review required before training.,STANDARD,,,,,,,,,,,,,,,
PASSQ_0158,passport fee pay করার কী কী method আছে?,PASSPORT,PASSPORT_FEES_AND_PAYMENT,Passport Fees and Payment,PASSPORT_PAYMENT_METHOD,Passport Payment Method,Low,Informal,FALSE,,SYNTHETIC,PASSPORT_PAYMENT_METHOD_F02,Medium,FALSE,Passport pilot v0.1 synthetic independent seed; human semantic review required before training.,STANDARD,,,,,,,,,,,,,,,
PASSQ_0159,passport payment korbo kivabe?,PASSPORT,PASSPORT_FEES_AND_PAYMENT,Passport Fees and Payment,PASSPORT_PAYMENT_METHOD,Passport Payment Method,Low,Mixed,FALSE,,SYNTHETIC,PASSPORT_PAYMENT_METHOD_F03,Medium,FALSE,Passport pilot v0.1 synthetic independent seed; human semantic review required before training.,STANDARD,,,,,,,,,,,,,,,
PASSQ_0160,fee amount জানি; এখন online বা offline কীভাবে payment করব জানতে চাই।,PASSPORT,PASSPORT_FEES_AND_PAYMENT,Passport Fees and Payment,PASSPORT_PAYMENT_METHOD,Passport Payment Method,Low,Mixed,FALSE,,SYNTHETIC,PASSPORT_PAYMENT_METHOD_F04,Hard,FALSE,Passport pilot v0.1 synthetic independent seed; human semantic review required before training.,BOUNDARY,,,,,,,,,,,,,,,
PASSQ_0161,আমার ই-পাসপোর্ট ফি সফলভাবে জমা হয়েছে কি না কীভাবে যাচাই করব?,PASSPORT,PASSPORT_FEES_AND_PAYMENT,Passport Fees and Payment,PASSPORT_PAYMENT_CONFIRMATION,Passport Payment Confirmation,Low,Formal,FALSE,,SYNTHETIC,PASSPORT_PAYMENT_CONFIRMATION_F01,Easy,FALSE,Passport pilot v0.1 synthetic independent seed; human semantic review required before training.,STANDARD,,,,,,,,,,,,,,,
PASSQ_0162,passport payment successful হয়েছে কিনা check করব কীভাবে?,PASSPORT,PASSPORT_FEES_AND_PAYMENT,Passport Fees and Payment,PASSPORT_PAYMENT_CONFIRMATION,Passport Payment Confirmation,Low,Informal,FALSE,,SYNTHETIC,PASSPORT_PAYMENT_CONFIRMATION_F02,Medium,FALSE,Passport pilot v0.1 synthetic independent seed; human semantic review required before training.,STANDARD,,,,,,,,,,,,,,,
PASSQ_0163,passport payment confirm hoise kina kivabe janbo?,PASSPORT,PASSPORT_FEES_AND_PAYMENT,Passport Fees and Payment,PASSPORT_PAYMENT_CONFIRMATION,Passport Payment Confirmation,Low,Mixed,FALSE,,SYNTHETIC,PASSPORT_PAYMENT_CONFIRMATION_F03,Medium,FALSE,Passport pilot v0.1 synthetic independent seed; human semantic review required before training.,STANDARD,,,,,,,,,,,,,,,
PASSQ_0164,failed বলছে না—payment system-এ record হয়েছে কিনা নিশ্চিত হতে চাই।,PASSPORT,PASSPORT_FEES_AND_PAYMENT,Passport Fees and Payment,PASSPORT_PAYMENT_CONFIRMATION,Passport Payment Confirmation,Low,Mixed,FALSE,,SYNTHETIC,PASSPORT_PAYMENT_CONFIRMATION_F04,Hard,FALSE,Passport pilot v0.1 synthetic independent seed; human semantic review required before training.,BOUNDARY,,,,,,,,,,,,,,,
PASSQ_0165,আমার ই-পাসপোর্ট ফি পরিশোধের চেষ্টা ব্যর্থ হয়েছে; কী করব?,PASSPORT,PASSPORT_FEES_AND_PAYMENT,Passport Fees and Payment,PASSPORT_PAYMENT_FAILURE,Passport Payment Failure,Medium,Formal,FALSE,,SYNTHETIC,PASSPORT_PAYMENT_FAILURE_F01,Easy,FALSE,Passport pilot v0.1 synthetic independent seed; human semantic review required before training.,STANDARD,,,,,,,,,,,,,,,
PASSQ_0166,passport payment বারবার fail করছে।,PASSPORT,PASSPORT_FEES_AND_PAYMENT,Passport Fees and Payment,PASSPORT_PAYMENT_FAILURE,Passport Payment Failure,Medium,Informal,FALSE,,SYNTHETIC,PASSPORT_PAYMENT_FAILURE_F02,Medium,FALSE,Passport pilot v0.1 synthetic independent seed; human semantic review required before training.,STANDARD,,,,,,,,,,,,,,,
PASSQ_0167,"passport fee payment fail hocche, ki korbo?",PASSPORT,PASSPORT_FEES_AND_PAYMENT,Passport Fees and Payment,PASSPORT_PAYMENT_FAILURE,Passport Payment Failure,Medium,Mixed,FALSE,,SYNTHETIC,PASSPORT_PAYMENT_FAILURE_F03,Medium,FALSE,Passport pilot v0.1 synthetic independent seed; human semantic review required before training.,STANDARD,,,,,,,,,,,,,,,
PASSQ_0168,টাকা কাটা যায়নি—শুধু transaction unsuccessful দেখাচ্ছে।,PASSPORT,PASSPORT_FEES_AND_PAYMENT,Passport Fees and Payment,PASSPORT_PAYMENT_FAILURE,Passport Payment Failure,Medium,Mixed,FALSE,,SYNTHETIC,PASSPORT_PAYMENT_FAILURE_F04,Hard,FALSE,Passport pilot v0.1 synthetic independent seed; human semantic review required before training.,BOUNDARY,,,,,,,,,,,,,,,
PASSQ_0169,"টাকা কেটে নেওয়া হয়েছে, কিন্তু ই-পাসপোর্ট payment failed দেখাচ্ছে; কী করব?",PASSPORT,PASSPORT_FEES_AND_PAYMENT,Passport Fees and Payment,PASSPORT_PAYMENT_DEDUCTED_BUT_FAILED,Passport Payment Deducted but Transaction Failed,Medium,Formal,FALSE,,SYNTHETIC,PASSPORT_PAYMENT_DEDUCTED_BUT_FAILED_F01,Easy,FALSE,Passport pilot v0.1 synthetic independent seed; human semantic review required before training.,STANDARD,,,,,,,,,,,,,,,
PASSQ_0170,passport fee account থেকে কেটেছে কিন্তু payment successful হয়নি।,PASSPORT,PASSPORT_FEES_AND_PAYMENT,Passport Fees and Payment,PASSPORT_PAYMENT_DEDUCTED_BUT_FAILED,Passport Payment Deducted but Transaction Failed,Medium,Informal,FALSE,,SYNTHETIC,PASSPORT_PAYMENT_DEDUCTED_BUT_FAILED_F02,Medium,FALSE,Passport pilot v0.1 synthetic independent seed; human semantic review required before training.,STANDARD,,,,,,,,,,,,,,,
PASSQ_0171,taka kete niyeche but passport payment failed dekhacche.,PASSPORT,PASSPORT_FEES_AND_PAYMENT,Passport Fees and Payment,PASSPORT_PAYMENT_DEDUCTED_BUT_FAILED,Passport Payment Deducted but Transaction Failed,Medium,Mixed,FALSE,,SYNTHETIC,PASSPORT_PAYMENT_DEDUCTED_BUT_FAILED_F03,Medium,FALSE,Passport pilot v0.1 synthetic independent seed; human semantic review required before training.,STANDARD,,,,,,,,,,,,,,,
PASSQ_0172,ordinary failure না—money deducted হয়েছে অথচ transaction record হয়নি।,PASSPORT,PASSPORT_FEES_AND_PAYMENT,Passport Fees and Payment,PASSPORT_PAYMENT_DEDUCTED_BUT_FAILED,Passport Payment Deducted but Transaction Failed,Medium,Mixed,FALSE,,SYNTHETIC,PASSPORT_PAYMENT_DEDUCTED_BUT_FAILED_F04,Hard,FALSE,Passport pilot v0.1 synthetic independent seed; human semantic review required before training.,BOUNDARY,,,,,,,,,,,,,,,
PASSQ_0173,ব্যর্থ পাসপোর্ট payment-এর টাকা ফেরত পাওয়ার প্রক্রিয়া কী?,PASSPORT,PASSPORT_FEES_AND_PAYMENT,Passport Fees and Payment,PASSPORT_PAYMENT_REFUND,Passport Payment Refund,Medium,Formal,FALSE,,SYNTHETIC,PASSPORT_PAYMENT_REFUND_F01,Easy,FALSE,Passport pilot v0.1 synthetic independent seed; human semantic review required before training.,STANDARD,,,,,,,,,,,,,,,
PASSQ_0174,passport payment fail হওয়ার পর refund কীভাবে পাব?,PASSPORT,PASSPORT_FEES_AND_PAYMENT,Passport Fees and Payment,PASSPORT_PAYMENT_REFUND,Passport Payment Refund,Medium,Informal,FALSE,,SYNTHETIC,PASSPORT_PAYMENT_REFUND_F02,Medium,FALSE,Passport pilot v0.1 synthetic independent seed; human semantic review required before training.,STANDARD,,,,,,,,,,,,,,,
PASSQ_0175,failed passport payment er taka refund pabo kivabe?,PASSPORT,PASSPORT_FEES_AND_PAYMENT,Passport Fees and Payment,PASSPORT_PAYMENT_REFUND,Passport Payment Refund,Medium,Mixed,FALSE,,SYNTHETIC,PASSPORT_PAYMENT_REFUND_F03,Medium,FALSE,Passport pilot v0.1 synthetic independent seed; human semantic review required before training.,STANDARD,,,,,,,,,,,,,,,
PASSQ_0176,deduction problem already হয়েছে—এখন আমার main question টাকা ফেরত পাওয়ার ব্যাপারে।,PASSPORT,PASSPORT_FEES_AND_PAYMENT,Passport Fees and Payment,PASSPORT_PAYMENT_REFUND,Passport Payment Refund,Medium,Mixed,FALSE,,SYNTHETIC,PASSPORT_PAYMENT_REFUND_F04,Hard,FALSE,Passport pilot v0.1 synthetic independent seed; human semantic review required before training.,BOUNDARY,,,,,,,,,,,,,,,
PASSQ_0177,ই-পাসপোর্ট ফি পরিশোধের রসিদ কোথা থেকে পাব?,PASSPORT,PASSPORT_FEES_AND_PAYMENT,Passport Fees and Payment,PASSPORT_PAYMENT_RECEIPT,Passport Payment Receipt or Slip,Low,Formal,FALSE,,SYNTHETIC,PASSPORT_PAYMENT_RECEIPT_F01,Easy,FALSE,Passport pilot v0.1 synthetic independent seed; human semantic review required before training.,STANDARD,,,,,,,,,,,,,,,
PASSQ_0178,passport payment receipt print করতে চাই।,PASSPORT,PASSPORT_FEES_AND_PAYMENT,Passport Fees and Payment,PASSPORT_PAYMENT_RECEIPT,Passport Payment Receipt or Slip,Low,Informal,FALSE,,SYNTHETIC,PASSPORT_PAYMENT_RECEIPT_F02,Medium,FALSE,Passport pilot v0.1 synthetic independent seed; human semantic review required before training.,STANDARD,,,,,,,,,,,,,,,
PASSQ_0179,passport fee payment slip kothay pabo?,PASSPORT,PASSPORT_FEES_AND_PAYMENT,Passport Fees and Payment,PASSPORT_PAYMENT_RECEIPT,Passport Payment Receipt or Slip,Low,Mixed,FALSE,,SYNTHETIC,PASSPORT_PAYMENT_RECEIPT_F03,Medium,FALSE,Passport pilot v0.1 synthetic independent seed; human semantic review required before training.,STANDARD,,,,,,,,,,,,,,,
PASSQ_0180,payment successful কিনা check না—proof of payment বা receipt দরকার।,PASSPORT,PASSPORT_FEES_AND_PAYMENT,Passport Fees and Payment,PASSPORT_PAYMENT_RECEIPT,Passport Payment Receipt or Slip,Low,Mixed,FALSE,,SYNTHETIC,PASSPORT_PAYMENT_RECEIPT_F04,Hard,FALSE,Passport pilot v0.1 synthetic independent seed; human semantic review required before training.,BOUNDARY,,,,,,,,,,,,,,,
PASSQ_0181,রেগুলার ও এক্সপ্রেস পাসপোর্ট সেবার ফি কত?,PASSPORT,PASSPORT_FEES_AND_PAYMENT,Passport Fees and Payment,PASSPORT_FEES_DELIVERY_CATEGORY,Passport Delivery Category Fee,Low,Formal,FALSE,,SYNTHETIC,PASSPORT_FEES_DELIVERY_CATEGORY_F01,Easy,FALSE,Passport pilot v0.1 synthetic independent seed; human semantic review required before training.,STANDARD,,,,,,,,,,,,,,,
PASSQ_0182,express passport-এর fee কত হয়?,PASSPORT,PASSPORT_FEES_AND_PAYMENT,Passport Fees and Payment,PASSPORT_FEES_DELIVERY_CATEGORY,Passport Delivery Category Fee,Low,Informal,FALSE,,SYNTHETIC,PASSPORT_FEES_DELIVERY_CATEGORY_F02,Medium,FALSE,Passport pilot v0.1 synthetic independent seed; human semantic review required before training.,STANDARD,,,,,,,,,,,,,,,
PASSQ_0183,regular ar express passport fee koto?,PASSPORT,PASSPORT_FEES_AND_PAYMENT,Passport Fees and Payment,PASSPORT_FEES_DELIVERY_CATEGORY,Passport Delivery Category Fee,Low,Mixed,FALSE,,SYNTHETIC,PASSPORT_FEES_DELIVERY_CATEGORY_F03,Medium,FALSE,Passport pilot v0.1 synthetic independent seed; human semantic review required before training.,STANDARD,,,,,,,,,,,,,,,
PASSQ_0184,delivery speed-এর difference না—specifically service category অনুযায়ী price জানতে চাই।,PASSPORT,PASSPORT_FEES_AND_PAYMENT,Passport Fees and Payment,PASSPORT_FEES_DELIVERY_CATEGORY,Passport Delivery Category Fee,Low,Mixed,FALSE,,SYNTHETIC,PASSPORT_FEES_DELIVERY_CATEGORY_F04,Hard,FALSE,Passport pilot v0.1 synthetic independent seed; human semantic review required before training.,BOUNDARY,,,,,,,,,,,,,,,
PASSQ_0185,আমার ই-পাসপোর্ট আবেদনের বর্তমান অবস্থা কীভাবে যাচাই করব?,PASSPORT,PASSPORT_STATUS_AND_DELIVERY,Passport Application Status and Delivery,PASSPORT_APPLICATION_STATUS,Passport Application Status,Low,Formal,FALSE,,SYNTHETIC,PASSPORT_APPLICATION_STATUS_F01,Easy,FALSE,Passport pilot v0.1 synthetic independent seed; human semantic review required before training.,STANDARD,,,,,,,,,,,,,,,
PASSQ_0186,passport application এখন কোন stage-এ আছে দেখব কীভাবে?,PASSPORT,PASSPORT_STATUS_AND_DELIVERY,Passport Application Status and Delivery,PASSPORT_APPLICATION_STATUS,Passport Application Status,Low,Informal,FALSE,,SYNTHETIC,PASSPORT_APPLICATION_STATUS_F02,Medium,FALSE,Passport pilot v0.1 synthetic independent seed; human semantic review required before training.,STANDARD,,,,,,,,,,,,,,,
PASSQ_0187,passport application er status check korbo kivabe?,PASSPORT,PASSPORT_STATUS_AND_DELIVERY,Passport Application Status and Delivery,PASSPORT_APPLICATION_STATUS,Passport Application Status,Low,Mixed,FALSE,,SYNTHETIC,PASSPORT_APPLICATION_STATUS_F03,Medium,FALSE,Passport pilot v0.1 synthetic independent seed; human semantic review required before training.,STANDARD,,,,,,,,,,,,,,,
PASSQ_0188,delay complaint না—শুধু current application stage বা approval state জানতে চাই।,PASSPORT,PASSPORT_STATUS_AND_DELIVERY,Passport Application Status and Delivery,PASSPORT_APPLICATION_STATUS,Passport Application Status,Low,Mixed,FALSE,,SYNTHETIC,PASSPORT_APPLICATION_STATUS_F04,Hard,FALSE,Passport pilot v0.1 synthetic independent seed; human semantic review required before training.,BOUNDARY,,,,,,,,,,,,,,,
PASSQ_0189,আমার ই-পাসপোর্ট আবেদন অস্বাভাবিকভাবে দেরি হচ্ছে; কী করব?,PASSPORT,PASSPORT_STATUS_AND_DELIVERY,Passport Application Status and Delivery,PASSPORT_APPLICATION_DELAY,Passport Application Delay,Medium,Formal,FALSE,,SYNTHETIC,PASSPORT_APPLICATION_DELAY_F01,Easy,FALSE,Passport pilot v0.1 synthetic independent seed; human semantic review required before training. Mandatory pilot-review leaf.,MANDATORY,,,,,,,,,,,,,,,
PASSQ_0190,passport application অনেকদিন ধরে same stage-এ stuck।,PASSPORT,PASSPORT_STATUS_AND_DELIVERY,Passport Application Status and Delivery,PASSPORT_APPLICATION_DELAY,Passport Application Delay,Medium,Informal,FALSE,,SYNTHETIC,PASSPORT_APPLICATION_DELAY_F02,Medium,FALSE,Passport pilot v0.1 synthetic independent seed; human semantic review required before training. Mandatory pilot-review leaf.,MANDATORY,,,,,,,,,,,,,,,
PASSQ_0191,"amar passport onekdin dhore pending, ki korbo?",PASSPORT,PASSPORT_STATUS_AND_DELIVERY,Passport Application Status and Delivery,PASSPORT_APPLICATION_DELAY,Passport Application Delay,Medium,Mixed,FALSE,,SYNTHETIC,PASSPORT_APPLICATION_DELAY_F03,Medium,FALSE,Passport pilot v0.1 synthetic independent seed; human semantic review required before training. Mandatory pilot-review leaf.,MANDATORY,,,,,,,,,,,,,,,
PASSQ_0192,status শুধু জানতে চাই না—application expected সময়ের চেয়ে অনেক বেশি delay হচ্ছে।,PASSPORT,PASSPORT_STATUS_AND_DELIVERY,Passport Application Status and Delivery,PASSPORT_APPLICATION_DELAY,Passport Application Delay,Medium,Mixed,FALSE,,SYNTHETIC,PASSPORT_APPLICATION_DELAY_F04,Hard,FALSE,Passport pilot v0.1 synthetic independent seed; human semantic review required before training. Mandatory pilot-review leaf.,MANDATORY,,,,,,,,,,,,,,,
PASSQ_0193,সাধারণভাবে ই-পাসপোর্ট প্রক্রিয়াকরণে কত সময় লাগে?,PASSPORT,PASSPORT_STATUS_AND_DELIVERY,Passport Application Status and Delivery,PASSPORT_PROCESSING_TIME,Passport Processing Time,Low,Formal,FALSE,,SYNTHETIC,PASSPORT_PROCESSING_TIME_F01,Easy,FALSE,Passport pilot v0.1 synthetic independent seed; human semantic review required before training.,STANDARD,,,,,,,,,,,,,,,
PASSQ_0194,passport হতে normally কতদিন লাগে?,PASSPORT,PASSPORT_STATUS_AND_DELIVERY,Passport Application Status and Delivery,PASSPORT_PROCESSING_TIME,Passport Processing Time,Low,Informal,FALSE,,SYNTHETIC,PASSPORT_PROCESSING_TIME_F02,Medium,FALSE,Passport pilot v0.1 synthetic independent seed; human semantic review required before training.,STANDARD,,,,,,,,,,,,,,,
PASSQ_0195,passport processing time normally koto?,PASSPORT,PASSPORT_STATUS_AND_DELIVERY,Passport Application Status and Delivery,PASSPORT_PROCESSING_TIME,Passport Processing Time,Low,Mixed,FALSE,,SYNTHETIC,PASSPORT_PROCESSING_TIME_F03,Medium,FALSE,Passport pilot v0.1 synthetic independent seed; human semantic review required before training.,STANDARD,,,,,,,,,,,,,,,
PASSQ_0196,আমার specific case delayed না—usual processing duration জানতে চাই।,PASSPORT,PASSPORT_STATUS_AND_DELIVERY,Passport Application Status and Delivery,PASSPORT_PROCESSING_TIME,Passport Processing Time,Low,Mixed,FALSE,,SYNTHETIC,PASSPORT_PROCESSING_TIME_F04,Hard,FALSE,Passport pilot v0.1 synthetic independent seed; human semantic review required before training.,BOUNDARY,,,,,,,,,,,,,,,
PASSQ_0197,"রেগুলার, এক্সপ্রেস ও অন্যান্য পাসপোর্ট processing category-এর পার্থক্য কী?",PASSPORT,PASSPORT_STATUS_AND_DELIVERY,Passport Application Status and Delivery,PASSPORT_DELIVERY_CATEGORY,Passport Delivery or Processing Category,Low,Formal,FALSE,,SYNTHETIC,PASSPORT_DELIVERY_CATEGORY_F01,Easy,FALSE,Passport pilot v0.1 synthetic independent seed; human semantic review required before training.,STANDARD,,,,,,,,,,,,,,,
PASSQ_0198,passport-এর regular আর express service কীভাবে আলাদা?,PASSPORT,PASSPORT_STATUS_AND_DELIVERY,Passport Application Status and Delivery,PASSPORT_DELIVERY_CATEGORY,Passport Delivery or Processing Category,Low,Informal,FALSE,,SYNTHETIC,PASSPORT_DELIVERY_CATEGORY_F02,Medium,FALSE,Passport pilot v0.1 synthetic independent seed; human semantic review required before training.,STANDARD,,,,,,,,,,,,,,,
PASSQ_0199,passport delivery category gulo ki ki?,PASSPORT,PASSPORT_STATUS_AND_DELIVERY,Passport Application Status and Delivery,PASSPORT_DELIVERY_CATEGORY,Passport Delivery or Processing Category,Low,Mixed,FALSE,,SYNTHETIC,PASSPORT_DELIVERY_CATEGORY_F03,Medium,FALSE,Passport pilot v0.1 synthetic independent seed; human semantic review required before training.,STANDARD,,,,,,,,,,,,,,,
PASSQ_0200,fee না—different processing or delivery option-এর service difference জানতে চাই।,PASSPORT,PASSPORT_STATUS_AND_DELIVERY,Passport Application Status and Delivery,PASSPORT_DELIVERY_CATEGORY,Passport Delivery or Processing Category,Low,Mixed,FALSE,,SYNTHETIC,PASSPORT_DELIVERY_CATEGORY_F04,Hard,FALSE,Passport pilot v0.1 synthetic independent seed; human semantic review required before training.,BOUNDARY,,,,,,,,,,,,,,,
PASSQ_0201,আমার পাসপোর্ট সংগ্রহের জন্য প্রস্তুত হয়েছে কি না কীভাবে জানব?,PASSPORT,PASSPORT_STATUS_AND_DELIVERY,Passport Application Status and Delivery,PASSPORT_READY_FOR_COLLECTION,Passport Ready for Collection,Low,Formal,FALSE,,SYNTHETIC,PASSPORT_READY_FOR_COLLECTION_F01,Easy,FALSE,Passport pilot v0.1 synthetic independent seed; human semantic review required before training.,STANDARD,,,,,,,,,,,,,,,
PASSQ_0202,passport ready for collection হয়েছে কিনা কোথায় check করব?,PASSPORT,PASSPORT_STATUS_AND_DELIVERY,Passport Application Status and Delivery,PASSPORT_READY_FOR_COLLECTION,Passport Ready for Collection,Low,Informal,FALSE,,SYNTHETIC,PASSPORT_READY_FOR_COLLECTION_F02,Medium,FALSE,Passport pilot v0.1 synthetic independent seed; human semantic review required before training.,STANDARD,,,,,,,,,,,,,,,
PASSQ_0203,amar passport collect korar jonno ready hoise kina kivabe janbo?,PASSPORT,PASSPORT_STATUS_AND_DELIVERY,Passport Application Status and Delivery,PASSPORT_READY_FOR_COLLECTION,Passport Ready for Collection,Low,Mixed,FALSE,,SYNTHETIC,PASSPORT_READY_FOR_COLLECTION_F03,Medium,FALSE,Passport pilot v0.1 synthetic independent seed; human semantic review required before training.,STANDARD,,,,,,,,,,,,,,,
PASSQ_0204,general status না—এখন passport pickup করার মতো ready হয়েছে কিনা জানতে চাই।,PASSPORT,PASSPORT_STATUS_AND_DELIVERY,Passport Application Status and Delivery,PASSPORT_READY_FOR_COLLECTION,Passport Ready for Collection,Low,Mixed,FALSE,,SYNTHETIC,PASSPORT_READY_FOR_COLLECTION_F04,Hard,FALSE,Passport pilot v0.1 synthetic independent seed; human semantic review required before training.,BOUNDARY,,,,,,,,,,,,,,,
PASSQ_0205,প্রস্তুত হওয়া পাসপোর্ট কীভাবে সংগ্রহ করব?,PASSPORT,PASSPORT_STATUS_AND_DELIVERY,Passport Application Status and Delivery,PASSPORT_COLLECTION,Passport Collection,Low,Formal,FALSE,,SYNTHETIC,PASSPORT_COLLECTION_F01,Easy,FALSE,Passport pilot v0.1 synthetic independent seed; human semantic review required before training.,STANDARD,,,,,,,,,,,,,,,
PASSQ_0206,"passport ready হয়েছে, এখন কোথা থেকে collect করব?",PASSPORT,PASSPORT_STATUS_AND_DELIVERY,Passport Application Status and Delivery,PASSPORT_COLLECTION,Passport Collection,Low,Informal,FALSE,,SYNTHETIC,PASSPORT_COLLECTION_F02,Medium,FALSE,Passport pilot v0.1 synthetic independent seed; human semantic review required before training.,STANDARD,,,,,,,,,,,,,,,
PASSQ_0207,ready passport collect korar process ki?,PASSPORT,PASSPORT_STATUS_AND_DELIVERY,Passport Application Status and Delivery,PASSPORT_COLLECTION,Passport Collection,Low,Mixed,FALSE,,SYNTHETIC,PASSPORT_COLLECTION_F03,Medium,FALSE,Passport pilot v0.1 synthetic independent seed; human semantic review required before training.,STANDARD,,,,,,,,,,,,,,,
PASSQ_0208,ready কিনা সেটা জানি—এখন physical collection procedure জানতে চাই।,PASSPORT,PASSPORT_STATUS_AND_DELIVERY,Passport Application Status and Delivery,PASSPORT_COLLECTION,Passport Collection,Low,Mixed,FALSE,,SYNTHETIC,PASSPORT_COLLECTION_F04,Hard,FALSE,Passport pilot v0.1 synthetic independent seed; human semantic review required before training.,BOUNDARY,,,,,,,,,,,,,,,
PASSQ_0209,পাসপোর্ট সংগ্রহের delivery slip হারিয়ে ফেলেছি; কী করব?,PASSPORT,PASSPORT_STATUS_AND_DELIVERY,Passport Application Status and Delivery,PASSPORT_DELIVERY_SLIP_LOST,Lost Passport Delivery Slip,Medium,Formal,FALSE,,SYNTHETIC,PASSPORT_DELIVERY_SLIP_LOST_F01,Easy,FALSE,Passport pilot v0.1 synthetic independent seed; human semantic review required before training.,STANDARD,,,,,,,,,,,,,,,
PASSQ_0210,passport ready কিন্তু collection slip খুঁজে পাচ্ছি না।,PASSPORT,PASSPORT_STATUS_AND_DELIVERY,Passport Application Status and Delivery,PASSPORT_DELIVERY_SLIP_LOST,Lost Passport Delivery Slip,Medium,Informal,FALSE,,SYNTHETIC,PASSPORT_DELIVERY_SLIP_LOST_F02,Medium,FALSE,Passport pilot v0.1 synthetic independent seed; human semantic review required before training.,STANDARD,,,,,,,,,,,,,,,
PASSQ_0211,"passport delivery slip hariye geche, collect korbo kivabe?",PASSPORT,PASSPORT_STATUS_AND_DELIVERY,Passport Application Status and Delivery,PASSPORT_DELIVERY_SLIP_LOST,Lost Passport Delivery Slip,Medium,Mixed,FALSE,,SYNTHETIC,PASSPORT_DELIVERY_SLIP_LOST_F03,Medium,FALSE,Passport pilot v0.1 synthetic independent seed; human semantic review required before training.,STANDARD,,,,,,,,,,,,,,,
PASSQ_0212,passportটা হারায়নি এবং payment receipt-ও না—collection slipটাই missing।,PASSPORT,PASSPORT_STATUS_AND_DELIVERY,Passport Application Status and Delivery,PASSPORT_DELIVERY_SLIP_LOST,Lost Passport Delivery Slip,Medium,Mixed,FALSE,,SYNTHETIC,PASSPORT_DELIVERY_SLIP_LOST_F04,Hard,FALSE,Passport pilot v0.1 synthetic independent seed; human semantic review required before training.,BOUNDARY,,,,,,,,,,,,,,,
PASSQ_0213,ই-পাসপোর্ট কী এবং এটি সাধারণ পাসপোর্ট থেকে কীভাবে আলাদা?,PASSPORT,PASSPORT_GENERAL_INFORMATION,General Passport Information,PASSPORT_GENERAL_EPASSPORT_INFORMATION,General e-Passport Information,Low,Formal,FALSE,,SYNTHETIC,PASSPORT_GENERAL_EPASSPORT_INFORMATION_F01,Easy,FALSE,Passport pilot v0.1 synthetic independent seed; human semantic review required before training.,STANDARD,,,,,,,,,,,,,,,
PASSQ_0214,e-passport আসলে কী জিনিস?,PASSPORT,PASSPORT_GENERAL_INFORMATION,General Passport Information,PASSPORT_GENERAL_EPASSPORT_INFORMATION,General e-Passport Information,Low,Informal,FALSE,,SYNTHETIC,PASSPORT_GENERAL_EPASSPORT_INFORMATION_F02,Medium,FALSE,Passport pilot v0.1 synthetic independent seed; human semantic review required before training.,STANDARD,,,,,,,,,,,,,,,
PASSQ_0215,Bangladesh e-passport somporke general information chai.,PASSPORT,PASSPORT_GENERAL_INFORMATION,General Passport Information,PASSPORT_GENERAL_EPASSPORT_INFORMATION,General e-Passport Information,Low,Mixed,FALSE,,SYNTHETIC,PASSPORT_GENERAL_EPASSPORT_INFORMATION_F03,Medium,FALSE,Passport pilot v0.1 synthetic independent seed; human semantic review required before training.,STANDARD,,,,,,,,,,,,,,,
PASSQ_0216,apply করার process না—শুধু e-Passport সম্পর্কে basic ধারণা জানতে চাই।,PASSPORT,PASSPORT_GENERAL_INFORMATION,General Passport Information,PASSPORT_GENERAL_EPASSPORT_INFORMATION,General e-Passport Information,Low,Mixed,FALSE,,SYNTHETIC,PASSPORT_GENERAL_EPASSPORT_INFORMATION_F04,Hard,FALSE,Passport pilot v0.1 synthetic independent seed; human semantic review required before training.,BOUNDARY,,,,,,,,,,,,,,,
PASSQ_0217,আমার ক্ষেত্রে নতুন পাসপোর্ট আবেদন করব নাকি re-issue করব কীভাবে বুঝব?,PASSPORT,PASSPORT_GENERAL_INFORMATION,General Passport Information,PASSPORT_GENERAL_NEW_VS_REISSUE,New Passport vs Re-Issue Guidance,Low,Formal,FALSE,,SYNTHETIC,PASSPORT_GENERAL_NEW_VS_REISSUE_F01,Easy,FALSE,Passport pilot v0.1 synthetic independent seed; human semantic review required before training.,STANDARD,,,,,,,,,,,,,,,
PASSQ_0218,"আগে passport ছিল, এখন new নাকি reissue select করব?",PASSPORT,PASSPORT_GENERAL_INFORMATION,General Passport Information,PASSPORT_GENERAL_NEW_VS_REISSUE,New Passport vs Re-Issue Guidance,Low,Informal,FALSE,,SYNTHETIC,PASSPORT_GENERAL_NEW_VS_REISSUE_F02,Medium,FALSE,Passport pilot v0.1 synthetic independent seed; human semantic review required before training.,STANDARD,,,,,,,,,,,,,,,
PASSQ_0219,new passport ar reissue er moddhe konta amar jonno?,PASSPORT,PASSPORT_GENERAL_INFORMATION,General Passport Information,PASSPORT_GENERAL_NEW_VS_REISSUE,New Passport vs Re-Issue Guidance,Low,Mixed,FALSE,,SYNTHETIC,PASSPORT_GENERAL_NEW_VS_REISSUE_F03,Medium,FALSE,Passport pilot v0.1 synthetic independent seed; human semantic review required before training.,STANDARD,,,,,,,,,,,,,,,
PASSQ_0220,specific reissue reason বলছি না—আগে passport থাকলে কোন workflow choose করতে হয় জানতে চাই।,PASSPORT,PASSPORT_GENERAL_INFORMATION,General Passport Information,PASSPORT_GENERAL_NEW_VS_REISSUE,New Passport vs Re-Issue Guidance,Low,Mixed,FALSE,,SYNTHETIC,PASSPORT_GENERAL_NEW_VS_REISSUE_F04,Hard,FALSE,Passport pilot v0.1 synthetic independent seed; human semantic review required before training.,BOUNDARY,,,,,,,,,,,,,,,
PASSQ_0221,পাসপোর্ট সংক্রান্ত কী কী ধরনের সেবা ও সহায়তা পাওয়া যায়?,PASSPORT,PASSPORT_GENERAL_INFORMATION,General Passport Information,PASSPORT_GENERAL_SERVICE_GUIDANCE,General Passport Service Guidance,Low,Formal,FALSE,,SYNTHETIC,PASSPORT_GENERAL_SERVICE_GUIDANCE_F01,Easy,FALSE,Passport pilot v0.1 synthetic independent seed; human semantic review required before training. Mandatory pilot-review leaf.,MANDATORY,,,,,,,,,,,,,,,
PASSQ_0222,passport নিয়ে কোন কোন বিষয়ে help পাওয়া যায়?,PASSPORT,PASSPORT_GENERAL_INFORMATION,General Passport Information,PASSPORT_GENERAL_SERVICE_GUIDANCE,General Passport Service Guidance,Low,Informal,FALSE,,SYNTHETIC,PASSPORT_GENERAL_SERVICE_GUIDANCE_F02,Medium,FALSE,Passport pilot v0.1 synthetic independent seed; human semantic review required before training. Mandatory pilot-review leaf.,MANDATORY,,,,,,,,,,,,,,,
PASSQ_0223,"passport service gulo ki ki, kothay theke start korbo?",PASSPORT,PASSPORT_GENERAL_INFORMATION,General Passport Information,PASSPORT_GENERAL_SERVICE_GUIDANCE,General Passport Service Guidance,Low,Mixed,FALSE,,SYNTHETIC,PASSPORT_GENERAL_SERVICE_GUIDANCE_F03,Medium,FALSE,Passport pilot v0.1 synthetic independent seed; human semantic review required before training. Mandatory pilot-review leaf.,MANDATORY,,,,,,,,,,,,,,,
PASSQ_0224,specific application বা payment problem না—কোন passport service আমার প্রয়োজন বুঝতে guidance চাই।,PASSPORT,PASSPORT_GENERAL_INFORMATION,General Passport Information,PASSPORT_GENERAL_SERVICE_GUIDANCE,General Passport Service Guidance,Low,Mixed,FALSE,,SYNTHETIC,PASSPORT_GENERAL_SERVICE_GUIDANCE_F04,Hard,FALSE,Passport pilot v0.1 synthetic independent seed; human semantic review required before training. Mandatory pilot-review leaf.,MANDATORY,,,,,,,,,,,,,,,
