candidate_seed_index,sample_id,label_id,label_name,phase0_split,paraphrase_family_id,family_size,script_profile,length_band,stable_selection_hash,selection_rank,selection_status
1,NID5-V1-000237,0,NID Information Correction,test,NID5-PF-FINAL-0227,1,BENGALI_SCRIPT_DOMINANT,SHORT,03c50873dcae929f97b56e73aeceef8c95dd8ee53749dc869ad46f8aa77d5be7,1,PENDING_HUMAN_REVIEW
2,NID5-V1-000267,0,NID Information Correction,test,NID5-PF-FINAL-0255,1,BENGALI_SCRIPT_DOMINANT,MEDIUM,27874546dd7bc359a7a203f26badbb7f421f623f5586ff95e9ffaa888d8e12aa,2,PENDING_HUMAN_REVIEW
3,NID5-V1-000218,0,NID Information Correction,test,NID5-PF-FINAL-0209,1,BENGALI_SCRIPT_DOMINANT,LONG,181673d6f183b43739c4f57e92ba861b7f13da5a0a3f3ad5509348db916080f3,3,PENDING_HUMAN_REVIEW
4,NID5-V1-000210,0,NID Information Correction,test,NID5-PF-FINAL-0202,1,LATIN_SCRIPT_DOMINANT,SHORT,08de866694194feb214abf5117d8be37ad3f086089a5dd72da4f43599508deb0,4,PENDING_HUMAN_REVIEW
5,NID5-V1-000137,0,NID Information Correction,test,NID5-PF-FINAL-0135,2,LATIN_SCRIPT_DOMINANT,MEDIUM,202a7ca71eaf3568db0aeef391d4ac4b1ffc11d6cec1e065a5c6cae713da1e41,5,PENDING_HUMAN_REVIEW
6,NID5-V1-000049,0,NID Information Correction,test,NID5-PF-FINAL-0049,1,LATIN_SCRIPT_DOMINANT,LONG,1373c7868d773e5c4ef5c08adf82d3d688acad4caa8f6433e53c3e98c2347ca2,6,PENDING_HUMAN_REVIEW
7,NID5-V1-000124,0,NID Information Correction,test,NID5-PF-FINAL-0122,1,MIXED_SCRIPT,SHORT,d768aab237736bf41b2ad650ed00e7e2728bdce25de91064058afdc71365bb8b,7,PENDING_HUMAN_REVIEW
8,NID5-V1-000182,0,NID Information Correction,test,NID5-PF-FINAL-0175,1,MIXED_SCRIPT,MEDIUM,62dbc68054e0f7594d4e9d3a4099cbe6c666d6489508c8ebe2f8ad4e212843d9,8,PENDING_HUMAN_REVIEW
9,NID5-V1-000160,0,NID Information Correction,test,NID5-PF-FINAL-0153,1,MIXED_SCRIPT,LONG,89ca00259b5325603fce7ab4684dc47e0a74f741690c944dee68734b2cd68810,9,PENDING_HUMAN_REVIEW
10,NID5-V1-000199,0,NID Information Correction,test,NID5-PF-FINAL-0191,1,BENGALI_SCRIPT_DOMINANT,SHORT,3994acdbe8a8b3049f1707e6f941ce9c9ce5e08afe919d846a4c5032575e981d,10,PENDING_HUMAN_REVIEW
11,NID5-V1-000045,0,NID Information Correction,test,NID5-PF-FINAL-0045,1,BENGALI_SCRIPT_DOMINANT,MEDIUM,3bf4cf61a4f6e8e29028add01f71d47a4d056736767cf677a143686097185cd1,11,PENDING_HUMAN_REVIEW
12,NID5-V1-000107,0,NID Information Correction,test,NID5-PF-FINAL-0106,1,BENGALI_SCRIPT_DOMINANT,LONG,230b32651dc21adc3676afdc419a43fe65e79dbbecccbf32722676f96dbefbad,12,PENDING_HUMAN_REVIEW
13,NID5-V1-000207,0,NID Information Correction,test,NID5-PF-FINAL-0199,1,LATIN_SCRIPT_DOMINANT,SHORT,2e272a597ede4dda3eb65d8c0ddacf6912c3a9370eeef952759bff7a864d1f05,13,PENDING_HUMAN_REVIEW
14,NID5-V1-000240,0,NID Information Correction,test,NID5-PF-FINAL-0230,1,LATIN_SCRIPT_DOMINANT,MEDIUM,500355fdd5c232ed42f667679e12726ffbd40bbcba4ed8ec1e0cb49995b2eebe,14,PENDING_HUMAN_REVIEW
15,NID5-V1-000230,0,NID Information Correction,test,NID5-PF-FINAL-0220,1,LATIN_SCRIPT_DOMINANT,LONG,499d4576a9996257262fe532937c992654a039db532057750ff7103df06dac00,15,PENDING_HUMAN_REVIEW
16,NID5-V1-000164,0,NID Information Correction,test,NID5-PF-FINAL-0157,1,MIXED_SCRIPT,SHORT,f307b5d217a5d99286bade45588d50bf17036ece6cd8cc04934b98aea79226c9,16,PENDING_HUMAN_REVIEW
17,NID5-V1-000198,0,NID Information Correction,test,NID5-PF-FINAL-0190,1,MIXED_SCRIPT,LONG,f68b773d708b14c266643d7596fd12e5f7413abfcedb764dc9eefc53ed99112c,17,PENDING_HUMAN_REVIEW
18,NID5-V1-000255,0,NID Information Correction,test,NID5-PF-FINAL-0243,1,BENGALI_SCRIPT_DOMINANT,SHORT,7dc53045828393e60d3b671cd796bfcbbe65af23241d209e807352f849e73615,18,PENDING_HUMAN_REVIEW
19,NID5-V1-000110,0,NID Information Correction,test,NID5-PF-FINAL-0109,1,BENGALI_SCRIPT_DOMINANT,MEDIUM,6e4e2811f20ca5c5fb42cf11b5195a565209f060b540e75a118817d96ef55960,19,PENDING_HUMAN_REVIEW
20,NID5-V1-000009,0,NID Information Correction,test,NID5-PF-FINAL-0009,1,BENGALI_SCRIPT_DOMINANT,LONG,4992f79162dc7f28936147744de401fdfeaea3d5a49c466f78e2b44261a3f050,20,PENDING_HUMAN_REVIEW
21,NID5-V1-000294,1,New NID Registration,test,NID5-PF-FINAL-0282,1,BENGALI_SCRIPT_DOMINANT,SHORT,010a1b1571c329a2e85e317e9db5b25a19b7f6faad8b05e96741013f742f2059,1,PENDING_HUMAN_REVIEW
22,NID5-V1-000340,1,New NID Registration,test,NID5-PF-FINAL-0328,1,BENGALI_SCRIPT_DOMINANT,MEDIUM,220f5df3c74dae05cb19502f50d91ee38f4cce763bce079c840d9cfac2f7e41f,2,PENDING_HUMAN_REVIEW
23,NID5-V1-000303,1,New NID Registration,test,NID5-PF-FINAL-0291,1,BENGALI_SCRIPT_DOMINANT,LONG,9e94c3f309601bb33c1cc997e19c49914e1c23ae69d53b1688bc2518e2c4c12a,3,PENDING_HUMAN_REVIEW
24,NID5-V1-000404,1,New NID Registration,test,NID5-PF-FINAL-0392,1,LATIN_SCRIPT_DOMINANT,SHORT,3162d9c54745a1d3974758d630e870a9f459bc8bb34c6576efbaafda7d7eae9a,4,PENDING_HUMAN_REVIEW
25,NID5-V1-000565,1,New NID Registration,test,NID5-PF-FINAL-0551,1,LATIN_SCRIPT_DOMINANT,MEDIUM,0d67be6d738b9549bcdb6ddaf0fedcdfd25a02baa912ddf09c97e916d1e97575,5,PENDING_HUMAN_REVIEW
26,NID5-V1-000302,1,New NID Registration,test,NID5-PF-FINAL-0290,1,LATIN_SCRIPT_DOMINANT,LONG,2321942b7e98248acde1b4fc626f1742d7660c1280b91f989df3ee529d031b2f,6,PENDING_HUMAN_REVIEW
27,NID5-V1-000327,1,New NID Registration,test,NID5-PF-FINAL-0315,1,MIXED_SCRIPT,SHORT,0ad41995c8404abcb9a2cc973735ee35aa61bb54ec58869c9694f90c83cd1c51,7,PENDING_HUMAN_REVIEW
28,NID5-V1-000573,1,New NID Registration,test,NID5-PF-FINAL-0559,1,MIXED_SCRIPT,MEDIUM,10dd4e59a760bbe345839df395a04c78c80828a1047479a46733656fe8ee2621,8,PENDING_HUMAN_REVIEW
29,NID5-V1-000364,1,New NID Registration,test,NID5-PF-FINAL-0352,1,MIXED_SCRIPT,LONG,04da14e576eb76176c2c6c21974acd08ba735a3d0049f5e42c2af541062b3972,9,PENDING_HUMAN_REVIEW
30,NID5-V1-000307,1,New NID Registration,test,NID5-PF-FINAL-0295,1,BENGALI_SCRIPT_DOMINANT,SHORT,8fa57c06a364d00f796dc1cfae2dae20646387a617377a79fb6aae19f548adf3,10,PENDING_HUMAN_REVIEW
31,NID5-V1-000447,1,New NID Registration,test,NID5-PF-FINAL-0435,1,BENGALI_SCRIPT_DOMINANT,MEDIUM,28f5c0b2616c4b077622598c651bb8ab5170ac195b616b61cefd53a755b0c4ae,11,PENDING_HUMAN_REVIEW
32,NID5-V1-000492,1,New NID Registration,test,NID5-PF-FINAL-0479,1,LATIN_SCRIPT_DOMINANT,SHORT,376b800481a63d344bb7285b0eda4a24ef911a9cf6e4244ce0235624d416aa30,12,PENDING_HUMAN_REVIEW
33,NID5-V1-000503,1,New NID Registration,test,NID5-PF-FINAL-0490,1,LATIN_SCRIPT_DOMINANT,MEDIUM,1950e8d5f2fd3432e99d711972f44618089669b45c7a84fe84b5774f1b5f1bbb,13,PENDING_HUMAN_REVIEW
34,NID5-V1-000566,1,New NID Registration,test,NID5-PF-FINAL-0552,1,LATIN_SCRIPT_DOMINANT,LONG,2f9ee192ead9a6198d423abe06f54e6f62874f492ec397b3b83744ec9708559d,14,PENDING_HUMAN_REVIEW
35,NID5-V1-000341,1,New NID Registration,test,NID5-PF-FINAL-0329,1,MIXED_SCRIPT,SHORT,416939ae4d932dc36a270f6d5fc31eb477f0d2ad6b79d823ad8a8329dff74072,15,PENDING_HUMAN_REVIEW
36,NID5-V1-000684,1,New NID Registration,test,NID5-PF-FINAL-0668,1,MIXED_SCRIPT,MEDIUM,3415ed9bb37d7a6c8b622003d87a8e822e43aa027a115d9368f55b1964972e41,16,PENDING_HUMAN_REVIEW
37,NID5-V1-000619,1,New NID Registration,test,NID5-PF-FINAL-0604,1,MIXED_SCRIPT,LONG,0a2f3479b07f7b88c0c8ac18f482be4edf731155f3a5c312bd07f1dd11e19421,17,PENDING_HUMAN_REVIEW
38,NID5-V1-000365,1,New NID Registration,test,NID5-PF-FINAL-0353,1,BENGALI_SCRIPT_DOMINANT,SHORT,ecb93ae0e5e2ee2ca84c344bdd9c1803027a13fc7ec1a8ebcff17ee699adba48,18,PENDING_HUMAN_REVIEW
39,NID5-V1-000272,1,New NID Registration,test,NID5-PF-FINAL-0260,1,BENGALI_SCRIPT_DOMINANT,MEDIUM,5857993a7e848a8fe35e809097cb9167202d4b9c8efef88eb2bd1ae09c6e7898,19,PENDING_HUMAN_REVIEW
40,NID5-V1-000568,1,New NID Registration,test,NID5-PF-FINAL-0554,1,LATIN_SCRIPT_DOMINANT,SHORT,420a4a8cbb251d5bfcfa912e7f64fa9cee26c68e3deb52e2977ae8f8c51af6e7,20,PENDING_HUMAN_REVIEW
41,NID5-V1-000716,2,Lost/Stolen NID,test,NID5-PF-FINAL-0700,1,BENGALI_SCRIPT_DOMINANT,MEDIUM,99525bd3d59834488a2e76d01e7e4d299479954f3cf35a6f6654236aa004d2eb,1,PENDING_HUMAN_REVIEW
42,NID5-V1-000774,2,Lost/Stolen NID,test,NID5-PF-FINAL-0757,1,BENGALI_SCRIPT_DOMINANT,LONG,30ef02295905745cdd25c7c2dceb7fcf2c40fb4cc2f6164f97a68a0b9b128d79,2,PENDING_HUMAN_REVIEW
43,NID5-V1-000892,2,Lost/Stolen NID,test,NID5-PF-FINAL-0872,1,LATIN_SCRIPT_DOMINANT,SHORT,079b922e9630c9da4bc6436bdf75de1bf128416b84795836ef8fccbfc0d14f8e,3,PENDING_HUMAN_REVIEW
44,NID5-V1-000752,2,Lost/Stolen NID,test,NID5-PF-FINAL-0735,1,LATIN_SCRIPT_DOMINANT,MEDIUM,0b8cdc2e21a132cdd904eb913f5dd1628aeaf78335a99baf87200d9bd3e33d2a,4,PENDING_HUMAN_REVIEW
45,NID5-V1-000912,2,Lost/Stolen NID,test,NID5-PF-FINAL-0891,1,LATIN_SCRIPT_DOMINANT,LONG,42e637d0f172138b0265cb64c99ea67a3ea3f0e1222e58d9c655975c60b0cdf9,5,PENDING_HUMAN_REVIEW
46,NID5-V1-000780,2,Lost/Stolen NID,test,NID5-PF-FINAL-0763,1,MIXED_SCRIPT,SHORT,2d849bcba5c4c6a78084b8be5f8ffc314d9252107d8d96203c9c473e61fec1ee,6,PENDING_HUMAN_REVIEW
47,NID5-V1-000830,2,Lost/Stolen NID,test,NID5-PF-FINAL-0812,1,MIXED_SCRIPT,MEDIUM,26f710fa5ba4ebb39a1c13a33567c73c943fc34c112127da12b8d08ed14fe974,7,PENDING_HUMAN_REVIEW
48,NID5-V1-000917,2,Lost/Stolen NID,test,NID5-PF-FINAL-0896,1,MIXED_SCRIPT,LONG,0db514a2f1b98b221df1d6a0c9bffd736f384bc6e538ec13f1ab25eeeeb36937,8,PENDING_HUMAN_REVIEW
49,NID5-V1-000764,2,Lost/Stolen NID,test,NID5-PF-FINAL-0747,1,BENGALI_SCRIPT_DOMINANT,LONG,b4315f9092d506d7a946a19094d4a5f7ffab14ebc6249089a3aa2c9cf2e6ae91,9,PENDING_HUMAN_REVIEW
50,NID5-V1-000782,2,Lost/Stolen NID,test,NID5-PF-FINAL-0765,1,LATIN_SCRIPT_DOMINANT,SHORT,1a0e5b76b1c4331a4021a71a73dd80960a1c5e771ebf655d4b16ee3b61edf301,10,PENDING_HUMAN_REVIEW
51,NID5-V1-000727,2,Lost/Stolen NID,test,NID5-PF-FINAL-0711,1,LATIN_SCRIPT_DOMINANT,MEDIUM,24e0c07610f3a6181fa2df60a8ee17460746fa443aca8a83d802b4fa6b0d28f5,11,PENDING_HUMAN_REVIEW
52,NID5-V1-000896,2,Lost/Stolen NID,test,NID5-PF-FINAL-0875,1,LATIN_SCRIPT_DOMINANT,LONG,8f9f372c4ea6e9b4355ff6158a83b818dbd88eebe43bc47f6fdeb3c85b2b55ab,12,PENDING_HUMAN_REVIEW
53,NID5-V1-000812,2,Lost/Stolen NID,test,NID5-PF-FINAL-0795,1,MIXED_SCRIPT,SHORT,4607d5ef68a10cb610b184faded293a8f3de0059ba06727da3ad10137ffff7a6,13,PENDING_HUMAN_REVIEW
54,NID5-V1-000870,2,Lost/Stolen NID,test,NID5-PF-FINAL-0850,1,MIXED_SCRIPT,MEDIUM,7e6325c4043d3a13e27f52449d86e9eacca34009c0b80917dbe129256adb9235,14,PENDING_HUMAN_REVIEW
55,NID5-V1-000951,2,Lost/Stolen NID,test,NID5-PF-FINAL-0929,1,MIXED_SCRIPT,LONG,18ca40852e062b3137dd26514b6f83b66e285261fe180b31b4964121b549e992,15,PENDING_HUMAN_REVIEW
56,NID5-V1-000804,2,Lost/Stolen NID,test,NID5-PF-FINAL-0787,1,LATIN_SCRIPT_DOMINANT,SHORT,2a4b7637ddbef043dc7d6031e7900e73c83432ebd548a1b8153c7addab3305e1,16,PENDING_HUMAN_REVIEW
57,NID5-V1-000828,2,Lost/Stolen NID,test,NID5-PF-FINAL-0810,1,LATIN_SCRIPT_DOMINANT,MEDIUM,54bc9f36e126783adf5fed5a3c2b1fbb62fafe240da2e747d59e6031a9f9a7cb,17,PENDING_HUMAN_REVIEW
58,NID5-V1-000914,2,Lost/Stolen NID,test,NID5-PF-FINAL-0893,1,LATIN_SCRIPT_DOMINANT,LONG,96dc26df6dd3eab94ed70bb4ed835b100a261b9f749cca886f910ef4940ae9ba,18,PENDING_HUMAN_REVIEW
59,NID5-V1-000745,2,Lost/Stolen NID,test,NID5-PF-FINAL-0728,1,MIXED_SCRIPT,MEDIUM,d45fce87fa7fccedba31367acd60333bbcd437cdb9892f24ea6d5bce44c6b8db,19,PENDING_HUMAN_REVIEW
60,NID5-V1-000833,2,Lost/Stolen NID,test,NID5-PF-FINAL-0815,1,MIXED_SCRIPT,LONG,5f4a05f678ce9809c9565e063e40d97370f5f92014503d89ce564142fd35dcad,20,PENDING_HUMAN_REVIEW
61,NID5-V1-001100,3,NID Online Problem,test,NID5-PF-FINAL-1072,1,BENGALI_SCRIPT_DOMINANT,SHORT,c030bc86c32fd1f49e21197d4953039d3c8e7d06cfdeeda40be73c17382104b9,1,PENDING_HUMAN_REVIEW
62,NID5-V1-001069,3,NID Online Problem,test,NID5-PF-FINAL-1043,1,LATIN_SCRIPT_DOMINANT,SHORT,10df7e5e58ea22b7613cf02bc908bfb36f3384c07a1e7edfbdfc4eb7611c1db0,2,PENDING_HUMAN_REVIEW
63,NID5-V1-001247,3,NID Online Problem,test,NID5-PF-FINAL-1215,1,LATIN_SCRIPT_DOMINANT,MEDIUM,0ee340eaa72436dd713e0e28c3ca77ebefed3113bc419c707abe21a43326ab8b,3,PENDING_HUMAN_REVIEW
64,NID5-V1-001042,3,NID Online Problem,test,NID5-PF-FINAL-1017,1,LATIN_SCRIPT_DOMINANT,LONG,2228a85817dc870476d839c7e54305e1cf93af2a116c3e21e3541fbc68b47122,4,PENDING_HUMAN_REVIEW
65,NID5-V1-001033,3,NID Online Problem,test,NID5-PF-FINAL-1009,1,MIXED_SCRIPT,SHORT,11353d92b24dd0de72d83fe15d6d3980a44fe67e9579864bdedc36e7acaafd76,5,PENDING_HUMAN_REVIEW
66,NID5-V1-001086,3,NID Online Problem,test,NID5-PF-FINAL-1059,1,MIXED_SCRIPT,MEDIUM,69ce91b87a66ab60fb9531ad0f06a67018466759ab796d5a3792fb338e3e6b39,6,PENDING_HUMAN_REVIEW
67,NID5-V1-000979,3,NID Online Problem,test,NID5-PF-FINAL-0956,1,MIXED_SCRIPT,LONG,3fd5249d206db2ac392b94b7b815003196a0403e0f068bf08f5c8e38588017d8,7,PENDING_HUMAN_REVIEW
68,NID5-V1-000984,3,NID Online Problem,test,NID5-PF-FINAL-0961,1,LATIN_SCRIPT_DOMINANT,SHORT,1317f87049430ff6ce2d90280c431e16145f15bf1708087eb74bbf828fb7da05,8,PENDING_HUMAN_REVIEW
69,NID5-V1-001163,3,NID Online Problem,test,NID5-PF-FINAL-1134,1,LATIN_SCRIPT_DOMINANT,MEDIUM,3975d1656b762d6337daa80c47264ad74f5e14c091b25f8f2e08df312e206623,9,PENDING_HUMAN_REVIEW
70,NID5-V1-001235,3,NID Online Problem,test,NID5-PF-FINAL-1203,1,LATIN_SCRIPT_DOMINANT,LONG,2ce79d0a4505815d494e4b87585ac7ce4aa5ebab1039a47eb9ab4d59f5494f39,10,PENDING_HUMAN_REVIEW
71,NID5-V1-001172,3,NID Online Problem,test,NID5-PF-FINAL-1143,1,MIXED_SCRIPT,SHORT,700d5e616b1e665bbc085990641f76a3e5c4870e81edff47231c32838729fddb,11,PENDING_HUMAN_REVIEW
72,NID5-V1-001085,3,NID Online Problem,test,NID5-PF-FINAL-1058,1,MIXED_SCRIPT,MEDIUM,82832e2c908feca0f3d2423dbe331824659ecc536f5fa6734d044d2b983b5bb0,12,PENDING_HUMAN_REVIEW
73,NID5-V1-001242,3,NID Online Problem,test,NID5-PF-FINAL-1210,1,MIXED_SCRIPT,LONG,9e50673673345d050fee357ace0dbe624b864a9819ee9f7d7ac706e06ed8816f,13,PENDING_HUMAN_REVIEW
74,NID5-V1-001169,3,NID Online Problem,test,NID5-PF-FINAL-1140,1,LATIN_SCRIPT_DOMINANT,SHORT,3114f2c10549343a6b1788907e89ad8b5eec4edac303807ec658f7f3ab241f55,14,PENDING_HUMAN_REVIEW
75,NID5-V1-001212,3,NID Online Problem,test,NID5-PF-FINAL-1182,1,LATIN_SCRIPT_DOMINANT,MEDIUM,5eb28d591419c4d4847d0692efb55d6582be3c793efafa5bd4051d4537659e39,15,PENDING_HUMAN_REVIEW
76,NID5-V1-001197,3,NID Online Problem,test,NID5-PF-FINAL-1167,1,LATIN_SCRIPT_DOMINANT,LONG,64a549bb629a6bfd21228968fcc3c6c038b0c50a2a3ea9507218fcd70e3eeca3,16,PENDING_HUMAN_REVIEW
77,NID5-V1-001013,3,NID Online Problem,test,NID5-PF-FINAL-0989,1,MIXED_SCRIPT,SHORT,795d04a2d0b467fe87d6b86f3926f344e1911b4d26f5deeda3a56fb72397293d,17,PENDING_HUMAN_REVIEW
78,NID5-V1-001101,3,NID Online Problem,test,NID5-PF-FINAL-1073,1,MIXED_SCRIPT,MEDIUM,8ec3ca20c9e3856e773fa39a86f283b13834292240579a4d96e5151dd45db1c6,18,PENDING_HUMAN_REVIEW
79,NID5-V1-001186,3,NID Online Problem,test,NID5-PF-FINAL-1157,1,MIXED_SCRIPT,LONG,ab0c5c4894ae953d5398494971bf8edafd67e37dd827014106c6c504030dec6b,19,PENDING_HUMAN_REVIEW
80,NID5-V1-001090,3,NID Online Problem,test,NID5-PF-FINAL-1063,1,LATIN_SCRIPT_DOMINANT,SHORT,3d6f8f7ff7d09d903f3ad0ba0491e4bc2aa983f273cddc86ada3c061e51c5ea5,20,PENDING_HUMAN_REVIEW
81,NID5-V1-001445,4,Smart ID Card,test,NID5-PF-FINAL-1406,1,LATIN_SCRIPT_DOMINANT,SHORT,02fc314ce6675e57804630153c9248e710616a6e7f518640fcf19688935c8065,1,PENDING_HUMAN_REVIEW
82,NID5-V1-001370,4,Smart ID Card,test,NID5-PF-FINAL-1334,1,LATIN_SCRIPT_DOMINANT,MEDIUM,056b0987465697c1699116fb2f45afb0614797bde5b97b91d458b6e79c576b40,2,PENDING_HUMAN_REVIEW
83,NID5-V1-001421,4,Smart ID Card,test,NID5-PF-FINAL-1382,1,LATIN_SCRIPT_DOMINANT,LONG,1f9ca8d63c823ae2cbe50396d90fb748c21e4e97cae83d2a3eced0e6c93ca14f,3,PENDING_HUMAN_REVIEW
84,NID5-V1-001267,4,Smart ID Card,test,NID5-PF-FINAL-1235,1,MIXED_SCRIPT,SHORT,837ddda202362690caa74c37c6e36be585294af5c81b4c68ff9a9c177da10151,4,PENDING_HUMAN_REVIEW
85,NID5-V1-001363,4,Smart ID Card,test,NID5-PF-FINAL-1327,1,MIXED_SCRIPT,MEDIUM,7f30795c375682ded55fc3e1442fea763027179e0a559c05e5142c31627bf157,5,PENDING_HUMAN_REVIEW
86,NID5-V1-001409,4,Smart ID Card,test,NID5-PF-FINAL-1370,1,MIXED_SCRIPT,LONG,0479f4ddd2941b0e245a666b46628a18a3822875b561baf231cf22a83179d972,6,PENDING_HUMAN_REVIEW
87,NID5-V1-001273,4,Smart ID Card,test,NID5-PF-FINAL-1241,1,LATIN_SCRIPT_DOMINANT,SHORT,362fa720ac55dbbc8488a7a00ef0e081548a85436592a8106f49b95d32e094bd,7,PENDING_HUMAN_REVIEW
88,NID5-V1-001350,4,Smart ID Card,test,NID5-PF-FINAL-1315,1,LATIN_SCRIPT_DOMINANT,MEDIUM,14b70c4f884bd4cb12e2df5f79b74be019690f01979a136c49576f0193a2f921,8,PENDING_HUMAN_REVIEW
89,NID5-V1-001418,4,Smart ID Card,test,NID5-PF-FINAL-1379,1,LATIN_SCRIPT_DOMINANT,LONG,2d20e95ca54432c62c1cb0c57b04e75c9419ab892aa2f6394d407bc6c3f90007,9,PENDING_HUMAN_REVIEW
90,NID5-V1-001356,4,Smart ID Card,test,NID5-PF-FINAL-1320,1,MIXED_SCRIPT,SHORT,902bfa55f4eb8a8f4b7d0a81549782e4f30e0024c05358a0b51e82bb1007c63b,10,PENDING_HUMAN_REVIEW
91,NID5-V1-001257,4,Smart ID Card,test,NID5-PF-FINAL-1225,1,MIXED_SCRIPT,MEDIUM,ce39a68a0cef474205ca9700f7bb99136c14bb23273ef0cea0529b98830071fe,11,PENDING_HUMAN_REVIEW
92,NID5-V1-001268,4,Smart ID Card,test,NID5-PF-FINAL-1236,1,MIXED_SCRIPT,LONG,2b9e3482f119b8320cddbdfbd2b89478358cab04c6c5ff6325c04059703a106e,12,PENDING_HUMAN_REVIEW
93,NID5-V1-001348,4,Smart ID Card,test,NID5-PF-FINAL-1313,1,LATIN_SCRIPT_DOMINANT,SHORT,5917f142603d877e1969565b5d0ecc765b4d86793759715940955811cc17c7f7,13,PENDING_HUMAN_REVIEW
94,NID5-V1-001298,4,Smart ID Card,test,NID5-PF-FINAL-1265,1,LATIN_SCRIPT_DOMINANT,MEDIUM,444e3c9080985075f9a1528845a02c18d0a4bc419afd8b8035bde249664245c5,14,PENDING_HUMAN_REVIEW
95,NID5-V1-001423,4,Smart ID Card,test,NID5-PF-FINAL-1384,1,LATIN_SCRIPT_DOMINANT,LONG,73fba4b5d7d9cd2e478eea6917d19364b10c84691dff6590687307e9c45f563c,15,PENDING_HUMAN_REVIEW
96,NID5-V1-001412,4,Smart ID Card,test,NID5-PF-FINAL-1373,1,MIXED_SCRIPT,SHORT,a5c1392f13a83e6e4d65067760d5b910187f465aaf7ea820a6ee3b956a1fc32e,16,PENDING_HUMAN_REVIEW
97,NID5-V1-001338,4,Smart ID Card,test,NID5-PF-FINAL-1303,1,MIXED_SCRIPT,LONG,56c7842cc77e5137e2d86bf533e057ef2c7a59198a461ffc7f10bf9ddc98c547,17,PENDING_HUMAN_REVIEW
98,NID5-V1-001425,4,Smart ID Card,test,NID5-PF-FINAL-1386,1,LATIN_SCRIPT_DOMINANT,MEDIUM,61027ca05a8836feeed9f504c366183c9c6197969bfc32998e7ecf338fb69c0b,18,PENDING_HUMAN_REVIEW
99,NID5-V1-001359,4,Smart ID Card,test,NID5-PF-FINAL-1323,1,MIXED_SCRIPT,SHORT,ceeb6fee0a4e5d6f97697cf1df325990761dfbe189c8c9850328476aa2ca71d2,19,PENDING_HUMAN_REVIEW
100,NID5-V1-001430,4,Smart ID Card,test,NID5-PF-FINAL-1391,1,MIXED_SCRIPT,LONG,603819d6776ef7db3beabafecdf12b7ad7d14d4021613c1c66d968c14ef76833,20,PENDING_HUMAN_REVIEW
