reserve_rank_global,reserve_rank_within_label,sample_id,label_id,label_name,paraphrase_family_id,script_profile,length_band,stable_selection_hash
1,1,NID5-V1-000135,0,NID Information Correction,NID5-PF-FINAL-0133,LATIN_SCRIPT_DOMINANT,SHORT,5793b13e7d2f3c5d8ecf588cbd686f6e4c2551895837e47e4232f662f6a33e8f
2,2,NID5-V1-000188,0,NID Information Correction,NID5-PF-FINAL-0181,LATIN_SCRIPT_DOMINANT,MEDIUM,64384893ae4840ee5be575b691162e6a30d9659bcef1a9a3b6ce51164cc89fb3
3,3,NID5-V1-000058,0,NID Information Correction,NID5-PF-FINAL-0058,LATIN_SCRIPT_DOMINANT,LONG,4b0c7ac77a3f8f5edb88f2b439206da909728b6a0c4ddb30cb776b97ae69bdc4
4,4,NID5-V1-000024,0,NID Information Correction,NID5-PF-FINAL-0024,BENGALI_SCRIPT_DOMINANT,SHORT,a90c1030124d5cbf9f792186c0813c376f40e4c353ead14ef7a66b8eda7529eb
5,5,NID5-V1-000235,0,NID Information Correction,NID5-PF-FINAL-0225,BENGALI_SCRIPT_DOMINANT,MEDIUM,d8d081cf4b5cf23d661944eb024191084b11d1fcc803d70b61763c041ad8f2e3
6,6,NID5-V1-000044,0,NID Information Correction,NID5-PF-FINAL-0044,BENGALI_SCRIPT_DOMINANT,LONG,a1763bdfae74cbc9a92213b0a0f1f7ee2066d3d937facff7ba56c7a1227989c0
7,7,NID5-V1-000261,0,NID Information Correction,NID5-PF-FINAL-0249,LATIN_SCRIPT_DOMINANT,SHORT,c845537c450377bcad4c6a2d2b452a6701ff9018ba53f9f2c614bbc9d6594076
8,8,NID5-V1-000223,0,NID Information Correction,NID5-PF-FINAL-0214,LATIN_SCRIPT_DOMINANT,MEDIUM,c188c14acc41bbc3766e93f5e8d156cc2edfb3a4fe833252ab4d6eb75953a9de
9,9,NID5-V1-000012,0,NID Information Correction,NID5-PF-FINAL-0012,LATIN_SCRIPT_DOMINANT,LONG,4ba2cb55c3425cca2a61e908f9d005b6cb8c1d91f42023369b94da395ecf7e5b
10,10,NID5-V1-000083,0,NID Information Correction,NID5-PF-FINAL-0082,BENGALI_SCRIPT_DOMINANT,MEDIUM,f49af6983ec3c99b67112fba13c515a18d9d796a6bec40e35d82137e88f5c963
11,11,NID5-V1-000099,0,NID Information Correction,NID5-PF-FINAL-0098,LATIN_SCRIPT_DOMINANT,SHORT,dd544179aada06b0a6051a6ad36f48ce7fe279d9e58edcd50ba876a2803591f2
12,12,NID5-V1-000062,0,NID Information Correction,NID5-PF-FINAL-0062,LATIN_SCRIPT_DOMINANT,MEDIUM,ee7ca1918ca7e483fb790811222c5199fc6ed7d3b5efadcbda56197f0fa3a50b
13,13,NID5-V1-000067,0,NID Information Correction,NID5-PF-FINAL-0067,LATIN_SCRIPT_DOMINANT,LONG,ae5b1e0bd022da248378ca19cc318d24911c188f22096a9e73887985581b99b9
14,14,NID5-V1-000073,0,NID Information Correction,NID5-PF-FINAL-0072,LATIN_SCRIPT_DOMINANT,SHORT,f4b8089fd7512e88e835f522c4bfeebb0d9c4bc6cde77c899519e9daafaddde0
15,15,NID5-V1-000264,0,NID Information Correction,NID5-PF-FINAL-0252,LATIN_SCRIPT_DOMINANT,MEDIUM,fc241d800cd2e3a796d6e10a6783772b22eab4da555a030c6500f423c6149685
16,16,NID5-V1-000079,0,NID Information Correction,NID5-PF-FINAL-0078,LATIN_SCRIPT_DOMINANT,LONG,dcec9b8a1030536bd6c8dbf07315e09afdd6086e39cb339d6dd8c17e50a375f4
17,17,NID5-V1-000247,0,NID Information Correction,NID5-PF-FINAL-0237,LATIN_SCRIPT_DOMINANT,SHORT,f8afadd68ec85ea2b969a9c9b42118ca885fa3329f21498b9f61f74c1208f877
18,18,NID5-V1-000174,0,NID Information Correction,NID5-PF-FINAL-0167,LATIN_SCRIPT_DOMINANT,LONG,fe2f363cfb519eb236f8e6506e50bfafed5cac0c9e8cc75f4feed268100cf9b0
19,1,NID5-V1-000646,1,New NID Registration,NID5-PF-FINAL-0631,LATIN_SCRIPT_DOMINANT,MEDIUM,61ec7bedcd520459ff5f8e6949d659039387f91b0e587e2d333df8822996165a
20,2,NID5-V1-000281,1,New NID Registration,NID5-PF-FINAL-0269,LATIN_SCRIPT_DOMINANT,LONG,3aa7f30fdb4d15aabc63f2bd9d49657dad5e3a8b07fbf31454161e3a185bd70c
21,3,NID5-V1-000507,1,New NID Registration,NID5-PF-FINAL-0494,MIXED_SCRIPT,SHORT,48046695bff2b3d3b851008a8c9dccc82598d2c1b24374a7b049ded43460ad23
22,4,NID5-V1-000348,1,New NID Registration,NID5-PF-FINAL-0336,MIXED_SCRIPT,MEDIUM,39c6fcee38750501a6bad18c23f26b35a3f8f661bda7543b3d12a8f2014f2015
23,5,NID5-V1-000324,1,New NID Registration,NID5-PF-FINAL-0312,MIXED_SCRIPT,LONG,365fb0083d9b1c99c90cc912585c1e3912cbf9e94a7afefde470ee29d0346c6d
24,6,NID5-V1-000322,1,New NID Registration,NID5-PF-FINAL-0310,BENGALI_SCRIPT_DOMINANT,MEDIUM,e9208be125db1c4e620c4752f13a9f4cb585a6d9051640ecbbb5039770248deb
25,7,NID5-V1-000300,1,New NID Registration,NID5-PF-FINAL-0288,LATIN_SCRIPT_DOMINANT,SHORT,84f882eddb4c8a12741a8bd70368b8899360307b569f7b93ed1a9114ef8a17c9
26,8,NID5-V1-000285,1,New NID Registration,NID5-PF-FINAL-0273,LATIN_SCRIPT_DOMINANT,MEDIUM,98babafa6906051022b98ade2967e2461212f476d3f17dcd9c00593e21bf3c3c
27,9,NID5-V1-000664,1,New NID Registration,NID5-PF-FINAL-0649,LATIN_SCRIPT_DOMINANT,LONG,403e5404f4f296a3deadc084350b69f6006229e2055a02bd62991c2ed437ae1a
28,10,NID5-V1-000506,1,New NID Registration,NID5-PF-FINAL-0493,MIXED_SCRIPT,SHORT,58520c95751dd4c068dbcaa8d5cfe36c2efa5a86d50ed9569f86018f5e057a4d
29,11,NID5-V1-000577,1,New NID Registration,NID5-PF-FINAL-0563,MIXED_SCRIPT,MEDIUM,5db344e51fc90d4f119973c098b703933d0de99c0956923337bfb2317230f1aa
30,12,NID5-V1-000373,1,New NID Registration,NID5-PF-FINAL-0361,MIXED_SCRIPT,LONG,817198622642de31c73542d57143d1c463fd037bb9109a5a2f6a86b2b0e3ad33
31,13,NID5-V1-000352,1,New NID Registration,NID5-PF-FINAL-0340,LATIN_SCRIPT_DOMINANT,SHORT,8decc4aebbb1cd9b161daf2c546fe0d777f692820f606d2094492682eb862ce8
32,14,NID5-V1-000630,1,New NID Registration,NID5-PF-FINAL-0615,LATIN_SCRIPT_DOMINANT,MEDIUM,ae8128b4f266b343614532d36fe45d80b14fbc511ae9091cd29c0f1d4988c3f9
33,15,NID5-V1-000465,1,New NID Registration,NID5-PF-FINAL-0453,LATIN_SCRIPT_DOMINANT,LONG,4601a3b242e041e7a0a652161519bb92d1642f67feb885fbc218da03dca1ba57
34,16,NID5-V1-000589,1,New NID Registration,NID5-PF-FINAL-0575,MIXED_SCRIPT,SHORT,95b4d374b06572466041facd792d0530785e7b8c0bbc5686d84c5a6ac32a034c
35,17,NID5-V1-000508,1,New NID Registration,NID5-PF-FINAL-0495,MIXED_SCRIPT,MEDIUM,885d597161f0eb2afe2377faf09dde2bd3abc5ac142ef59557250646754a9367
36,18,NID5-V1-000446,1,New NID Registration,NID5-PF-FINAL-0434,MIXED_SCRIPT,LONG,89178b9d28c4ba894ff4d7b48b4f82e40cdbf90133d4e9891b303f83d15c228d
37,19,NID5-V1-000533,1,New NID Registration,NID5-PF-FINAL-0520,LATIN_SCRIPT_DOMINANT,SHORT,8e1ca852421f5b423d2b825acc88be91ae64d5fbd9a609ce3f5e1a444ba55662
38,20,NID5-V1-000549,1,New NID Registration,NID5-PF-FINAL-0535,LATIN_SCRIPT_DOMINANT,MEDIUM,af5cb94ec33d8f5e0fcf37ced23d379389f740b73effa5c563c6b11cc9181f24
39,21,NID5-V1-000550,1,New NID Registration,NID5-PF-FINAL-0536,LATIN_SCRIPT_DOMINANT,LONG,557c7c2ecfebc3184305c821c28e3e3f4322dab7f536015c26b38a986c0309af
40,22,NID5-V1-000343,1,New NID Registration,NID5-PF-FINAL-0331,MIXED_SCRIPT,SHORT,9b389dfdbedfcd1246a22eef5797cb09c39b4891042bec74d149fb107943fd21
41,23,NID5-V1-000526,1,New NID Registration,NID5-PF-FINAL-0513,MIXED_SCRIPT,MEDIUM,8e2b3e3cea2731291fc4d362741ad82cfc074c1af30c262575800cc4cfeb3e6f
42,24,NID5-V1-000331,1,New NID Registration,NID5-PF-FINAL-0319,MIXED_SCRIPT,LONG,aacce520b75d2abc8e31282114ae124facce7e7591c2325d070226dce42c66a0
43,25,NID5-V1-000500,1,New NID Registration,NID5-PF-FINAL-0487,LATIN_SCRIPT_DOMINANT,SHORT,9aa026072db064a94f08070b052caf21b1932626b7af30ebbdd36c9dc4a6282e
44,26,NID5-V1-000501,1,New NID Registration,NID5-PF-FINAL-0488,LATIN_SCRIPT_DOMINANT,MEDIUM,b686c117f995f46a5f11eef8f30c912bdb4ef8a738bb54666903f7f90c4e0d3b
45,27,NID5-V1-000269,1,New NID Registration,NID5-PF-FINAL-0257,LATIN_SCRIPT_DOMINANT,LONG,6cf698d5f9bb240d7c64ff188b28347d9ae0f0833b7fddffc444413801be73b4
46,28,NID5-V1-000408,1,New NID Registration,NID5-PF-FINAL-0396,MIXED_SCRIPT,SHORT,a5b82d6519a1a7d839facc482ab793013cd531a3d9cdf83d7120aaad07bc1f72
47,29,NID5-V1-000346,1,New NID Registration,NID5-PF-FINAL-0334,MIXED_SCRIPT,MEDIUM,b2fb948e94a6b5a2e16dac6207cf26ac1740be3bf97db3fcba6705c20b41cbbc
48,30,NID5-V1-000687,1,New NID Registration,NID5-PF-FINAL-0671,MIXED_SCRIPT,LONG,b804281dcd48eb1af2b4811613252b528a8b64a195690ac2080ebec90766845c
49,31,NID5-V1-000334,1,New NID Registration,NID5-PF-FINAL-0322,LATIN_SCRIPT_DOMINANT,SHORT,9fa8746bcc598c2ad6d441ed267ac4a3f59c066c07ccb48bf7cd5842bd132b3d
50,32,NID5-V1-000551,1,New NID Registration,NID5-PF-FINAL-0537,LATIN_SCRIPT_DOMINANT,MEDIUM,c32b8369eab24be0492c1ea8679c57fdcf1b7f231de702a3a6a60a4c63bd769d
51,33,NID5-V1-000618,1,New NID Registration,NID5-PF-FINAL-0603,LATIN_SCRIPT_DOMINANT,LONG,a09cb3bc59da10269fcc4dce59e1bcc2bbf3d7e36d73e1b955d5ab4df4e23698
52,34,NID5-V1-000574,1,New NID Registration,NID5-PF-FINAL-0560,MIXED_SCRIPT,SHORT,b45068b0342cf3f6c23a187337da994fe592ad022babe737e236ae052c625922
53,35,NID5-V1-000276,1,New NID Registration,NID5-PF-FINAL-0264,MIXED_SCRIPT,MEDIUM,ba73da1e0be8a03a0d33aae3999cadd23db90d8bc4efe7e97d5ffe0f22820ca4
54,36,NID5-V1-000458,1,New NID Registration,NID5-PF-FINAL-0446,MIXED_SCRIPT,LONG,be660e932dead74e1508674c822c1077901a474f8e41d67cd1ab75730dd3dd33
55,37,NID5-V1-000385,1,New NID Registration,NID5-PF-FINAL-0373,LATIN_SCRIPT_DOMINANT,SHORT,acd79f367bbb25d11f0315ccdf234983a064985099f642acbf4c12709c72a78d
56,38,NID5-V1-000584,1,New NID Registration,NID5-PF-FINAL-0570,LATIN_SCRIPT_DOMINANT,MEDIUM,c644fdb6c94dc493ea82cb7b8b4c52d2ad93a522e33234d7fe98acda12ca4f94
57,39,NID5-V1-000643,1,New NID Registration,NID5-PF-FINAL-0628,LATIN_SCRIPT_DOMINANT,LONG,c81ebb4ae2a4f8ebac7d8c9e8193b884c3d5563f21fc38d774f90a27c30c6d29
58,40,NID5-V1-000478,1,New NID Registration,NID5-PF-FINAL-0465,MIXED_SCRIPT,SHORT,dc545e376e7b25e35a56cf7ec85005d929bde2810be0caa8dcf3073a1da1a9d4
59,41,NID5-V1-000510,1,New NID Registration,NID5-PF-FINAL-0497,MIXED_SCRIPT,LONG,ea963b9dd7693a8a6f68be18a8c3572729dfc5368e0118a0be733b41c97d9e1e
60,42,NID5-V1-000535,1,New NID Registration,NID5-PF-FINAL-0522,LATIN_SCRIPT_DOMINANT,SHORT,b363d11e237758985b0832f1c556d0d3b28fc2223ee8a346baa0eb7884aaa935
61,43,NID5-V1-000662,1,New NID Registration,NID5-PF-FINAL-0647,LATIN_SCRIPT_DOMINANT,MEDIUM,d5f79838d424126c8090ad66bdbe66433605eccb991885dd5ad1753f7662add7
62,44,NID5-V1-000336,1,New NID Registration,NID5-PF-FINAL-0324,LATIN_SCRIPT_DOMINANT,LONG,fee2c6734fbf560be6e8210bd92114efaed8d3a045d3ddc937270a652cf5688c
63,45,NID5-V1-000326,1,New NID Registration,NID5-PF-FINAL-0314,MIXED_SCRIPT,LONG,f47d30b0071cdea80b717ccf8593c4c513d1720afde1031a0c9efbc7595707c0
64,1,NID5-V1-000879,2,Lost/Stolen NID,NID5-PF-FINAL-0859,LATIN_SCRIPT_DOMINANT,SHORT,3afb4c21684ebfc71c82a5a8c29cae393d6407ba006d26b8bbca9145e54839de
65,2,NID5-V1-000842,2,Lost/Stolen NID,NID5-PF-FINAL-0823,LATIN_SCRIPT_DOMINANT,MEDIUM,8a506700c039ea7c3078c176dd6d3d3ec9b96678a68efa320f0eed91ec70efe6
66,3,NID5-V1-000923,2,Lost/Stolen NID,NID5-PF-FINAL-0902,LATIN_SCRIPT_DOMINANT,LONG,da8123446e112f3ae5dc3be43f026fc5c3a250d174b14198fbed09abee79bd4b
67,4,NID5-V1-000845,2,Lost/Stolen NID,NID5-PF-FINAL-0826,MIXED_SCRIPT,LONG,b85ca1c490eb288306b7c806d06f37250829293d2b47232be173af2b321c045b
68,5,NID5-V1-000786,2,Lost/Stolen NID,NID5-PF-FINAL-0769,LATIN_SCRIPT_DOMINANT,SHORT,3eda766de7edca3278a979d28ac25a42984cc01da1d981aafb74176a8818383f
69,6,NID5-V1-000891,2,Lost/Stolen NID,NID5-PF-FINAL-0871,LATIN_SCRIPT_DOMINANT,MEDIUM,dc74668a948a84a96c4e0166df9ac7865b7379296172ed128d7e6387410d047d
70,7,NID5-V1-000722,2,Lost/Stolen NID,NID5-PF-FINAL-0706,MIXED_SCRIPT,LONG,e447f689ad4886a1d892c97e717a0e0f42cc089fff19007adb4edc02bdcfcf51
71,8,NID5-V1-000806,2,Lost/Stolen NID,NID5-PF-FINAL-0789,LATIN_SCRIPT_DOMINANT,SHORT,5596b1b9068113a79b1ec3a77038b6bbdc0967765aa82c6d949cc99902b5032c
72,9,NID5-V1-000748,2,Lost/Stolen NID,NID5-PF-FINAL-0731,LATIN_SCRIPT_DOMINANT,MEDIUM,ec17de0d8af45639d0ebe4baeb99aafe348c80c4db222d30f8c9061c199b7497
73,10,NID5-V1-000943,2,Lost/Stolen NID,NID5-PF-FINAL-0921,LATIN_SCRIPT_DOMINANT,SHORT,651f268f9e4c4dfddf4829ad7dd9c1502bfedad789aaab9c839a42cc5829ba63
74,11,NID5-V1-000904,2,Lost/Stolen NID,NID5-PF-FINAL-0883,LATIN_SCRIPT_DOMINANT,MEDIUM,fc33411cb6d517095d1a97362095cf0086a0f10f9115075dc5cc899105d3a586
75,12,NID5-V1-000821,2,Lost/Stolen NID,NID5-PF-FINAL-0804,LATIN_SCRIPT_DOMINANT,SHORT,b3c639eba7b50a4874bc85bbc045d5e41903960118a099be1afa1cc740369432
76,13,NID5-V1-000747,2,Lost/Stolen NID,NID5-PF-FINAL-0730,LATIN_SCRIPT_DOMINANT,SHORT,c86a4cfa202a4617a84d973ff21893c80e55df7f1650ccbab47d265a47ea3e7f
77,14,NID5-V1-000822,2,Lost/Stolen NID,NID5-PF-FINAL-0805,LATIN_SCRIPT_DOMINANT,SHORT,e921658dbece58452af14ac381203344c9522dbe85835f6dfaa0b9caaa5bc293
78,1,NID5-V1-001230,3,NID Online Problem,NID5-PF-FINAL-1198,LATIN_SCRIPT_DOMINANT,MEDIUM,7f6325adfcae05007549fd0b25e8965d232fd4044d2777b05947c97b42c85856
79,2,NID5-V1-001005,3,NID Online Problem,NID5-PF-FINAL-0981,LATIN_SCRIPT_DOMINANT,LONG,a96fd47a08077124e5e65d75fd6e6016523df146338e6b517d664a50d2cbb57a
80,3,NID5-V1-000954,3,NID Online Problem,NID5-PF-FINAL-0932,MIXED_SCRIPT,SHORT,9b7af725e457d80140ad15dad4ea5d7f708afb227b463b26d2223a72b4c7d072
81,4,NID5-V1-001219,3,NID Online Problem,NID5-PF-FINAL-1187,MIXED_SCRIPT,MEDIUM,b5b48e818bf7e8d26befc09fdeb1f0d8dcf783e81dce3ae91e9ef649d90b2e11
82,5,NID5-V1-001047,3,NID Online Problem,NID5-PF-FINAL-1022,MIXED_SCRIPT,LONG,abc805741fb5f44c69103284039af182626f517482de9f8b72c095a2e750965f
83,6,NID5-V1-001124,3,NID Online Problem,NID5-PF-FINAL-1095,LATIN_SCRIPT_DOMINANT,SHORT,5b7ad1a154a642b5bba3e8589b500f1df87e307938a4f51a22f115c9176033db
84,7,NID5-V1-000985,3,NID Online Problem,NID5-PF-FINAL-0962,LATIN_SCRIPT_DOMINANT,MEDIUM,84dc229205e3ea9e68251426b1ddd388802585a91b14919a01dad92e2ce2a110
85,8,NID5-V1-000967,3,NID Online Problem,NID5-PF-FINAL-0945,LATIN_SCRIPT_DOMINANT,LONG,bb98bdeba80a8ad2a5e5d754075dd7ef7bbbb653aebfc22e6bce8d66b9a418df
86,9,NID5-V1-001096,3,NID Online Problem,NID5-PF-FINAL-1068,MIXED_SCRIPT,SHORT,cd906571c3b354721a60b391988e72646b016f5623bdcbde4308dd42972209a2
87,10,NID5-V1-001079,3,NID Online Problem,NID5-PF-FINAL-1052,MIXED_SCRIPT,MEDIUM,f95ddd01bd65df747830356f2cb61e18d4a590824403edd8143d5eb8fbba9a9f
88,11,NID5-V1-000961,3,NID Online Problem,NID5-PF-FINAL-0939,MIXED_SCRIPT,LONG,d6dbae8d8b0a9c509912990ca679e90377321f96a5f6268c8f014b1f8d4125e1
89,12,NID5-V1-001126,3,NID Online Problem,NID5-PF-FINAL-1097,LATIN_SCRIPT_DOMINANT,SHORT,6750e600077205db3423be811d95bef1a4ccfb79561a2ae4abbf6b542b8194ef
90,13,NID5-V1-001018,3,NID Online Problem,NID5-PF-FINAL-0994,LATIN_SCRIPT_DOMINANT,MEDIUM,8c40e62e6aa4c88a6105d02b607060b05a4581b8d391fcb93e3cf13c996c870f
91,14,NID5-V1-000986,3,NID Online Problem,NID5-PF-FINAL-0963,LATIN_SCRIPT_DOMINANT,LONG,f34c808effe1c162e9a5ec80bee6195970ea7ff66ddaf6f5ccab687df63ba6a6
92,15,NID5-V1-000976,3,NID Online Problem,NID5-PF-FINAL-0953,MIXED_SCRIPT,LONG,dadaa9ae72590e36a4f6337ce4398bf93680c32ac9969689cda4f8522de82a0e
93,16,NID5-V1-001117,3,NID Online Problem,NID5-PF-FINAL-1088,LATIN_SCRIPT_DOMINANT,SHORT,c48c8df43f58e4297386f37531a1be9a1cb2487488e80b24943eab8b4a39ee13
94,17,NID5-V1-001144,3,NID Online Problem,NID5-PF-FINAL-1115,LATIN_SCRIPT_DOMINANT,MEDIUM,a2688682d67d59504a0e1debbbd042a8f47d49bcc0812a24c79969b28e339657
95,18,NID5-V1-001139,3,NID Online Problem,NID5-PF-FINAL-1110,MIXED_SCRIPT,LONG,e7db75a5abc6ed8cd15a3a376a0b3a6e9a8b7975193e14141a0b0138763c7c21
96,19,NID5-V1-001054,3,NID Online Problem,NID5-PF-FINAL-1029,LATIN_SCRIPT_DOMINANT,SHORT,c8922df7a66c18f11211ea7bdd2181fb60575e01ca81af0694c74594f18bd45c
97,20,NID5-V1-000987,3,NID Online Problem,NID5-PF-FINAL-0964,LATIN_SCRIPT_DOMINANT,MEDIUM,a5f8fb60a49680df295ee5a9a0c4308a1e7283170f763050d353ed45bfaac878
98,21,NID5-V1-000957,3,NID Online Problem,NID5-PF-FINAL-0935,MIXED_SCRIPT,LONG,ffb7255bd021380a0acb7a22888ac1791c77492fc4048fd8d3aea0dc405e6e1a
99,22,NID5-V1-001179,3,NID Online Problem,NID5-PF-FINAL-1150,LATIN_SCRIPT_DOMINANT,SHORT,e4954c2d5d92415e59ac8992f2e2bc60c1ff513a522ed56af8e57c1ed7caadb9
100,23,NID5-V1-001002,3,NID Online Problem,NID5-PF-FINAL-0978,LATIN_SCRIPT_DOMINANT,MEDIUM,c4d8b532b633e9e069ca4d747b3b155d34bc5f0292439462d43323fa65131b6d
101,24,NID5-V1-001132,3,NID Online Problem,NID5-PF-FINAL-1103,LATIN_SCRIPT_DOMINANT,MEDIUM,d35e2173f2397a39e66eb0d4957e8583c6ee11719a84b89b2df679d0db89a9bc
102,1,NID5-V1-001325,4,Smart ID Card,NID5-PF-FINAL-1291,LATIN_SCRIPT_DOMINANT,MEDIUM,75c3b14e52f7baf1da82f036a1abd10f358c3af86d42d2387f5502a742b0acd3
103,2,NID5-V1-001407,4,Smart ID Card,NID5-PF-FINAL-1368,MIXED_SCRIPT,SHORT,d39817e750eac5fee6c12ebabfdfa63ef93552be36bcf5e46309a7ae7588ece5
104,3,NID5-V1-001316,4,Smart ID Card,NID5-PF-FINAL-1282,MIXED_SCRIPT,LONG,752f28ca19ef0863b45c8b4f729d3e05c33ba451246ac6603fbc3d353e573823
105,4,NID5-V1-001302,4,Smart ID Card,NID5-PF-FINAL-1268,LATIN_SCRIPT_DOMINANT,MEDIUM,c7843799b0f02289677b25d93e9080c5f5641aea63dc91ac3f3e31d8b246bf20
106,5,NID5-V1-001385,4,Smart ID Card,NID5-PF-FINAL-1348,MIXED_SCRIPT,SHORT,e31655cda9ebef7711879490d3aba479f1d405820590b4cd091ab08a704bf52e
107,6,NID5-V1-001261,4,Smart ID Card,NID5-PF-FINAL-1229,MIXED_SCRIPT,LONG,a61b74f4de4da074c69b2b20fecee8b1564cd3e02bdd97e89fb68b847e336ebd
108,7,NID5-V1-001301,4,Smart ID Card,NID5-PF-FINAL-1267,LATIN_SCRIPT_DOMINANT,MEDIUM,ce531543ac0a645b33272384fa8cacfdc44110c3862dffaf5ebde57aeff2f185
109,8,NID5-V1-001258,4,Smart ID Card,NID5-PF-FINAL-1226,MIXED_SCRIPT,SHORT,f31305c1dde27729e7582d076cce34e1d6bdcb4811f8b1a1829f59d65097eb4f
