candidate,path,format,modified_utc,rows_total,rows_nid,columns,query_field,label_field,unique_labels,missing_cells,exact_duplicate_rows,duplicate_query_texts,sheet_names,sha256,evidence_of_use,verdict
Historical NID source (original),"G:\My Drive\NID Query Datasheet.gsheet",Google Sheets,2026-09-25,1454,1454,15,text,problem,5,0,0,7,Sheet1,6de6ba4f342602b99254b97ad830161405baf817eb38cadee2a56980fc5e7faa,"Five labels match taxonomy/nid.yaml source_dataset_mapping; direct CSV has 13 named plus 2 unnamed columns; no repository loader or training record points to the Sheet",LIKELY historical source; baseline use unverified
Historical NID source (copy),"G:\My Drive\Copy of NID Query Datasheet.gsheet",Google Sheets,2026-09-10,1454,1454,15,text,problem,5,0,0,7,Sheet1,6de6ba4f342602b99254b97ad830161405baf817eb38cadee2a56980fc5e7faa,"Byte-identical CSV export; direct CSV has 13 named plus 2 unnamed columns; no repository loader or training record points to the Sheet",DUPLICATE historical source candidate
Current NID canonical,data/processed/nid_canonical_v0_1.csv,CSV,2026-09-19T05:44:37.562322+00:00,876,876,16,text,query_topic_id,73,876,0,0,,b559549980a0b7e95e74c3c89d96133a35bb452f6559132ecef1f08a12222827,"Created by build_nid_core() and included in the current six-service canonical corpus",CONFIRMED current synthetic NID corpus
NID migration review,data/processed/nid_migration_review.csv,CSV,2026-09-19T05:44:37.562322+00:00,0,0,20,text,query_topic_id,0,0,0,0,,2c0823202f2c40a3429fd973d8f56880ff3633109a76c8a6b5e2339a341efead,"Builder emitted a schema-only file because the historical source was absent from the repository",CONFIRMED empty migration artifact
Six-service canonical,data/processed/all_services_canonical_v0_1.csv,CSV,2026-09-19T05:44:37.342432+00:00,3168,876,16,text,query_topic_id,73,3168,0,0,,c14fa9975224ae0fd31021ac3feee9ce55d50c355e2a455188587ff59f1bc2b7,"Direct input to deterministic family split generation",CONFIRMED current canonical source
Stored train split,data/splits/train.csv,CSV,2026-09-19T05:44:38.232849+00:00,1584,438,16,text,query_topic_id,73,1584,0,0,,507d2edfffa55d8828ea58bdb006f2267e3cf5666f6c22245a0876df56865281,"Default --train-file in src/models/train_classifier.py",CONFIRMED original training split
Stored dev split,data/splits/dev.csv,CSV,2026-09-19T05:44:38.002581+00:00,792,219,16,text,query_topic_id,73,792,0,0,,52eaf999eff4fa6939668a43fe0a9aaa4923e78653f722ecf147071c362e87b7,"Hard-coded development input in src/models/train_classifier.py and evaluation scripts",CONFIRMED development split
Stored test split,data/splits/test.csv,CSV,2026-09-19T05:44:38.172836+00:00,792,219,16,text,query_topic_id,73,792,0,0,,89fec303c4ebdf5269edffc60f44f5a8cf2154dc18d61cef7996690b4a5110af,"Frozen held-out six-service test artifact",CONFIRMED current test split
Unfiltered NLU augmentation,data/splits/train_nlu_augmented.csv,CSV,2026-09-19T13:05:42.512450+00:00,3696,1022,16,text,query_topic_id,73,3696,0,0,,38c050bf22427564c0fb6c7b7d61141fd3ccb233ef45f84d0f83d52f0d3d6205,"Untracked augmentation output referenced by data/evaluation/nlu_augmentation_report.json",GENERATED untracked training candidate
Filtered NLU augmentation,data/splits/train_nlu_augmented_filtered.csv,CSV,2026-09-19T20:33:35.611353+00:00,3168,876,16,text,query_topic_id,73,3168,0,0,,9bf34ce3b7c5c95f82b00ff8602525602f15fe6645c7671a8c34d9cf5c57a3e2,"Tracked post-augmentation training file introduced with later hierarchical NLU work",CONFIRMED generated training variant
Tax/Driving repair training set,data/splits/train_tax_dl_repair.csv,CSV,2026-09-19T20:33:36.214882+00:00,1780,438,16,text,query_topic_id,73,1780,0,0,,65d0844efe29e865ac2b71534d4b4443b17dbeb5a5a7c5a914cbf2cdbc6af819,"Tracked targeted-repair training file; NID rows equal the original train NID subset",CONFIRMED targeted training variant
