artifact_id,relative_path,artifact_type,size_bytes,sha256,phase_task,git_tracked,contains_raw_text,contains_sensitive_values,notes
P0-A001,research/phase0/repository_inventory.md,DOCUMENTATION,7160,6c0c6418322c369087bd01e5b937db4c23c88c67819443cd6a3923b1c0f968f1,TASK1,true,false,false,Repository discovery inventory
P0-A002,research/phase0/dataset_candidates.csv,METADATA_CSV,3834,df0639cc3a417d46a173f0c3f540e8abe20ede209c6fe6f23901868c1a395832,TASK1,true,false,false,Candidate dataset ledger without source rows
P0-A003,research/phase0/dataset_audit.json,METADATA_JSON,5393,8bd732efe3a63a588bf362b1ea33c1f41acfddecb620d972c6180bab9ad78a49,TASK1,true,false,false,Dataset audit metadata
P0-A004,research/phase0/baseline_provenance.md,DOCUMENTATION,5133,781f67cb51535087531cd9f0d9b5747ee78b84b68de870d9acf34230285563b1,TASK1,true,false,false,Historical baseline provenance audit
P0-A005,research/phase0/phase0_task1_summary.json,METADATA_JSON,2473,4bbbd418c440e85090044a161ccccd66ee6b2accd47d05e66fa742da115be56b,TASK1,true,false,false,Task 1 machine-readable summary
P0-A006,research/phase0/pii_screen_summary.json,METADATA_JSON,1573,87412c07c481230327cfafd99489d9655bf78c60a96673f4d997066d8f840bc6,TASK2_TASK4,true,false,false,Aggregate-only heuristic screen and unnamed-column review
P0-A007,research/phase0/nid_5class_preprocessing_v1.yaml,PROTOCOL_CONFIG,792,ceefc827b6ce71428b3a5d83a57f30b99b2c56346d41fa29748d3ba05ecc7d9a,TASK2,true,false,false,Frozen minimal normalization
P0-A008,research/phase0/nid_5class_labels_v1.json,LABEL_CONTRACT,967,ce54be5d44b78b1d1233a438f051089c9c86fe41f47f50bd637f9b8d083216fc,TASK2,true,false,false,Five-label ID and count freeze
P0-A009,research/phase0/nid_5class_split_manifest_v1.csv,SPLIT_MANIFEST,361714,4d6356191e1813e9f1ec6345614d2e0a003d134a26521bc7a702ce8a72ef11f1,TASK2,true,false,false,Text-free sample and split manifest
P0-A010,research/phase0/nid_5class_split_summary_v1.json,METADATA_JSON,1278,684737daf9f420cbc51e6b3aaa1141461cec0b138683cde33391ea02797fffb9,TASK2,true,false,false,Split counts and leakage summary
P0-A011,research/phase0/nid_5class_evaluation_contract_v1.md,PROTOCOL_DOCUMENT,1285,1ac778f333d52982e94b523eb262ac5b07588e8e6f671b2567686fccf7362b00,TASK2,true,false,false,Canonical IID evaluation contract
P0-A012,research/phase0/nid_5class_source_manifest_v1.json,SOURCE_MANIFEST,2745,fd8ba50010646d04b6abe8e2327612d9d466956e189af4b74e10015dde134986,TASK2_TASK4,true,false,false,External source identity hashes and aggregate metadata
P0-A013,research/phase0/freeze_nid_5class.py,REPRODUCIBILITY_CODE,27918,20a80667ad4b5ba7ed6688d41eec415fee00bfa4d8ed83c033754c25b838f78e,TASK2_TASK4,true,false,false,Portable source and split freeze utility
P0-A014,research/phase0/PHASE0_TASK2_SOURCE_FREEZE.md,DOCUMENTATION,4501,b303076140aa2744a05707bbde7525a5d74e83200f3766b3aec9d862dbbec06b,TASK2_TASK4,true,false,false,Source freeze report with corrected external path
P0-A015,research/phase0/nid_5class_baseline_tfidf_logreg_v1.yaml,MODEL_CONFIG,809,a7546377637df41f5ebe353a717ccd6a9b779197ab3829e7c726aa51a773c315,TASK3,true,false,false,Fixed baseline specification
P0-A016,research/phase0/run_nid_5class_baseline.py,REPRODUCIBILITY_CODE,19972,1f08ca3fdf9c43e10a67a43580f2133abb703e15ed9344e1b9b9a92d16bdeb53,TASK3_TASK4,true,false,false,TRAIN-only baseline runner with external source default
P0-A017,research/phase0/test_nid_5class_baseline.py,TEST_CODE,3042,463079643646ebda32002a40346ab6c8b3e762b1406fb415b5fe41222073f159,TASK3_TASK4,true,false,false,Small deterministic and schema tests
P0-A018,research/phase0/results/tfidf_logreg_v1_dev_metrics.json,RESULT_JSON,1648,5798dde94496993889c02d891869e311f6c856f5a97b13bbc9586d5c5600a3bb,TASK3,true,false,false,Frozen DEV metrics
P0-A019,research/phase0/results/tfidf_logreg_v1_dev_predictions.csv,PREDICTION_CSV,14106,ca8f5181b71ff77fbd0fdcefb13611e3ad20636ccfbe7e2d94eec54170e96e38,TASK3,true,false,false,Text-free DEV predictions
P0-A020,research/phase0/results/tfidf_logreg_v1_dev_confusion_matrix.csv,RESULT_CSV,139,b066bd9e067af2eb57eb00b2c6cd923a556e5a5bca3c6b5379970d909db3bc33,TASK3,true,false,false,DEV 5x5 confusion matrix
P0-A021,research/phase0/results/tfidf_logreg_v1_test_metrics.json,RESULT_JSON,1638,792991ad653a59ad4bdaef9a9b8e58d0931c5cde984f25e117fdce3499059939,TASK3,true,false,false,Frozen single-run TEST metrics
P0-A022,research/phase0/results/tfidf_logreg_v1_test_predictions.csv,PREDICTION_CSV,14019,7b50f750ef85b85855f76c19373677630f48d5178559656dfd1786875b0257ec,TASK3,true,false,false,Text-free TEST predictions
P0-A023,research/phase0/results/tfidf_logreg_v1_test_confusion_matrix.csv,RESULT_CSV,139,0fe19c839cf06a5e66cc0617a2fbe57107ac212ad2dd4764706ed167cd05b769,TASK3,true,false,false,TEST 5x5 confusion matrix
P0-A024,research/phase0/results/tfidf_logreg_v1_run.json,RUN_METADATA,1456,83e9ef3a8c6dfbee7d0316a048ebdac2a475f9411d5f90bd8c8cdea41303a411,TASK3,true,false,false,Package versions runtime and one-TEST record
P0-A025,research/phase0/results/tfidf_logreg_v1_error_summary.json,RESULT_JSON,3721,bdf87c50745a65d9be2945b9001a9510c8a06dca07da18c5c15ea51eda9502c9,TASK3,true,false,false,Aggregate errors without query text
P0-A026,research/phase0/PHASE0_TASK3_BASELINE_RESULT.md,DOCUMENTATION,4601,4942e5c34a723ad766258d77b42ef28fa6e0d5ccfe3beafbb8d027c1fd0f41fb,TASK3_TASK4,true,false,false,Baseline report with corrected private-source location
P0-A027,research/phase0/verify_phase0_freeze.py,VERIFICATION_CODE,8449,6facfd31aedb031b185731646a75f19544ad508dc5eaf919b47fc8c48449d15e,TASK4,true,false,false,Verification only and no model execution
P0-A028,research/phase0/phase0_final_summary.json,FINAL_SUMMARY,2383,d244c7fa0fb8cd8b7aeb35f1a0f4d7b905e96f50373a4e4730a22917bb471ae2,TASK4,true,false,false,Canonical Phase 0 machine-readable closure
P0-A029,research/phase0/PHASE0_REPRODUCIBILITY_FREEZE.md,FINAL_REPORT,5279,755b9a77f3498be997831afd83e465e358f004f9246d288fa6b725a3ffc28467,TASK4,true,false,false,Canonical Phase 0 closure report
P0-A030,research/phase0/README.md,INDEX_DOCUMENT,678,a1ac3780172f940e6cb46448ca79e12d137617fb56bc010eabc2766ce4d209d1,TASK4,true,false,false,Researcher entry index
P0-X001,D:\Files\Academic\4-1\NLP\NLP Project\NLP_Project-_private\phase0\nid_5class_source_v1.csv,EXTERNAL_PRIVATE,251432,6de6ba4f342602b99254b97ad830161405baf817eb38cadee2a56980fc5e7faa,TASK2_TASK4,false,true,true,Private raw source outside Git and requiring owner review before release
